created_week_ist,channel,site,team,tier,shift,agent_id,name,ticket_count,breached_tickets,average_response_minutes,median_response_minutes,sla_target_minutes,sla_breach_rate_pct,sla_met_rate_pct
2025-W01,chat,Bengaluru,Billing,1.0,Day,A3034,Thomas Patel,1,0,5.0,5.0,15,0.0,100.0
2025-W01,chat,Bengaluru,Chat Frontline,1.0,Day,A3004,Krishna Naidu,1,0,6.0,6.0,15,0.0,100.0
2025-W01,chat,Bengaluru,Chat Frontline,1.0,Day,A3006,Lakshmi Reddy,1,0,9.0,9.0,15,0.0,100.0
2025-W01,chat,Bengaluru,Escalations & Warranty,2.0,Day,A3042,Steven Chopra,1,0,4.0,4.0,15,0.0,100.0
2025-W01,chat,Bengaluru,Escalations & Warranty,2.0,Morning,A3039,Riya Gaikwad,1,0,4.0,4.0,15,0.0,100.0
2025-W01,chat,Bengaluru,Escalations & Warranty,2.0,Morning,A3043,Rohit Jain,1,0,8.0,8.0,15,0.0,100.0
2025-W01,chat,Bengaluru,Logistics,1.0,Day,A3029,Rajat Iyer,1,0,7.0,7.0,15,0.0,100.0
2025-W01,chat,Bengaluru,Logistics,1.0,Morning,A3031,Om Malhotra,1,0,5.0,5.0,15,0.0,100.0
2025-W01,chat,Bengaluru,Returns Desk,1.0,Morning,A3037,Rahul Sen,2,0,11.0,11.0,15,0.0,100.0
2025-W01,chat,Indore,Billing,1.0,Morning,A3032,Aadhya Sheikh,1,0,5.0,5.0,15,0.0,100.0
2025-W01,chat,Indore,Chat Frontline,1.0,Morning,A3010,Neha Chatterjee,1,0,2.0,2.0,15,0.0,100.0
2025-W01,chat,Indore,Email Frontline,1.0,Night,A3016,Deepak Jadhav,1,0,4.0,4.0,15,0.0,100.0
2025-W01,email,Bengaluru,Billing,1.0,Morning,A3033,Amit Kulkarni,1,0,111.0,111.0,480,0.0,100.0
2025-W01,email,Bengaluru,Email Frontline,1.0,Day,A3022,Steven Tiwari,1,0,144.0,144.0,480,0.0,100.0
2025-W01,email,Bengaluru,Logistics,1.0,Day,A3029,Rajat Iyer,1,0,101.0,101.0,480,0.0,100.0
2025-W01,email,Indore,Chat Frontline,1.0,Night,A3002,Tarun Mishra,2,0,184.5,184.5,480,0.0,100.0
2025-W01,email,Indore,Logistics,1.0,Morning,A3028,Krishna Kaur,2,0,115.0,115.0,480,0.0,100.0
2025-W01,social,Bengaluru,Billing,1.0,Morning,A3035,Rohit Mukherjee,1,0,33.0,33.0,240,0.0,100.0
2025-W01,social,Bengaluru,Chat Frontline,1.0,Day,A3006,Lakshmi Reddy,1,0,39.0,39.0,240,0.0,100.0
2025-W01,social,Bengaluru,Chat Frontline,1.0,Day,A3015,Yash Agarwal,1,0,33.0,33.0,240,0.0,100.0
2025-W01,social,Bengaluru,Escalations & Warranty,2.0,Day,A3044,Kunal Malhotra,1,0,77.0,77.0,240,0.0,100.0
2025-W01,social,Indore,Logistics,1.0,Day,A3027,Dev Chatterjee,1,0,95.0,95.0,240,0.0,100.0
2025-W01,voice,Bengaluru,Billing,1.0,Morning,A3033,Amit Kulkarni,1,0,8.0,8.0,120,0.0,100.0
2025-W01,voice,Bengaluru,Voice Frontline,1.0,Day,A3023,Rahul Khanna,2,0,12.5,12.5,120,0.0,100.0
2025-W01,voice,Bengaluru,Voice Frontline,1.0,Morning,A3024,Kunal Khanna,2,0,14.5,14.5,120,0.0,100.0
2025-W01,voice,Indore,Email Frontline,1.0,Night,A3017,Shreya Bhatt,1,0,17.0,17.0,120,0.0,100.0
2025-W02,chat,Bengaluru,Billing,1.0,Morning,A3035,Rohit Mukherjee,1,0,3.0,3.0,15,0.0,100.0
2025-W02,chat,Bengaluru,Chat Frontline,1.0,Day,A3004,Krishna Naidu,1,0,4.0,4.0,15,0.0,100.0
2025-W02,chat,Bengaluru,Chat Frontline,1.0,Day,A3006,Lakshmi Reddy,1,0,8.0,8.0,15,0.0,100.0
2025-W02,chat,Bengaluru,Chat Frontline,1.0,Day,A3012,Lakshmi Sethi,5,0,7.0,5.0,15,0.0,100.0
2025-W02,chat,Bengaluru,Chat Frontline,1.0,Day,A3015,Yash Agarwal,1,0,11.0,11.0,15,0.0,100.0
2025-W02,chat,Bengaluru,Chat Frontline,1.0,Morning,A3005,Sameer Joshi,2,0,7.5,7.5,15,0.0,100.0
2025-W02,chat,Bengaluru,Escalations & Warranty,2.0,Morning,A3039,Riya Gaikwad,2,0,10.5,10.5,15,0.0,100.0
2025-W02,chat,Bengaluru,Logistics,1.0,Morning,A3031,Om Malhotra,3,0,3.3333333333333335,3.0,15,0.0,100.0
2025-W02,chat,Bengaluru,Returns Desk,1.0,Day,A3038,Amit Yadav,1,0,0.0,0.0,15,0.0,100.0
2025-W02,chat,Indore,Billing,1.0,Morning,A3032,Aadhya Sheikh,1,0,10.0,10.0,15,0.0,100.0
2025-W02,chat,Indore,Chat Frontline,1.0,Morning,A3011,Karan Roy,1,0,1.0,1.0,15,0.0,100.0
2025-W02,chat,Indore,Chat Frontline,1.0,Morning,A3013,Ritika Chatterjee,1,0,10.0,10.0,15,0.0,100.0
2025-W02,chat,Indore,Chat Frontline,1.0,Night,A3001,Zoya Mehta,1,0,10.0,10.0,15,0.0,100.0
2025-W02,chat,Indore,Chat Frontline,1.0,Night,A3002,Tarun Mishra,1,0,0.0,0.0,15,0.0,100.0
2025-W02,chat,Indore,Chat Frontline,1.0,Night,A3003,Harpreet Deshpande,1,0,0.0,0.0,15,0.0,100.0
2025-W02,chat,Indore,Email Frontline,1.0,Night,A3017,Shreya Bhatt,1,0,14.0,14.0,15,0.0,100.0
2025-W02,chat,Indore,Logistics,1.0,Day,A3027,Dev Chatterjee,1,0,6.0,6.0,15,0.0,100.0
2025-W02,email,Bengaluru,Billing,1.0,Morning,A3033,Amit Kulkarni,1,0,176.0,176.0,480,0.0,100.0
2025-W02,email,Bengaluru,Email Frontline,1.0,Day,A3020,Ramesh Ghosh,1,0,191.0,191.0,480,0.0,100.0
2025-W02,email,Bengaluru,Email Frontline,1.0,Day,A3021,Aditya Dhillon,1,0,68.0,68.0,480,0.0,100.0
2025-W02,email,Bengaluru,Email Frontline,1.0,Day,A3022,Steven Tiwari,2,0,62.0,62.0,480,0.0,100.0
2025-W02,email,Bengaluru,Escalations & Warranty,2.0,Morning,A3039,Riya Gaikwad,1,0,108.0,108.0,480,0.0,100.0
2025-W02,email,Bengaluru,Logistics,1.0,Morning,A3031,Om Malhotra,2,0,186.5,186.5,480,0.0,100.0
2025-W02,email,Indore,Chat Frontline,1.0,Night,A3001,Zoya Mehta,1,0,189.0,189.0,480,0.0,100.0
2025-W02,email,Indore,Chat Frontline,1.0,Night,A3002,Tarun Mishra,1,0,136.0,136.0,480,0.0,100.0
2025-W02,email,Indore,Chat Frontline,1.0,Night,A3003,Harpreet Deshpande,1,1,1019.0,1019.0,480,100.0,0.0
2025-W02,email,Indore,Email Frontline,1.0,Night,A3017,Shreya Bhatt,1,0,62.0,62.0,480,0.0,100.0
2025-W02,email,Indore,Logistics,1.0,Morning,A3028,Krishna Kaur,1,0,59.0,59.0,480,0.0,100.0
2025-W02,social,Bengaluru,Chat Frontline,1.0,Day,A3012,Lakshmi Sethi,1,0,180.0,180.0,240,0.0,100.0
2025-W02,social,Bengaluru,Chat Frontline,1.0,Day,A3015,Yash Agarwal,1,1,245.0,245.0,240,100.0,0.0
2025-W02,social,Bengaluru,Escalations & Warranty,2.0,Morning,A3039,Riya Gaikwad,1,0,42.0,42.0,240,0.0,100.0
2025-W02,social,Indore,Chat Frontline,1.0,Night,A3002,Tarun Mishra,1,1,373.0,373.0,240,100.0,0.0
2025-W02,social,Indore,Logistics,1.0,Morning,A3028,Krishna Kaur,1,0,185.0,185.0,240,0.0,100.0
2025-W02,voice,Bengaluru,Email Frontline,1.0,Day,A3021,Aditya Dhillon,1,0,81.0,81.0,120,0.0,100.0
2025-W02,voice,Bengaluru,Escalations & Warranty,2.0,Day,A3044,Kunal Malhotra,1,0,14.0,14.0,120,0.0,100.0
2025-W02,voice,Bengaluru,Voice Frontline,1.0,Day,A3023,Rahul Khanna,1,0,35.0,35.0,120,0.0,100.0
2025-W02,voice,Bengaluru,Voice Frontline,1.0,Day,A3026,Lakshmi Qureshi,2,0,20.0,20.0,120,0.0,100.0
2025-W02,voice,Bengaluru,Voice Frontline,1.0,Morning,A3024,Kunal Khanna,1,0,84.0,84.0,120,0.0,100.0
2025-W02,voice,Bengaluru,Voice Frontline,1.0,Morning,A3025,Lobsang Rao,1,0,6.0,6.0,120,0.0,100.0
2025-W03,chat,Bengaluru,Billing,1.0,Day,A3034,Thomas Patel,3,0,3.3333333333333335,2.0,15,0.0,100.0
2025-W03,chat,Bengaluru,Billing,1.0,Morning,A3035,Rohit Mukherjee,2,0,9.0,9.0,15,0.0,100.0
2025-W03,chat,Bengaluru,Chat Frontline,1.0,Day,A3004,Krishna Naidu,3,0,1.6666666666666667,1.0,15,0.0,100.0
2025-W03,chat,Bengaluru,Chat Frontline,1.0,Day,A3006,Lakshmi Reddy,3,0,4.333333333333333,5.0,15,0.0,100.0
2025-W03,chat,Bengaluru,Chat Frontline,1.0,Day,A3012,Lakshmi Sethi,1,0,5.0,5.0,15,0.0,100.0
2025-W03,chat,Bengaluru,Chat Frontline,1.0,Day,A3015,Yash Agarwal,3,0,6.0,4.0,15,0.0,100.0
2025-W03,chat,Bengaluru,Chat Frontline,1.0,Morning,A3005,Sameer Joshi,1,0,5.0,5.0,15,0.0,100.0
2025-W03,chat,Bengaluru,Chat Frontline,1.0,Morning,A3009,Ramesh Patel,2,0,8.0,8.0,15,0.0,100.0
2025-W03,chat,Bengaluru,Logistics,1.0,Morning,A3031,Om Malhotra,3,0,2.6666666666666665,2.0,15,0.0,100.0
2025-W03,chat,Bengaluru,Returns Desk,1.0,Day,A3038,Amit Yadav,1,0,14.0,14.0,15,0.0,100.0
2025-W03,chat,Bengaluru,Returns Desk,1.0,Morning,A3037,Rahul Sen,1,1,29.0,29.0,15,100.0,0.0
2025-W03,chat,Indore,Chat Frontline,1.0,Morning,A3008,Steven Kaur,1,1,18.0,18.0,15,100.0,0.0
2025-W03,chat,Indore,Chat Frontline,1.0,Morning,A3010,Neha Chatterjee,1,0,1.0,1.0,15,0.0,100.0
2025-W03,chat,Indore,Chat Frontline,1.0,Night,A3001,Zoya Mehta,1,0,2.0,2.0,15,0.0,100.0
2025-W03,chat,Indore,Chat Frontline,1.0,Night,A3002,Tarun Mishra,1,0,1.0,1.0,15,0.0,100.0
2025-W03,chat,Indore,Chat Frontline,1.0,Night,A3003,Harpreet Deshpande,1,0,6.0,6.0,15,0.0,100.0
2025-W03,chat,Indore,Email Frontline,1.0,Night,A3017,Shreya Bhatt,1,1,22.0,22.0,15,100.0,0.0
2025-W03,chat,Indore,Logistics,1.0,Morning,A3028,Krishna Kaur,1,0,4.0,4.0,15,0.0,100.0
2025-W03,email,Bengaluru,Billing,1.0,Morning,A3033,Amit Kulkarni,1,0,49.0,49.0,480,0.0,100.0
2025-W03,email,Bengaluru,Email Frontline,1.0,Day,A3020,Ramesh Ghosh,2,0,69.0,69.0,480,0.0,100.0
2025-W03,email,Bengaluru,Email Frontline,1.0,Day,A3021,Aditya Dhillon,2,0,157.5,157.5,480,0.0,100.0
2025-W03,email,Bengaluru,Email Frontline,1.0,Day,A3022,Steven Tiwari,1,0,85.0,85.0,480,0.0,100.0
2025-W03,email,Bengaluru,Email Frontline,1.0,Morning,A3018,Farah Sheikh,2,0,223.0,223.0,480,0.0,100.0
2025-W03,email,Bengaluru,Escalations & Warranty,2.0,Morning,A3043,Rohit Jain,1,1,795.0,795.0,480,100.0,0.0
2025-W03,email,Bengaluru,Logistics,1.0,Day,A3029,Rajat Iyer,1,0,98.0,98.0,480,0.0,100.0
2025-W03,email,Bengaluru,Returns Desk,1.0,Day,A3036,Rohit Shinde,1,1,688.0,688.0,480,100.0,0.0
2025-W03,email,Bengaluru,Returns Desk,1.0,Morning,A3037,Rahul Sen,1,0,340.0,340.0,480,0.0,100.0
2025-W03,email,Indore,Chat Frontline,1.0,Night,A3001,Zoya Mehta,1,0,396.0,396.0,480,0.0,100.0
2025-W03,email,Indore,Chat Frontline,1.0,Night,A3002,Tarun Mishra,1,0,213.0,213.0,480,0.0,100.0
2025-W03,email,Indore,Chat Frontline,1.0,Night,A3003,Harpreet Deshpande,1,0,58.0,58.0,480,0.0,100.0
2025-W03,email,Indore,Logistics,1.0,Day,A3027,Dev Chatterjee,2,2,700.0,700.0,480,100.0,0.0
2025-W03,social,Bengaluru,Billing,1.0,Morning,A3035,Rohit Mukherjee,1,0,30.0,30.0,240,0.0,100.0
2025-W03,social,Bengaluru,Chat Frontline,1.0,Morning,A3007,Neha Gaikwad,1,0,22.0,22.0,240,0.0,100.0
2025-W03,social,Bengaluru,Returns Desk,1.0,Morning,A3037,Rahul Sen,1,0,27.0,27.0,240,0.0,100.0
2025-W03,voice,Bengaluru,Billing,1.0,Day,A3034,Thomas Patel,1,0,50.0,50.0,120,0.0,100.0
2025-W03,voice,Bengaluru,Chat Frontline,1.0,Morning,A3005,Sameer Joshi,1,0,25.0,25.0,120,0.0,100.0
2025-W03,voice,Bengaluru,Escalations & Warranty,2.0,Morning,A3039,Riya Gaikwad,2,0,22.5,22.5,120,0.0,100.0
2025-W03,voice,Bengaluru,Logistics,1.0,Morning,A3031,Om Malhotra,1,0,35.0,35.0,120,0.0,100.0
2025-W03,voice,Bengaluru,Voice Frontline,1.0,Day,A3026,Lakshmi Qureshi,3,1,85.0,65.0,120,33.33333333333333,66.66666666666667
2025-W04,chat,Bengaluru,Billing,1.0,Day,A3034,Thomas Patel,4,0,4.0,4.0,15,0.0,100.0
2025-W04,chat,Bengaluru,Billing,1.0,Morning,A3033,Amit Kulkarni,3,1,23.333333333333332,11.0,15,33.33333333333333,66.66666666666667
2025-W04,chat,Bengaluru,Chat Frontline,1.0,Day,A3004,Krishna Naidu,3,0,4.333333333333333,2.0,15,0.0,100.0
2025-W04,chat,Bengaluru,Chat Frontline,1.0,Day,A3006,Lakshmi Reddy,3,0,2.3333333333333335,2.0,15,0.0,100.0
2025-W04,chat,Bengaluru,Chat Frontline,1.0,Day,A3012,Lakshmi Sethi,2,0,5.0,5.0,15,0.0,100.0
2025-W04,chat,Bengaluru,Chat Frontline,1.0,Day,A3015,Yash Agarwal,3,0,2.0,2.0,15,0.0,100.0
2025-W04,chat,Bengaluru,Chat Frontline,1.0,Morning,A3007,Neha Gaikwad,1,0,3.0,3.0,15,0.0,100.0
2025-W04,chat,Bengaluru,Escalations & Warranty,2.0,Day,A3042,Steven Chopra,1,0,15.0,15.0,15,0.0,100.0
2025-W04,chat,Bengaluru,Escalations & Warranty,2.0,Morning,A3039,Riya Gaikwad,1,0,5.0,5.0,15,0.0,100.0
2025-W04,chat,Bengaluru,Escalations & Warranty,2.0,Morning,A3043,Rohit Jain,2,0,5.5,5.5,15,0.0,100.0
2025-W04,chat,Bengaluru,Logistics,1.0,Day,A3029,Rajat Iyer,1,0,6.0,6.0,15,0.0,100.0
2025-W04,chat,Bengaluru,Logistics,1.0,Day,A3030,Sunita Srivastava,1,0,7.0,7.0,15,0.0,100.0
2025-W04,chat,Bengaluru,Logistics,1.0,Morning,A3031,Om Malhotra,3,0,5.333333333333333,4.0,15,0.0,100.0
2025-W04,chat,Bengaluru,Returns Desk,1.0,Day,A3036,Rohit Shinde,1,0,7.0,7.0,15,0.0,100.0
2025-W04,chat,Bengaluru,Returns Desk,1.0,Morning,A3037,Rahul Sen,1,0,7.0,7.0,15,0.0,100.0
2025-W04,chat,Indore,Billing,1.0,Morning,A3032,Aadhya Sheikh,2,0,4.5,4.5,15,0.0,100.0
2025-W04,chat,Indore,Chat Frontline,1.0,Morning,A3008,Steven Kaur,2,1,26.0,26.0,15,50.0,50.0
2025-W04,chat,Indore,Chat Frontline,1.0,Morning,A3010,Neha Chatterjee,1,0,8.0,8.0,15,0.0,100.0
2025-W04,chat,Indore,Chat Frontline,1.0,Morning,A3011,Karan Roy,1,0,5.0,5.0,15,0.0,100.0
2025-W04,chat,Indore,Chat Frontline,1.0,Night,A3001,Zoya Mehta,1,1,16.0,16.0,15,100.0,0.0
2025-W04,chat,Indore,Email Frontline,1.0,Night,A3017,Shreya Bhatt,1,0,1.0,1.0,15,0.0,100.0
2025-W04,chat,Indore,Logistics,1.0,Day,A3027,Dev Chatterjee,1,0,2.0,2.0,15,0.0,100.0
2025-W04,chat,Indore,Logistics,1.0,Morning,A3028,Krishna Kaur,1,0,5.0,5.0,15,0.0,100.0
2025-W04,email,Bengaluru,Billing,1.0,Day,A3034,Thomas Patel,1,0,181.0,181.0,480,0.0,100.0
2025-W04,email,Bengaluru,Billing,1.0,Morning,A3033,Amit Kulkarni,1,0,122.0,122.0,480,0.0,100.0
2025-W04,email,Bengaluru,Email Frontline,1.0,Day,A3020,Ramesh Ghosh,2,0,81.5,81.5,480,0.0,100.0
2025-W04,email,Bengaluru,Email Frontline,1.0,Day,A3021,Aditya Dhillon,1,0,76.0,76.0,480,0.0,100.0
2025-W04,email,Bengaluru,Email Frontline,1.0,Day,A3022,Steven Tiwari,2,0,150.5,150.5,480,0.0,100.0
2025-W04,email,Bengaluru,Email Frontline,1.0,Morning,A3018,Farah Sheikh,2,0,234.5,234.5,480,0.0,100.0
2025-W04,email,Bengaluru,Email Frontline,1.0,Morning,A3019,Sai Sandhu,3,1,433.3333333333333,298.0,480,33.33333333333333,66.66666666666667
2025-W04,email,Bengaluru,Escalations & Warranty,2.0,Morning,A3043,Rohit Jain,1,0,87.0,87.0,480,0.0,100.0
2025-W04,email,Bengaluru,Logistics,1.0,Day,A3029,Rajat Iyer,1,0,287.0,287.0,480,0.0,100.0
2025-W04,email,Bengaluru,Logistics,1.0,Morning,A3031,Om Malhotra,2,0,164.5,164.5,480,0.0,100.0
2025-W04,email,Bengaluru,Returns Desk,1.0,Morning,A3037,Rahul Sen,1,1,912.0,912.0,480,100.0,0.0
2025-W04,email,Indore,Chat Frontline,1.0,Night,A3001,Zoya Mehta,1,0,82.0,82.0,480,0.0,100.0
2025-W04,email,Indore,Chat Frontline,1.0,Night,A3002,Tarun Mishra,2,1,464.0,464.0,480,50.0,50.0
2025-W04,email,Indore,Chat Frontline,1.0,Night,A3003,Harpreet Deshpande,1,0,72.0,72.0,480,0.0,100.0
2025-W04,email,Indore,Email Frontline,1.0,Night,A3016,Deepak Jadhav,3,0,172.0,118.0,480,0.0,100.0
2025-W04,email,Indore,Email Frontline,1.0,Night,A3017,Shreya Bhatt,1,0,153.0,153.0,480,0.0,100.0
2025-W04,email,Indore,Logistics,1.0,Day,A3027,Dev Chatterjee,2,0,46.0,46.0,480,0.0,100.0
2025-W04,email,Indore,Logistics,1.0,Morning,A3028,Krishna Kaur,2,0,65.0,65.0,480,0.0,100.0
2025-W04,social,Bengaluru,Chat Frontline,1.0,Day,A3006,Lakshmi Reddy,1,1,297.0,297.0,240,100.0,0.0
2025-W04,social,Indore,Email Frontline,1.0,Night,A3016,Deepak Jadhav,1,0,202.0,202.0,240,0.0,100.0
2025-W04,social,Indore,Logistics,1.0,Day,A3027,Dev Chatterjee,1,0,32.0,32.0,240,0.0,100.0
2025-W04,voice,Bengaluru,Billing,1.0,Morning,A3035,Rohit Mukherjee,1,0,14.0,14.0,120,0.0,100.0
2025-W04,voice,Bengaluru,Logistics,1.0,Day,A3029,Rajat Iyer,1,0,56.0,56.0,120,0.0,100.0
2025-W04,voice,Bengaluru,Voice Frontline,1.0,Day,A3023,Rahul Khanna,1,0,39.0,39.0,120,0.0,100.0
2025-W04,voice,Bengaluru,Voice Frontline,1.0,Day,A3026,Lakshmi Qureshi,2,0,34.5,34.5,120,0.0,100.0
2025-W04,voice,Indore,Billing,1.0,Morning,A3032,Aadhya Sheikh,1,0,24.0,24.0,120,0.0,100.0
2025-W04,voice,Indore,Chat Frontline,1.0,Night,A3001,Zoya Mehta,1,0,78.0,78.0,120,0.0,100.0
2025-W04,voice,Indore,Logistics,1.0,Day,A3027,Dev Chatterjee,1,0,30.0,30.0,120,0.0,100.0
2025-W05,chat,Bengaluru,Billing,1.0,Day,A3034,Thomas Patel,2,0,3.0,3.0,15,0.0,100.0
2025-W05,chat,Bengaluru,Billing,1.0,Morning,A3035,Rohit Mukherjee,1,0,1.0,1.0,15,0.0,100.0
2025-W05,chat,Bengaluru,Chat Frontline,1.0,Day,A3004,Krishna Naidu,1,0,5.0,5.0,15,0.0,100.0
2025-W05,chat,Bengaluru,Chat Frontline,1.0,Day,A3006,Lakshmi Reddy,3,0,7.333333333333333,8.0,15,0.0,100.0
2025-W05,chat,Bengaluru,Chat Frontline,1.0,Day,A3012,Lakshmi Sethi,1,0,3.0,3.0,15,0.0,100.0
2025-W05,chat,Bengaluru,Chat Frontline,1.0,Morning,A3005,Sameer Joshi,2,0,4.5,4.5,15,0.0,100.0
2025-W05,chat,Bengaluru,Escalations & Warranty,2.0,Morning,A3039,Riya Gaikwad,1,0,2.0,2.0,15,0.0,100.0
2025-W05,chat,Bengaluru,Escalations & Warranty,2.0,Morning,A3043,Rohit Jain,1,0,5.0,5.0,15,0.0,100.0
2025-W05,chat,Bengaluru,Logistics,1.0,Day,A3029,Rajat Iyer,1,0,15.0,15.0,15,0.0,100.0
2025-W05,chat,Bengaluru,Logistics,1.0,Morning,A3031,Om Malhotra,3,2,23.333333333333332,26.0,15,66.66666666666666,33.33333333333334
2025-W05,chat,Bengaluru,Returns Desk,1.0,Day,A3036,Rohit Shinde,1,0,3.0,3.0,15,0.0,100.0
2025-W05,chat,Bengaluru,Returns Desk,1.0,Day,A3038,Amit Yadav,1,0,2.0,2.0,15,0.0,100.0
2025-W05,chat,Bengaluru,Returns Desk,1.0,Morning,A3037,Rahul Sen,1,0,2.0,2.0,15,0.0,100.0
2025-W05,chat,Indore,Billing,1.0,Morning,A3032,Aadhya Sheikh,1,0,2.0,2.0,15,0.0,100.0
2025-W05,chat,Indore,Chat Frontline,1.0,Morning,A3010,Neha Chatterjee,1,0,7.0,7.0,15,0.0,100.0
2025-W05,chat,Indore,Chat Frontline,1.0,Morning,A3011,Karan Roy,1,0,13.0,13.0,15,0.0,100.0
2025-W05,chat,Indore,Chat Frontline,1.0,Morning,A3013,Ritika Chatterjee,1,0,0.0,0.0,15,0.0,100.0
2025-W05,chat,Indore,Chat Frontline,1.0,Night,A3002,Tarun Mishra,2,0,4.0,4.0,15,0.0,100.0
2025-W05,chat,Indore,Chat Frontline,1.0,Night,A3003,Harpreet Deshpande,2,0,2.5,2.5,15,0.0,100.0
2025-W05,chat,Indore,Email Frontline,1.0,Night,A3016,Deepak Jadhav,1,0,2.0,2.0,15,0.0,100.0
2025-W05,chat,Indore,Email Frontline,1.0,Night,A3017,Shreya Bhatt,1,0,8.0,8.0,15,0.0,100.0
2025-W05,chat,Indore,Logistics,1.0,Morning,A3028,Krishna Kaur,1,0,1.0,1.0,15,0.0,100.0
2025-W05,email,Bengaluru,Billing,1.0,Day,A3034,Thomas Patel,1,0,52.0,52.0,480,0.0,100.0
2025-W05,email,Bengaluru,Billing,1.0,Morning,A3033,Amit Kulkarni,2,0,70.5,70.5,480,0.0,100.0
2025-W05,email,Bengaluru,Email Frontline,1.0,Day,A3020,Ramesh Ghosh,2,0,98.5,98.5,480,0.0,100.0
2025-W05,email,Bengaluru,Email Frontline,1.0,Day,A3021,Aditya Dhillon,3,0,260.6666666666667,300.0,480,0.0,100.0
2025-W05,email,Bengaluru,Email Frontline,1.0,Day,A3022,Steven Tiwari,3,1,354.0,222.0,480,33.33333333333333,66.66666666666667
2025-W05,email,Bengaluru,Email Frontline,1.0,Morning,A3018,Farah Sheikh,3,0,86.33333333333333,63.0,480,0.0,100.0
2025-W05,email,Bengaluru,Email Frontline,1.0,Morning,A3019,Sai Sandhu,3,0,87.0,79.0,480,0.0,100.0
2025-W05,email,Bengaluru,Escalations & Warranty,2.0,Day,A3042,Steven Chopra,1,0,468.0,468.0,480,0.0,100.0
2025-W05,email,Bengaluru,Logistics,1.0,Day,A3029,Rajat Iyer,1,0,150.0,150.0,480,0.0,100.0
2025-W05,email,Bengaluru,Returns Desk,1.0,Day,A3038,Amit Yadav,1,0,192.0,192.0,480,0.0,100.0
2025-W05,email,Bengaluru,Returns Desk,1.0,Morning,A3037,Rahul Sen,2,1,335.0,335.0,480,50.0,50.0
2025-W05,email,Indore,Chat Frontline,1.0,Night,A3001,Zoya Mehta,1,0,398.0,398.0,480,0.0,100.0
2025-W05,email,Indore,Chat Frontline,1.0,Night,A3003,Harpreet Deshpande,1,1,798.0,798.0,480,100.0,0.0
2025-W05,email,Indore,Email Frontline,1.0,Night,A3016,Deepak Jadhav,1,0,77.0,77.0,480,0.0,100.0
2025-W05,email,Indore,Logistics,1.0,Morning,A3028,Krishna Kaur,3,0,245.66666666666666,275.0,480,0.0,100.0
2025-W05,social,Bengaluru,Billing,1.0,Morning,A3035,Rohit Mukherjee,1,0,101.0,101.0,240,0.0,100.0
2025-W05,social,Bengaluru,Chat Frontline,1.0,Day,A3004,Krishna Naidu,1,0,92.0,92.0,240,0.0,100.0
2025-W05,social,Bengaluru,Chat Frontline,1.0,Day,A3006,Lakshmi Reddy,1,0,17.0,17.0,240,0.0,100.0
2025-W05,social,Bengaluru,Chat Frontline,1.0,Morning,A3005,Sameer Joshi,1,0,26.0,26.0,240,0.0,100.0
2025-W05,social,Bengaluru,Chat Frontline,1.0,Morning,A3007,Neha Gaikwad,1,0,156.0,156.0,240,0.0,100.0
2025-W05,social,Bengaluru,Logistics,1.0,Morning,A3031,Om Malhotra,1,1,420.0,420.0,240,100.0,0.0
2025-W05,social,Bengaluru,Returns Desk,1.0,Day,A3036,Rohit Shinde,1,0,35.0,35.0,240,0.0,100.0
2025-W05,social,Bengaluru,Returns Desk,1.0,Morning,A3037,Rahul Sen,1,0,19.0,19.0,240,0.0,100.0
2025-W05,social,Indore,Billing,1.0,Morning,A3032,Aadhya Sheikh,1,0,51.0,51.0,240,0.0,100.0
2025-W05,social,Indore,Email Frontline,1.0,Night,A3017,Shreya Bhatt,1,0,90.0,90.0,240,0.0,100.0
2025-W05,voice,Bengaluru,Logistics,1.0,Day,A3029,Rajat Iyer,1,0,26.0,26.0,120,0.0,100.0
2025-W05,voice,Bengaluru,Returns Desk,1.0,Morning,A3037,Rahul Sen,1,0,16.0,16.0,120,0.0,100.0
2025-W05,voice,Bengaluru,Voice Frontline,1.0,Morning,A3025,Lobsang Rao,1,0,34.0,34.0,120,0.0,100.0
2025-W05,voice,Indore,Logistics,1.0,Day,A3027,Dev Chatterjee,1,0,8.0,8.0,120,0.0,100.0
2025-W06,chat,Bengaluru,Billing,1.0,Day,A3034,Thomas Patel,4,1,11.25,10.0,15,25.0,75.0
2025-W06,chat,Bengaluru,Billing,1.0,Morning,A3033,Amit Kulkarni,1,0,2.0,2.0,15,0.0,100.0
2025-W06,chat,Bengaluru,Billing,1.0,Morning,A3035,Rohit Mukherjee,2,0,3.5,3.5,15,0.0,100.0
2025-W06,chat,Bengaluru,Chat Frontline,1.0,Day,A3006,Lakshmi Reddy,4,0,3.75,3.0,15,0.0,100.0
2025-W06,chat,Bengaluru,Chat Frontline,1.0,Morning,A3009,Ramesh Patel,1,0,2.0,2.0,15,0.0,100.0
2025-W06,chat,Bengaluru,Escalations & Warranty,2.0,Day,A3042,Steven Chopra,1,0,5.0,5.0,15,0.0,100.0
2025-W06,chat,Bengaluru,Escalations & Warranty,2.0,Morning,A3039,Riya Gaikwad,2,0,7.0,7.0,15,0.0,100.0
2025-W06,chat,Bengaluru,Logistics,1.0,Day,A3029,Rajat Iyer,3,0,4.0,3.0,15,0.0,100.0
2025-W06,chat,Bengaluru,Logistics,1.0,Day,A3030,Sunita Srivastava,1,0,1.0,1.0,15,0.0,100.0
2025-W06,chat,Bengaluru,Logistics,1.0,Morning,A3031,Om Malhotra,1,1,17.0,17.0,15,100.0,0.0
2025-W06,chat,Bengaluru,Returns Desk,1.0,Day,A3036,Rohit Shinde,1,0,2.0,2.0,15,0.0,100.0
2025-W06,chat,Bengaluru,Returns Desk,1.0,Day,A3038,Amit Yadav,1,1,18.0,18.0,15,100.0,0.0
2025-W06,chat,Bengaluru,Returns Desk,1.0,Morning,A3037,Rahul Sen,1,1,20.0,20.0,15,100.0,0.0
2025-W06,chat,Indore,Billing,1.0,Morning,A3032,Aadhya Sheikh,1,0,4.0,4.0,15,0.0,100.0
2025-W06,chat,Indore,Chat Frontline,1.0,Morning,A3008,Steven Kaur,1,0,4.0,4.0,15,0.0,100.0
2025-W06,chat,Indore,Chat Frontline,1.0,Morning,A3010,Neha Chatterjee,1,0,4.0,4.0,15,0.0,100.0
2025-W06,chat,Indore,Chat Frontline,1.0,Morning,A3011,Karan Roy,1,0,2.0,2.0,15,0.0,100.0
2025-W06,chat,Indore,Chat Frontline,1.0,Morning,A3013,Ritika Chatterjee,1,1,19.0,19.0,15,100.0,0.0
2025-W06,chat,Indore,Chat Frontline,1.0,Night,A3003,Harpreet Deshpande,1,0,12.0,12.0,15,0.0,100.0
2025-W06,chat,Indore,Email Frontline,1.0,Night,A3016,Deepak Jadhav,2,0,6.5,6.5,15,0.0,100.0
2025-W06,chat,Indore,Email Frontline,1.0,Night,A3017,Shreya Bhatt,1,0,4.0,4.0,15,0.0,100.0
2025-W06,chat,Indore,Logistics,1.0,Day,A3027,Dev Chatterjee,2,0,5.0,5.0,15,0.0,100.0
2025-W06,chat,Indore,Logistics,1.0,Morning,A3028,Krishna Kaur,2,0,2.0,2.0,15,0.0,100.0
2025-W06,email,Bengaluru,Billing,1.0,Day,A3034,Thomas Patel,1,0,306.0,306.0,480,0.0,100.0
2025-W06,email,Bengaluru,Billing,1.0,Morning,A3033,Amit Kulkarni,1,0,93.0,93.0,480,0.0,100.0
2025-W06,email,Bengaluru,Email Frontline,1.0,Day,A3020,Ramesh Ghosh,1,0,215.0,215.0,480,0.0,100.0
2025-W06,email,Bengaluru,Email Frontline,1.0,Day,A3021,Aditya Dhillon,1,0,123.0,123.0,480,0.0,100.0
2025-W06,email,Bengaluru,Email Frontline,1.0,Morning,A3018,Farah Sheikh,5,2,338.4,133.0,480,40.0,60.0
2025-W06,email,Bengaluru,Email Frontline,1.0,Morning,A3019,Sai Sandhu,1,0,409.0,409.0,480,0.0,100.0
2025-W06,email,Bengaluru,Escalations & Warranty,2.0,Morning,A3039,Riya Gaikwad,1,0,59.0,59.0,480,0.0,100.0
2025-W06,email,Bengaluru,Logistics,1.0,Morning,A3031,Om Malhotra,3,1,796.3333333333334,276.0,480,33.33333333333333,66.66666666666667
2025-W06,email,Bengaluru,Returns Desk,1.0,Morning,A3037,Rahul Sen,1,0,48.0,48.0,480,0.0,100.0
2025-W06,email,Indore,Chat Frontline,1.0,Night,A3001,Zoya Mehta,2,0,192.0,192.0,480,0.0,100.0
2025-W06,email,Indore,Chat Frontline,1.0,Night,A3002,Tarun Mishra,2,1,492.0,492.0,480,50.0,50.0
2025-W06,email,Indore,Email Frontline,1.0,Night,A3017,Shreya Bhatt,2,0,230.5,230.5,480,0.0,100.0
2025-W06,email,Indore,Logistics,1.0,Day,A3027,Dev Chatterjee,2,1,336.0,336.0,480,50.0,50.0
2025-W06,email,Indore,Logistics,1.0,Morning,A3028,Krishna Kaur,3,0,292.3333333333333,272.0,480,0.0,100.0
2025-W06,social,Bengaluru,Billing,1.0,Morning,A3033,Amit Kulkarni,1,0,18.0,18.0,240,0.0,100.0
2025-W06,social,Bengaluru,Billing,1.0,Morning,A3035,Rohit Mukherjee,1,0,31.0,31.0,240,0.0,100.0
2025-W06,social,Bengaluru,Chat Frontline,1.0,Day,A3006,Lakshmi Reddy,1,0,51.0,51.0,240,0.0,100.0
2025-W06,social,Bengaluru,Chat Frontline,1.0,Day,A3015,Yash Agarwal,1,1,321.0,321.0,240,100.0,0.0
2025-W06,social,Bengaluru,Escalations & Warranty,2.0,Morning,A3043,Rohit Jain,1,1,283.0,283.0,240,100.0,0.0
2025-W06,social,Bengaluru,Logistics,1.0,Day,A3029,Rajat Iyer,2,0,89.5,89.5,240,0.0,100.0
2025-W06,social,Bengaluru,Logistics,1.0,Day,A3030,Sunita Srivastava,1,1,254.0,254.0,240,100.0,0.0
2025-W06,social,Bengaluru,Returns Desk,1.0,Morning,A3037,Rahul Sen,1,0,52.0,52.0,240,0.0,100.0
2025-W06,social,Indore,Chat Frontline,1.0,Night,A3003,Harpreet Deshpande,1,0,16.0,16.0,240,0.0,100.0
2025-W06,social,Indore,Logistics,1.0,Day,A3027,Dev Chatterjee,1,0,21.0,21.0,240,0.0,100.0
2025-W06,social,Indore,Logistics,1.0,Morning,A3028,Krishna Kaur,1,0,117.0,117.0,240,0.0,100.0
2025-W06,voice,Bengaluru,Billing,1.0,Day,A3034,Thomas Patel,3,0,23.333333333333332,23.0,120,0.0,100.0
2025-W06,voice,Bengaluru,Billing,1.0,Morning,A3033,Amit Kulkarni,1,0,12.0,12.0,120,0.0,100.0
2025-W06,voice,Bengaluru,Logistics,1.0,Morning,A3031,Om Malhotra,1,0,11.0,11.0,120,0.0,100.0
2025-W06,voice,Bengaluru,Voice Frontline,1.0,Day,A3026,Lakshmi Qureshi,2,1,130.5,130.5,120,50.0,50.0
2025-W06,voice,Bengaluru,Voice Frontline,1.0,Morning,A3025,Lobsang Rao,2,0,49.5,49.5,120,0.0,100.0
2025-W06,voice,Indore,Chat Frontline,1.0,Night,A3003,Harpreet Deshpande,1,1,182.0,182.0,120,100.0,0.0
2025-W06,voice,Indore,Logistics,1.0,Morning,A3028,Krishna Kaur,1,1,186.0,186.0,120,100.0,0.0
2025-W07,chat,Bengaluru,Billing,1.0,Day,A3034,Thomas Patel,1,0,12.0,12.0,15,0.0,100.0
2025-W07,chat,Bengaluru,Billing,1.0,Morning,A3033,Amit Kulkarni,3,1,11.333333333333334,3.0,15,33.33333333333333,66.66666666666667
2025-W07,chat,Bengaluru,Chat Frontline,1.0,Day,A3004,Krishna Naidu,3,0,6.666666666666667,8.0,15,0.0,100.0
2025-W07,chat,Bengaluru,Chat Frontline,1.0,Day,A3006,Lakshmi Reddy,3,0,3.6666666666666665,3.0,15,0.0,100.0
2025-W07,chat,Bengaluru,Chat Frontline,1.0,Day,A3012,Lakshmi Sethi,1,0,6.0,6.0,15,0.0,100.0
2025-W07,chat,Bengaluru,Chat Frontline,1.0,Day,A3015,Yash Agarwal,1,0,13.0,13.0,15,0.0,100.0
2025-W07,chat,Bengaluru,Chat Frontline,1.0,Morning,A3007,Neha Gaikwad,1,0,7.0,7.0,15,0.0,100.0
2025-W07,chat,Bengaluru,Chat Frontline,1.0,Morning,A3014,Diya Patil,1,0,5.0,5.0,15,0.0,100.0
2025-W07,chat,Bengaluru,Escalations & Warranty,2.0,Morning,A3039,Riya Gaikwad,2,1,9.0,9.0,15,50.0,50.0
2025-W07,chat,Bengaluru,Logistics,1.0,Morning,A3031,Om Malhotra,6,1,6.5,3.0,15,16.666666666666664,83.33333333333334
2025-W07,chat,Bengaluru,Returns Desk,1.0,Day,A3036,Rohit Shinde,1,0,5.0,5.0,15,0.0,100.0
2025-W07,chat,Indore,Billing,1.0,Morning,A3032,Aadhya Sheikh,1,0,2.0,2.0,15,0.0,100.0
2025-W07,chat,Indore,Chat Frontline,1.0,Morning,A3010,Neha Chatterjee,2,0,6.5,6.5,15,0.0,100.0
2025-W07,chat,Indore,Chat Frontline,1.0,Morning,A3011,Karan Roy,1,0,4.0,4.0,15,0.0,100.0
2025-W07,chat,Indore,Chat Frontline,1.0,Night,A3001,Zoya Mehta,1,0,12.0,12.0,15,0.0,100.0
2025-W07,chat,Indore,Chat Frontline,1.0,Night,A3002,Tarun Mishra,1,0,2.0,2.0,15,0.0,100.0
2025-W07,chat,Indore,Chat Frontline,1.0,Night,A3003,Harpreet Deshpande,1,0,10.0,10.0,15,0.0,100.0
2025-W07,chat,Indore,Email Frontline,1.0,Night,A3017,Shreya Bhatt,2,0,5.5,5.5,15,0.0,100.0
2025-W07,chat,Indore,Logistics,1.0,Day,A3027,Dev Chatterjee,1,0,1.0,1.0,15,0.0,100.0
2025-W07,chat,Indore,Logistics,1.0,Morning,A3028,Krishna Kaur,4,0,3.0,1.5,15,0.0,100.0
2025-W07,email,Bengaluru,Billing,1.0,Day,A3034,Thomas Patel,4,1,231.5,104.0,480,25.0,75.0
2025-W07,email,Bengaluru,Billing,1.0,Morning,A3033,Amit Kulkarni,1,1,517.0,517.0,480,100.0,0.0
2025-W07,email,Bengaluru,Billing,1.0,Morning,A3035,Rohit Mukherjee,2,0,199.0,199.0,480,0.0,100.0
2025-W07,email,Bengaluru,Chat Frontline,1.0,Day,A3004,Krishna Naidu,1,0,194.0,194.0,480,0.0,100.0
2025-W07,email,Bengaluru,Email Frontline,1.0,Day,A3020,Ramesh Ghosh,2,0,136.0,136.0,480,0.0,100.0
2025-W07,email,Bengaluru,Email Frontline,1.0,Day,A3021,Aditya Dhillon,2,0,151.5,151.5,480,0.0,100.0
2025-W07,email,Bengaluru,Email Frontline,1.0,Morning,A3018,Farah Sheikh,2,0,126.5,126.5,480,0.0,100.0
2025-W07,email,Bengaluru,Email Frontline,1.0,Morning,A3019,Sai Sandhu,1,0,129.0,129.0,480,0.0,100.0
2025-W07,email,Bengaluru,Escalations & Warranty,2.0,Morning,A3043,Rohit Jain,1,0,222.0,222.0,480,0.0,100.0
2025-W07,email,Bengaluru,Logistics,1.0,Day,A3030,Sunita Srivastava,1,0,156.0,156.0,480,0.0,100.0
2025-W07,email,Bengaluru,Logistics,1.0,Morning,A3031,Om Malhotra,1,1,487.0,487.0,480,100.0,0.0
2025-W07,email,Bengaluru,Returns Desk,1.0,Morning,A3037,Rahul Sen,1,0,307.0,307.0,480,0.0,100.0
2025-W07,email,Indore,Chat Frontline,1.0,Night,A3002,Tarun Mishra,2,1,434.5,434.5,480,50.0,50.0
2025-W07,email,Indore,Email Frontline,1.0,Night,A3017,Shreya Bhatt,1,0,127.0,127.0,480,0.0,100.0
2025-W07,email,Indore,Logistics,1.0,Day,A3027,Dev Chatterjee,1,0,69.0,69.0,480,0.0,100.0
2025-W07,social,Bengaluru,Logistics,1.0,Morning,A3031,Om Malhotra,2,0,57.0,57.0,240,0.0,100.0
2025-W07,social,Indore,Billing,1.0,Morning,A3032,Aadhya Sheikh,1,0,14.0,14.0,240,0.0,100.0
2025-W07,social,Indore,Chat Frontline,1.0,Night,A3001,Zoya Mehta,1,0,62.0,62.0,240,0.0,100.0
2025-W07,social,Indore,Chat Frontline,1.0,Night,A3002,Tarun Mishra,1,0,60.0,60.0,240,0.0,100.0
2025-W07,voice,Bengaluru,Billing,1.0,Day,A3034,Thomas Patel,3,0,22.666666666666668,25.0,120,0.0,100.0
2025-W07,voice,Bengaluru,Escalations & Warranty,2.0,Morning,A3043,Rohit Jain,2,0,7.0,7.0,120,0.0,100.0
2025-W07,voice,Bengaluru,Logistics,1.0,Day,A3029,Rajat Iyer,1,0,87.0,87.0,120,0.0,100.0
2025-W07,voice,Bengaluru,Logistics,1.0,Morning,A3031,Om Malhotra,1,0,40.0,40.0,120,0.0,100.0
2025-W07,voice,Bengaluru,Returns Desk,1.0,Day,A3038,Amit Yadav,1,1,142.0,142.0,120,100.0,0.0
2025-W07,voice,Bengaluru,Returns Desk,1.0,Morning,A3037,Rahul Sen,2,1,96.0,96.0,120,50.0,50.0
2025-W07,voice,Bengaluru,Voice Frontline,1.0,Day,A3023,Rahul Khanna,2,0,40.0,40.0,120,0.0,100.0
2025-W07,voice,Bengaluru,Voice Frontline,1.0,Day,A3026,Lakshmi Qureshi,2,0,36.5,36.5,120,0.0,100.0
2025-W07,voice,Bengaluru,Voice Frontline,1.0,Morning,A3024,Kunal Khanna,1,0,12.0,12.0,120,0.0,100.0
2025-W07,voice,Bengaluru,Voice Frontline,1.0,Morning,A3025,Lobsang Rao,2,0,18.5,18.5,120,0.0,100.0
2025-W07,voice,Indore,Billing,1.0,Morning,A3032,Aadhya Sheikh,1,0,10.0,10.0,120,0.0,100.0
2025-W08,chat,Bengaluru,Billing,1.0,Day,A3034,Thomas Patel,3,0,2.0,2.0,15,0.0,100.0
2025-W08,chat,Bengaluru,Billing,1.0,Morning,A3035,Rohit Mukherjee,2,0,2.0,2.0,15,0.0,100.0
2025-W08,chat,Bengaluru,Chat Frontline,1.0,Day,A3004,Krishna Naidu,2,0,5.5,5.5,15,0.0,100.0
2025-W08,chat,Bengaluru,Chat Frontline,1.0,Day,A3006,Lakshmi Reddy,2,0,1.5,1.5,15,0.0,100.0
2025-W08,chat,Bengaluru,Chat Frontline,1.0,Day,A3012,Lakshmi Sethi,2,1,19.5,19.5,15,50.0,50.0
2025-W08,chat,Bengaluru,Chat Frontline,1.0,Day,A3015,Yash Agarwal,1,0,4.0,4.0,15,0.0,100.0
2025-W08,chat,Bengaluru,Escalations & Warranty,2.0,Day,A3040,Thomas Arora,2,0,5.0,5.0,15,0.0,100.0
2025-W08,chat,Bengaluru,Escalations & Warranty,2.0,Morning,A3039,Riya Gaikwad,3,1,10.0,8.0,15,33.33333333333333,66.66666666666667
2025-W08,chat,Bengaluru,Escalations & Warranty,2.0,Morning,A3043,Rohit Jain,3,0,6.333333333333333,4.0,15,0.0,100.0
2025-W08,chat,Bengaluru,Logistics,1.0,Day,A3029,Rajat Iyer,1,0,2.0,2.0,15,0.0,100.0
2025-W08,chat,Bengaluru,Logistics,1.0,Day,A3030,Sunita Srivastava,2,0,2.0,2.0,15,0.0,100.0
2025-W08,chat,Bengaluru,Logistics,1.0,Morning,A3031,Om Malhotra,4,0,4.0,3.5,15,0.0,100.0
2025-W08,chat,Bengaluru,Returns Desk,1.0,Day,A3036,Rohit Shinde,1,1,21.0,21.0,15,100.0,0.0
2025-W08,chat,Bengaluru,Returns Desk,1.0,Morning,A3037,Rahul Sen,1,1,17.0,17.0,15,100.0,0.0
2025-W08,chat,Indore,Chat Frontline,1.0,Morning,A3010,Neha Chatterjee,4,0,6.75,8.0,15,0.0,100.0
2025-W08,chat,Indore,Chat Frontline,1.0,Morning,A3011,Karan Roy,1,0,4.0,4.0,15,0.0,100.0
2025-W08,chat,Indore,Chat Frontline,1.0,Morning,A3013,Ritika Chatterjee,1,0,1.0,1.0,15,0.0,100.0
2025-W08,chat,Indore,Chat Frontline,1.0,Night,A3002,Tarun Mishra,1,0,6.0,6.0,15,0.0,100.0
2025-W08,chat,Indore,Chat Frontline,1.0,Night,A3003,Harpreet Deshpande,1,0,9.0,9.0,15,0.0,100.0
2025-W08,chat,Indore,Logistics,1.0,Morning,A3028,Krishna Kaur,6,2,13.333333333333334,5.5,15,33.33333333333333,66.66666666666667
2025-W08,email,Bengaluru,Billing,1.0,Day,A3034,Thomas Patel,2,0,280.0,280.0,480,0.0,100.0
2025-W08,email,Bengaluru,Chat Frontline,1.0,Day,A3006,Lakshmi Reddy,1,0,248.0,248.0,480,0.0,100.0
2025-W08,email,Bengaluru,Chat Frontline,1.0,Morning,A3005,Sameer Joshi,1,0,74.0,74.0,480,0.0,100.0
2025-W08,email,Bengaluru,Email Frontline,1.0,Day,A3020,Ramesh Ghosh,1,0,135.0,135.0,480,0.0,100.0
2025-W08,email,Bengaluru,Email Frontline,1.0,Day,A3021,Aditya Dhillon,1,1,825.0,825.0,480,100.0,0.0
2025-W08,email,Bengaluru,Email Frontline,1.0,Day,A3022,Steven Tiwari,2,0,189.5,189.5,480,0.0,100.0
2025-W08,email,Bengaluru,Email Frontline,1.0,Morning,A3018,Farah Sheikh,1,1,637.0,637.0,480,100.0,0.0
2025-W08,email,Bengaluru,Email Frontline,1.0,Morning,A3019,Sai Sandhu,2,0,105.0,105.0,480,0.0,100.0
2025-W08,email,Bengaluru,Escalations & Warranty,2.0,Morning,A3043,Rohit Jain,3,0,123.66666666666667,90.0,480,0.0,100.0
2025-W08,email,Bengaluru,Logistics,1.0,Day,A3029,Rajat Iyer,2,0,252.5,252.5,480,0.0,100.0
2025-W08,email,Bengaluru,Logistics,1.0,Morning,A3031,Om Malhotra,2,0,211.5,211.5,480,0.0,100.0
2025-W08,email,Bengaluru,Returns Desk,1.0,Day,A3038,Amit Yadav,1,0,282.0,282.0,480,0.0,100.0
2025-W08,email,Indore,Billing,1.0,Morning,A3032,Aadhya Sheikh,2,0,49.0,49.0,480,0.0,100.0
2025-W08,email,Indore,Chat Frontline,1.0,Night,A3001,Zoya Mehta,2,0,72.5,72.5,480,0.0,100.0
2025-W08,email,Indore,Chat Frontline,1.0,Night,A3003,Harpreet Deshpande,1,0,293.0,293.0,480,0.0,100.0
2025-W08,email,Indore,Email Frontline,1.0,Night,A3016,Deepak Jadhav,1,0,120.0,120.0,480,0.0,100.0
2025-W08,email,Indore,Logistics,1.0,Day,A3027,Dev Chatterjee,2,0,124.0,124.0,480,0.0,100.0
2025-W08,email,Indore,Logistics,1.0,Morning,A3028,Krishna Kaur,4,1,276.0,210.5,480,25.0,75.0
2025-W08,social,Bengaluru,Billing,1.0,Day,A3034,Thomas Patel,1,0,23.0,23.0,240,0.0,100.0
2025-W08,social,Bengaluru,Chat Frontline,1.0,Day,A3004,Krishna Naidu,1,0,124.0,124.0,240,0.0,100.0
2025-W08,social,Bengaluru,Email Frontline,1.0,Day,A3022,Steven Tiwari,1,0,94.0,94.0,240,0.0,100.0
2025-W08,social,Bengaluru,Escalations & Warranty,2.0,Morning,A3039,Riya Gaikwad,1,0,140.0,140.0,240,0.0,100.0
2025-W08,social,Bengaluru,Returns Desk,1.0,Morning,A3037,Rahul Sen,3,1,173.66666666666666,98.0,240,33.33333333333333,66.66666666666667
2025-W08,social,Indore,Chat Frontline,1.0,Night,A3002,Tarun Mishra,1,0,217.0,217.0,240,0.0,100.0
2025-W08,social,Indore,Email Frontline,1.0,Night,A3016,Deepak Jadhav,1,0,161.0,161.0,240,0.0,100.0
2025-W08,voice,Bengaluru,Billing,1.0,Day,A3034,Thomas Patel,1,0,30.0,30.0,120,0.0,100.0
2025-W08,voice,Bengaluru,Billing,1.0,Morning,A3033,Amit Kulkarni,2,0,42.0,42.0,120,0.0,100.0
2025-W08,voice,Bengaluru,Billing,1.0,Morning,A3035,Rohit Mukherjee,1,0,33.0,33.0,120,0.0,100.0
2025-W08,voice,Bengaluru,Escalations & Warranty,2.0,Day,A3042,Steven Chopra,1,0,17.0,17.0,120,0.0,100.0
2025-W08,voice,Bengaluru,Escalations & Warranty,2.0,Day,A3044,Kunal Malhotra,1,0,60.0,60.0,120,0.0,100.0
2025-W08,voice,Bengaluru,Logistics,1.0,Day,A3030,Sunita Srivastava,1,0,67.0,67.0,120,0.0,100.0
2025-W08,voice,Bengaluru,Logistics,1.0,Morning,A3031,Om Malhotra,1,0,43.0,43.0,120,0.0,100.0
2025-W08,voice,Bengaluru,Returns Desk,1.0,Day,A3038,Amit Yadav,3,0,23.0,17.0,120,0.0,100.0
2025-W08,voice,Bengaluru,Voice Frontline,1.0,Day,A3023,Rahul Khanna,1,0,90.0,90.0,120,0.0,100.0
2025-W08,voice,Bengaluru,Voice Frontline,1.0,Day,A3026,Lakshmi Qureshi,1,0,8.0,8.0,120,0.0,100.0
2025-W08,voice,Bengaluru,Voice Frontline,1.0,Morning,A3024,Kunal Khanna,1,0,82.0,82.0,120,0.0,100.0
2025-W08,voice,Indore,Logistics,1.0,Morning,A3028,Krishna Kaur,1,0,73.0,73.0,120,0.0,100.0
2025-W09,chat,Bengaluru,Billing,1.0,Day,A3034,Thomas Patel,4,0,6.25,4.5,15,0.0,100.0
2025-W09,chat,Bengaluru,Billing,1.0,Morning,A3033,Amit Kulkarni,2,0,2.0,2.0,15,0.0,100.0
2025-W09,chat,Bengaluru,Billing,1.0,Morning,A3035,Rohit Mukherjee,1,0,2.0,2.0,15,0.0,100.0
2025-W09,chat,Bengaluru,Chat Frontline,1.0,Day,A3004,Krishna Naidu,2,0,9.5,9.5,15,0.0,100.0
2025-W09,chat,Bengaluru,Chat Frontline,1.0,Day,A3012,Lakshmi Sethi,2,0,8.0,8.0,15,0.0,100.0
2025-W09,chat,Bengaluru,Chat Frontline,1.0,Day,A3015,Yash Agarwal,4,0,6.5,6.0,15,0.0,100.0
2025-W09,chat,Bengaluru,Chat Frontline,1.0,Morning,A3007,Neha Gaikwad,1,0,1.0,1.0,15,0.0,100.0
2025-W09,chat,Bengaluru,Chat Frontline,1.0,Morning,A3009,Ramesh Patel,2,1,21.0,21.0,15,50.0,50.0
2025-W09,chat,Bengaluru,Chat Frontline,1.0,Morning,A3014,Diya Patil,1,0,2.0,2.0,15,0.0,100.0
2025-W09,chat,Bengaluru,Escalations & Warranty,2.0,Morning,A3039,Riya Gaikwad,1,0,4.0,4.0,15,0.0,100.0
2025-W09,chat,Bengaluru,Escalations & Warranty,2.0,Morning,A3043,Rohit Jain,1,0,7.0,7.0,15,0.0,100.0
2025-W09,chat,Bengaluru,Logistics,1.0,Day,A3030,Sunita Srivastava,4,0,3.75,3.0,15,0.0,100.0
2025-W09,chat,Bengaluru,Logistics,1.0,Morning,A3031,Om Malhotra,1,0,5.0,5.0,15,0.0,100.0
2025-W09,chat,Bengaluru,Returns Desk,1.0,Day,A3036,Rohit Shinde,2,1,13.5,13.5,15,50.0,50.0
2025-W09,chat,Bengaluru,Returns Desk,1.0,Day,A3038,Amit Yadav,1,0,2.0,2.0,15,0.0,100.0
2025-W09,chat,Bengaluru,Returns Desk,1.0,Morning,A3037,Rahul Sen,3,0,2.3333333333333335,1.0,15,0.0,100.0
2025-W09,chat,Indore,Billing,1.0,Morning,A3032,Aadhya Sheikh,5,0,5.0,5.0,15,0.0,100.0
2025-W09,chat,Indore,Chat Frontline,1.0,Morning,A3010,Neha Chatterjee,1,0,0.0,0.0,15,0.0,100.0
2025-W09,chat,Indore,Chat Frontline,1.0,Morning,A3011,Karan Roy,2,0,7.0,7.0,15,0.0,100.0
2025-W09,chat,Indore,Chat Frontline,1.0,Morning,A3013,Ritika Chatterjee,1,0,1.0,1.0,15,0.0,100.0
2025-W09,chat,Indore,Chat Frontline,1.0,Night,A3002,Tarun Mishra,1,0,6.0,6.0,15,0.0,100.0
2025-W09,chat,Indore,Chat Frontline,1.0,Night,A3003,Harpreet Deshpande,3,1,9.333333333333334,7.0,15,33.33333333333333,66.66666666666667
2025-W09,chat,Indore,Email Frontline,1.0,Night,A3016,Deepak Jadhav,2,0,7.5,7.5,15,0.0,100.0
2025-W09,chat,Indore,Escalations & Warranty,2.0,Day,A3041,Riya Fernandes,1,0,8.0,8.0,15,0.0,100.0
2025-W09,chat,Indore,Logistics,1.0,Morning,A3028,Krishna Kaur,2,0,7.5,7.5,15,0.0,100.0
2025-W09,email,Bengaluru,Billing,1.0,Day,A3034,Thomas Patel,2,0,158.0,158.0,480,0.0,100.0
2025-W09,email,Bengaluru,Billing,1.0,Morning,A3033,Amit Kulkarni,1,0,345.0,345.0,480,0.0,100.0
2025-W09,email,Bengaluru,Billing,1.0,Morning,A3035,Rohit Mukherjee,2,0,177.5,177.5,480,0.0,100.0
2025-W09,email,Bengaluru,Chat Frontline,1.0,Day,A3012,Lakshmi Sethi,1,0,354.0,354.0,480,0.0,100.0
2025-W09,email,Bengaluru,Email Frontline,1.0,Day,A3020,Ramesh Ghosh,3,0,137.33333333333334,117.0,480,0.0,100.0
2025-W09,email,Bengaluru,Email Frontline,1.0,Day,A3021,Aditya Dhillon,1,0,72.0,72.0,480,0.0,100.0
2025-W09,email,Bengaluru,Email Frontline,1.0,Day,A3022,Steven Tiwari,1,0,167.0,167.0,480,0.0,100.0
2025-W09,email,Bengaluru,Escalations & Warranty,2.0,Day,A3044,Kunal Malhotra,2,0,104.5,104.5,480,0.0,100.0
2025-W09,email,Bengaluru,Logistics,1.0,Day,A3030,Sunita Srivastava,1,0,96.0,96.0,480,0.0,100.0
2025-W09,email,Bengaluru,Logistics,1.0,Morning,A3031,Om Malhotra,1,1,790.0,790.0,480,100.0,0.0
2025-W09,email,Bengaluru,Returns Desk,1.0,Day,A3036,Rohit Shinde,1,0,245.0,245.0,480,0.0,100.0
2025-W09,email,Bengaluru,Returns Desk,1.0,Day,A3038,Amit Yadav,1,0,372.0,372.0,480,0.0,100.0
2025-W09,email,Bengaluru,Returns Desk,1.0,Morning,A3037,Rahul Sen,3,0,164.33333333333334,175.0,480,0.0,100.0
2025-W09,email,Indore,Billing,1.0,Morning,A3032,Aadhya Sheikh,1,1,613.0,613.0,480,100.0,0.0
2025-W09,email,Indore,Chat Frontline,1.0,Night,A3003,Harpreet Deshpande,1,0,124.0,124.0,480,0.0,100.0
2025-W09,email,Indore,Email Frontline,1.0,Night,A3016,Deepak Jadhav,1,0,360.0,360.0,480,0.0,100.0
2025-W09,email,Indore,Logistics,1.0,Day,A3027,Dev Chatterjee,1,0,58.0,58.0,480,0.0,100.0
2025-W09,email,Indore,Logistics,1.0,Morning,A3028,Krishna Kaur,1,0,199.0,199.0,480,0.0,100.0
2025-W09,social,Bengaluru,Chat Frontline,1.0,Day,A3004,Krishna Naidu,1,1,321.0,321.0,240,100.0,0.0
2025-W09,social,Bengaluru,Chat Frontline,1.0,Day,A3006,Lakshmi Reddy,2,0,95.0,95.0,240,0.0,100.0
2025-W09,social,Bengaluru,Chat Frontline,1.0,Day,A3012,Lakshmi Sethi,1,0,77.0,77.0,240,0.0,100.0
2025-W09,social,Bengaluru,Chat Frontline,1.0,Day,A3015,Yash Agarwal,1,0,42.0,42.0,240,0.0,100.0
2025-W09,social,Bengaluru,Chat Frontline,1.0,Morning,A3005,Sameer Joshi,1,0,172.0,172.0,240,0.0,100.0
2025-W09,social,Bengaluru,Logistics,1.0,Day,A3029,Rajat Iyer,1,0,17.0,17.0,240,0.0,100.0
2025-W09,social,Bengaluru,Returns Desk,1.0,Day,A3038,Amit Yadav,1,0,173.0,173.0,240,0.0,100.0
2025-W09,social,Indore,Billing,1.0,Morning,A3032,Aadhya Sheikh,1,0,114.0,114.0,240,0.0,100.0
2025-W09,social,Indore,Chat Frontline,1.0,Morning,A3013,Ritika Chatterjee,1,0,23.0,23.0,240,0.0,100.0
2025-W09,voice,Bengaluru,Billing,1.0,Day,A3034,Thomas Patel,2,0,30.0,30.0,120,0.0,100.0
2025-W09,voice,Bengaluru,Escalations & Warranty,2.0,Day,A3042,Steven Chopra,1,0,61.0,61.0,120,0.0,100.0
2025-W09,voice,Bengaluru,Logistics,1.0,Day,A3029,Rajat Iyer,2,0,32.0,32.0,120,0.0,100.0
2025-W09,voice,Bengaluru,Voice Frontline,1.0,Day,A3026,Lakshmi Qureshi,1,0,23.0,23.0,120,0.0,100.0
2025-W09,voice,Bengaluru,Voice Frontline,1.0,Morning,A3024,Kunal Khanna,3,1,63.666666666666664,42.0,120,33.33333333333333,66.66666666666667
2025-W10,chat,Bengaluru,Billing,1.0,Day,A3034,Thomas Patel,6,0,5.833333333333333,6.5,15,0.0,100.0
2025-W10,chat,Bengaluru,Billing,1.0,Morning,A3035,Rohit Mukherjee,1,0,0.0,0.0,15,0.0,100.0
2025-W10,chat,Bengaluru,Chat Frontline,1.0,Day,A3006,Lakshmi Reddy,3,0,9.333333333333334,11.0,15,0.0,100.0
2025-W10,chat,Bengaluru,Chat Frontline,1.0,Day,A3015,Yash Agarwal,1,0,11.0,11.0,15,0.0,100.0
2025-W10,chat,Bengaluru,Chat Frontline,1.0,Morning,A3005,Sameer Joshi,1,0,2.0,2.0,15,0.0,100.0
2025-W10,chat,Bengaluru,Chat Frontline,1.0,Morning,A3007,Neha Gaikwad,1,0,4.0,4.0,15,0.0,100.0
2025-W10,chat,Bengaluru,Chat Frontline,1.0,Morning,A3014,Diya Patil,1,0,10.0,10.0,15,0.0,100.0
2025-W10,chat,Bengaluru,Email Frontline,1.0,Day,A3022,Steven Tiwari,1,0,7.0,7.0,15,0.0,100.0
2025-W10,chat,Bengaluru,Escalations & Warranty,2.0,Day,A3042,Steven Chopra,2,0,3.5,3.5,15,0.0,100.0
2025-W10,chat,Bengaluru,Escalations & Warranty,2.0,Morning,A3043,Rohit Jain,1,0,1.0,1.0,15,0.0,100.0
2025-W10,chat,Bengaluru,Logistics,1.0,Day,A3030,Sunita Srivastava,3,0,7.0,6.0,15,0.0,100.0
2025-W10,chat,Bengaluru,Logistics,1.0,Morning,A3031,Om Malhotra,2,0,3.0,3.0,15,0.0,100.0
2025-W10,chat,Bengaluru,Returns Desk,1.0,Day,A3036,Rohit Shinde,1,0,1.0,1.0,15,0.0,100.0
2025-W10,chat,Bengaluru,Returns Desk,1.0,Day,A3038,Amit Yadav,2,0,7.0,7.0,15,0.0,100.0
2025-W10,chat,Bengaluru,Returns Desk,1.0,Morning,A3037,Rahul Sen,2,0,8.0,8.0,15,0.0,100.0
2025-W10,chat,Indore,Chat Frontline,1.0,Morning,A3008,Steven Kaur,1,0,2.0,2.0,15,0.0,100.0
2025-W10,chat,Indore,Chat Frontline,1.0,Morning,A3010,Neha Chatterjee,1,0,0.0,0.0,15,0.0,100.0
2025-W10,chat,Indore,Chat Frontline,1.0,Morning,A3013,Ritika Chatterjee,1,0,3.0,3.0,15,0.0,100.0
2025-W10,chat,Indore,Chat Frontline,1.0,Night,A3001,Zoya Mehta,3,0,4.666666666666667,3.0,15,0.0,100.0
2025-W10,chat,Indore,Escalations & Warranty,2.0,Day,A3041,Riya Fernandes,1,0,0.0,0.0,15,0.0,100.0
2025-W10,chat,Indore,Logistics,1.0,Morning,A3028,Krishna Kaur,4,0,3.25,1.5,15,0.0,100.0
2025-W10,email,Bengaluru,Billing,1.0,Day,A3034,Thomas Patel,1,0,85.0,85.0,480,0.0,100.0
2025-W10,email,Bengaluru,Billing,1.0,Morning,A3033,Amit Kulkarni,3,0,169.0,130.0,480,0.0,100.0
2025-W10,email,Bengaluru,Email Frontline,1.0,Day,A3021,Aditya Dhillon,1,1,510.0,510.0,480,100.0,0.0
2025-W10,email,Bengaluru,Email Frontline,1.0,Day,A3022,Steven Tiwari,2,0,350.0,350.0,480,0.0,100.0
2025-W10,email,Bengaluru,Email Frontline,1.0,Morning,A3018,Farah Sheikh,4,2,437.75,502.0,480,50.0,50.0
2025-W10,email,Bengaluru,Email Frontline,1.0,Morning,A3019,Sai Sandhu,3,1,263.0,120.0,480,33.33333333333333,66.66666666666667
2025-W10,email,Bengaluru,Escalations & Warranty,2.0,Morning,A3043,Rohit Jain,1,0,219.0,219.0,480,0.0,100.0
2025-W10,email,Bengaluru,Logistics,1.0,Day,A3030,Sunita Srivastava,2,0,107.0,107.0,480,0.0,100.0
2025-W10,email,Bengaluru,Logistics,1.0,Morning,A3031,Om Malhotra,2,0,110.0,110.0,480,0.0,100.0
2025-W10,email,Bengaluru,Returns Desk,1.0,Day,A3036,Rohit Shinde,2,0,221.5,221.5,480,0.0,100.0
2025-W10,email,Bengaluru,Returns Desk,1.0,Morning,A3037,Rahul Sen,1,0,51.0,51.0,480,0.0,100.0
2025-W10,email,Indore,Chat Frontline,1.0,Night,A3002,Tarun Mishra,4,0,244.25,181.0,480,0.0,100.0
2025-W10,email,Indore,Chat Frontline,1.0,Night,A3003,Harpreet Deshpande,1,0,242.0,242.0,480,0.0,100.0
2025-W10,email,Indore,Email Frontline,1.0,Night,A3017,Shreya Bhatt,1,0,345.0,345.0,480,0.0,100.0
2025-W10,email,Indore,Logistics,1.0,Morning,A3028,Krishna Kaur,2,1,340.0,340.0,480,50.0,50.0
2025-W10,social,Bengaluru,Chat Frontline,1.0,Day,A3004,Krishna Naidu,1,0,79.0,79.0,240,0.0,100.0
2025-W10,social,Bengaluru,Chat Frontline,1.0,Morning,A3007,Neha Gaikwad,1,0,33.0,33.0,240,0.0,100.0
2025-W10,social,Bengaluru,Escalations & Warranty,2.0,Morning,A3043,Rohit Jain,1,1,418.0,418.0,240,100.0,0.0
2025-W10,social,Bengaluru,Logistics,1.0,Day,A3030,Sunita Srivastava,1,0,61.0,61.0,240,0.0,100.0
2025-W10,social,Indore,Chat Frontline,1.0,Night,A3003,Harpreet Deshpande,1,0,119.0,119.0,240,0.0,100.0
2025-W10,voice,Bengaluru,Billing,1.0,Day,A3034,Thomas Patel,4,0,32.0,31.5,120,0.0,100.0
2025-W10,voice,Bengaluru,Logistics,1.0,Morning,A3031,Om Malhotra,1,0,48.0,48.0,120,0.0,100.0
2025-W10,voice,Bengaluru,Voice Frontline,1.0,Day,A3023,Rahul Khanna,3,0,27.333333333333332,22.0,120,0.0,100.0
2025-W10,voice,Bengaluru,Voice Frontline,1.0,Morning,A3025,Lobsang Rao,3,0,27.666666666666668,13.0,120,0.0,100.0
2025-W10,voice,Indore,Email Frontline,1.0,Night,A3017,Shreya Bhatt,1,0,13.0,13.0,120,0.0,100.0
2025-W11,chat,Bengaluru,Billing,1.0,Day,A3034,Thomas Patel,5,0,2.4,2.0,15,0.0,100.0
2025-W11,chat,Bengaluru,Billing,1.0,Morning,A3033,Amit Kulkarni,3,0,3.0,1.0,15,0.0,100.0
2025-W11,chat,Bengaluru,Billing,1.0,Morning,A3035,Rohit Mukherjee,1,0,5.0,5.0,15,0.0,100.0
2025-W11,chat,Bengaluru,Chat Frontline,1.0,Day,A3004,Krishna Naidu,2,0,4.0,4.0,15,0.0,100.0
2025-W11,chat,Bengaluru,Chat Frontline,1.0,Day,A3006,Lakshmi Reddy,3,1,11.0,5.0,15,33.33333333333333,66.66666666666667
2025-W11,chat,Bengaluru,Chat Frontline,1.0,Day,A3015,Yash Agarwal,1,0,12.0,12.0,15,0.0,100.0
2025-W11,chat,Bengaluru,Chat Frontline,1.0,Morning,A3005,Sameer Joshi,1,0,6.0,6.0,15,0.0,100.0
2025-W11,chat,Bengaluru,Chat Frontline,1.0,Morning,A3007,Neha Gaikwad,1,0,3.0,3.0,15,0.0,100.0
2025-W11,chat,Bengaluru,Email Frontline,1.0,Day,A3022,Steven Tiwari,1,0,1.0,1.0,15,0.0,100.0
2025-W11,chat,Bengaluru,Escalations & Warranty,2.0,Morning,A3043,Rohit Jain,4,0,3.5,2.0,15,0.0,100.0
2025-W11,chat,Bengaluru,Logistics,1.0,Day,A3029,Rajat Iyer,2,0,1.5,1.5,15,0.0,100.0
2025-W11,chat,Bengaluru,Logistics,1.0,Day,A3030,Sunita Srivastava,3,0,5.333333333333333,4.0,15,0.0,100.0
2025-W11,chat,Bengaluru,Logistics,1.0,Morning,A3031,Om Malhotra,3,0,5.666666666666667,1.0,15,0.0,100.0
2025-W11,chat,Bengaluru,Returns Desk,1.0,Day,A3036,Rohit Shinde,2,0,0.0,0.0,15,0.0,100.0
2025-W11,chat,Bengaluru,Returns Desk,1.0,Day,A3038,Amit Yadav,2,0,4.5,4.5,15,0.0,100.0
2025-W11,chat,Bengaluru,Returns Desk,1.0,Morning,A3037,Rahul Sen,5,0,7.6,9.0,15,0.0,100.0
2025-W11,chat,Indore,Billing,1.0,Morning,A3032,Aadhya Sheikh,1,1,16.0,16.0,15,100.0,0.0
2025-W11,chat,Indore,Chat Frontline,1.0,Morning,A3008,Steven Kaur,1,0,6.0,6.0,15,0.0,100.0
2025-W11,chat,Indore,Chat Frontline,1.0,Morning,A3010,Neha Chatterjee,1,0,1.0,1.0,15,0.0,100.0
2025-W11,chat,Indore,Chat Frontline,1.0,Morning,A3011,Karan Roy,4,1,7.5,6.0,15,25.0,75.0
2025-W11,chat,Indore,Chat Frontline,1.0,Night,A3002,Tarun Mishra,1,0,9.0,9.0,15,0.0,100.0
2025-W11,chat,Indore,Chat Frontline,1.0,Night,A3003,Harpreet Deshpande,1,0,2.0,2.0,15,0.0,100.0
2025-W11,chat,Indore,Email Frontline,1.0,Night,A3017,Shreya Bhatt,1,0,3.0,3.0,15,0.0,100.0
2025-W11,chat,Indore,Escalations & Warranty,2.0,Day,A3041,Riya Fernandes,1,0,0.0,0.0,15,0.0,100.0
2025-W11,chat,Indore,Logistics,1.0,Day,A3027,Dev Chatterjee,1,0,4.0,4.0,15,0.0,100.0
2025-W11,chat,Indore,Logistics,1.0,Morning,A3028,Krishna Kaur,2,0,1.5,1.5,15,0.0,100.0
2025-W11,email,Bengaluru,Billing,1.0,Day,A3034,Thomas Patel,3,0,255.0,187.0,480,0.0,100.0
2025-W11,email,Bengaluru,Billing,1.0,Morning,A3033,Amit Kulkarni,1,0,381.0,381.0,480,0.0,100.0
2025-W11,email,Bengaluru,Billing,1.0,Morning,A3035,Rohit Mukherjee,2,0,140.5,140.5,480,0.0,100.0
2025-W11,email,Bengaluru,Email Frontline,1.0,Day,A3021,Aditya Dhillon,4,0,130.75,140.5,480,0.0,100.0
2025-W11,email,Bengaluru,Email Frontline,1.0,Day,A3022,Steven Tiwari,1,0,194.0,194.0,480,0.0,100.0
2025-W11,email,Bengaluru,Email Frontline,1.0,Morning,A3018,Farah Sheikh,3,2,393.6666666666667,504.0,480,66.66666666666666,33.33333333333334
2025-W11,email,Bengaluru,Email Frontline,1.0,Morning,A3019,Sai Sandhu,4,0,209.25,219.0,480,0.0,100.0
2025-W11,email,Bengaluru,Escalations & Warranty,2.0,Morning,A3039,Riya Gaikwad,1,1,828.0,828.0,480,100.0,0.0
2025-W11,email,Bengaluru,Logistics,1.0,Day,A3029,Rajat Iyer,2,0,304.0,304.0,480,0.0,100.0
2025-W11,email,Bengaluru,Returns Desk,1.0,Day,A3036,Rohit Shinde,1,0,117.0,117.0,480,0.0,100.0
2025-W11,email,Bengaluru,Returns Desk,1.0,Day,A3038,Amit Yadav,3,0,288.0,382.0,480,0.0,100.0
2025-W11,email,Indore,Chat Frontline,1.0,Night,A3001,Zoya Mehta,1,0,55.0,55.0,480,0.0,100.0
2025-W11,email,Indore,Chat Frontline,1.0,Night,A3002,Tarun Mishra,2,0,279.0,279.0,480,0.0,100.0
2025-W11,email,Indore,Email Frontline,1.0,Night,A3016,Deepak Jadhav,2,1,487.5,487.5,480,50.0,50.0
2025-W11,email,Indore,Logistics,1.0,Morning,A3028,Krishna Kaur,1,1,539.0,539.0,480,100.0,0.0
2025-W11,social,Bengaluru,Billing,1.0,Morning,A3033,Amit Kulkarni,2,1,214.5,214.5,240,50.0,50.0
2025-W11,social,Bengaluru,Chat Frontline,1.0,Day,A3004,Krishna Naidu,1,0,149.0,149.0,240,0.0,100.0
2025-W11,social,Bengaluru,Chat Frontline,1.0,Day,A3015,Yash Agarwal,1,0,46.0,46.0,240,0.0,100.0
2025-W11,social,Bengaluru,Email Frontline,1.0,Morning,A3019,Sai Sandhu,1,0,101.0,101.0,240,0.0,100.0
2025-W11,social,Bengaluru,Logistics,1.0,Morning,A3031,Om Malhotra,1,0,139.0,139.0,240,0.0,100.0
2025-W11,social,Bengaluru,Returns Desk,1.0,Morning,A3037,Rahul Sen,2,0,44.5,44.5,240,0.0,100.0
2025-W11,social,Indore,Chat Frontline,1.0,Night,A3003,Harpreet Deshpande,1,0,21.0,21.0,240,0.0,100.0
2025-W11,voice,Bengaluru,Billing,1.0,Day,A3034,Thomas Patel,2,0,28.5,28.5,120,0.0,100.0
2025-W11,voice,Bengaluru,Escalations & Warranty,2.0,Morning,A3039,Riya Gaikwad,1,0,21.0,21.0,120,0.0,100.0
2025-W11,voice,Bengaluru,Logistics,1.0,Morning,A3031,Om Malhotra,1,0,7.0,7.0,120,0.0,100.0
2025-W11,voice,Bengaluru,Voice Frontline,1.0,Day,A3026,Lakshmi Qureshi,2,0,13.0,13.0,120,0.0,100.0
2025-W11,voice,Indore,Billing,1.0,Morning,A3032,Aadhya Sheikh,1,0,18.0,18.0,120,0.0,100.0
2025-W11,voice,Indore,Logistics,1.0,Day,A3027,Dev Chatterjee,1,0,42.0,42.0,120,0.0,100.0
2025-W12,chat,Bengaluru,Billing,1.0,Day,A3034,Thomas Patel,1,0,5.0,5.0,15,0.0,100.0
2025-W12,chat,Bengaluru,Billing,1.0,Morning,A3033,Amit Kulkarni,1,1,20.0,20.0,15,100.0,0.0
2025-W12,chat,Bengaluru,Billing,1.0,Morning,A3035,Rohit Mukherjee,3,0,5.666666666666667,6.0,15,0.0,100.0
2025-W12,chat,Bengaluru,Chat Frontline,1.0,Day,A3004,Krishna Naidu,1,0,5.0,5.0,15,0.0,100.0
2025-W12,chat,Bengaluru,Chat Frontline,1.0,Day,A3006,Lakshmi Reddy,4,0,7.25,8.5,15,0.0,100.0
2025-W12,chat,Bengaluru,Chat Frontline,1.0,Day,A3012,Lakshmi Sethi,2,0,4.0,4.0,15,0.0,100.0
2025-W12,chat,Bengaluru,Chat Frontline,1.0,Day,A3015,Yash Agarwal,2,0,3.0,3.0,15,0.0,100.0
2025-W12,chat,Bengaluru,Chat Frontline,1.0,Morning,A3009,Ramesh Patel,2,0,3.0,3.0,15,0.0,100.0
2025-W12,chat,Bengaluru,Chat Frontline,1.0,Morning,A3014,Diya Patil,3,0,3.0,2.0,15,0.0,100.0
2025-W12,chat,Bengaluru,Email Frontline,1.0,Day,A3021,Aditya Dhillon,1,0,7.0,7.0,15,0.0,100.0
2025-W12,chat,Bengaluru,Escalations & Warranty,2.0,Day,A3042,Steven Chopra,1,0,3.0,3.0,15,0.0,100.0
2025-W12,chat,Bengaluru,Escalations & Warranty,2.0,Day,A3044,Kunal Malhotra,1,0,8.0,8.0,15,0.0,100.0
2025-W12,chat,Bengaluru,Escalations & Warranty,2.0,Morning,A3039,Riya Gaikwad,1,0,6.0,6.0,15,0.0,100.0
2025-W12,chat,Bengaluru,Escalations & Warranty,2.0,Morning,A3043,Rohit Jain,1,1,16.0,16.0,15,100.0,0.0
2025-W12,chat,Bengaluru,Logistics,1.0,Day,A3029,Rajat Iyer,1,0,5.0,5.0,15,0.0,100.0
2025-W12,chat,Bengaluru,Logistics,1.0,Morning,A3031,Om Malhotra,1,1,40.0,40.0,15,100.0,0.0
2025-W12,chat,Bengaluru,Returns Desk,1.0,Morning,A3037,Rahul Sen,2,0,2.0,2.0,15,0.0,100.0
2025-W12,chat,Indore,Billing,1.0,Morning,A3032,Aadhya Sheikh,3,0,2.6666666666666665,1.0,15,0.0,100.0
2025-W12,chat,Indore,Chat Frontline,1.0,Morning,A3011,Karan Roy,1,0,12.0,12.0,15,0.0,100.0
2025-W12,chat,Indore,Chat Frontline,1.0,Morning,A3013,Ritika Chatterjee,1,0,5.0,5.0,15,0.0,100.0
2025-W12,chat,Indore,Email Frontline,1.0,Night,A3016,Deepak Jadhav,1,0,1.0,1.0,15,0.0,100.0
2025-W12,chat,Indore,Email Frontline,1.0,Night,A3017,Shreya Bhatt,2,1,14.0,14.0,15,50.0,50.0
2025-W12,chat,Indore,Logistics,1.0,Day,A3027,Dev Chatterjee,1,0,4.0,4.0,15,0.0,100.0
2025-W12,chat,Indore,Logistics,1.0,Morning,A3028,Krishna Kaur,1,1,20.0,20.0,15,100.0,0.0
2025-W12,email,Bengaluru,Billing,1.0,Day,A3034,Thomas Patel,2,0,61.5,61.5,480,0.0,100.0
2025-W12,email,Bengaluru,Billing,1.0,Morning,A3033,Amit Kulkarni,2,1,526.0,526.0,480,50.0,50.0
2025-W12,email,Bengaluru,Billing,1.0,Morning,A3035,Rohit Mukherjee,2,0,86.5,86.5,480,0.0,100.0
2025-W12,email,Bengaluru,Email Frontline,1.0,Day,A3020,Ramesh Ghosh,2,0,204.0,204.0,480,0.0,100.0
2025-W12,email,Bengaluru,Email Frontline,1.0,Day,A3022,Steven Tiwari,2,1,689.0,689.0,480,50.0,50.0
2025-W12,email,Bengaluru,Email Frontline,1.0,Morning,A3019,Sai Sandhu,2,0,261.0,261.0,480,0.0,100.0
2025-W12,email,Bengaluru,Escalations & Warranty,2.0,Morning,A3039,Riya Gaikwad,1,0,377.0,377.0,480,0.0,100.0
2025-W12,email,Bengaluru,Logistics,1.0,Day,A3029,Rajat Iyer,2,0,130.5,130.5,480,0.0,100.0
2025-W12,email,Bengaluru,Logistics,1.0,Day,A3030,Sunita Srivastava,2,0,137.0,137.0,480,0.0,100.0
2025-W12,email,Bengaluru,Logistics,1.0,Morning,A3031,Om Malhotra,2,1,703.5,703.5,480,50.0,50.0
2025-W12,email,Bengaluru,Returns Desk,1.0,Day,A3038,Amit Yadav,1,1,2037.0,2037.0,480,100.0,0.0
2025-W12,email,Bengaluru,Returns Desk,1.0,Morning,A3037,Rahul Sen,2,0,311.5,311.5,480,0.0,100.0
2025-W12,email,Indore,Billing,1.0,Morning,A3032,Aadhya Sheikh,1,1,732.0,732.0,480,100.0,0.0
2025-W12,email,Indore,Chat Frontline,1.0,Night,A3001,Zoya Mehta,2,0,79.0,79.0,480,0.0,100.0
2025-W12,email,Indore,Chat Frontline,1.0,Night,A3003,Harpreet Deshpande,2,0,189.5,189.5,480,0.0,100.0
2025-W12,email,Indore,Logistics,1.0,Morning,A3028,Krishna Kaur,2,0,65.0,65.0,480,0.0,100.0
2025-W12,social,Bengaluru,Billing,1.0,Morning,A3033,Amit Kulkarni,1,0,38.0,38.0,240,0.0,100.0
2025-W12,social,Bengaluru,Chat Frontline,1.0,Day,A3015,Yash Agarwal,2,0,45.0,45.0,240,0.0,100.0
2025-W12,social,Bengaluru,Escalations & Warranty,2.0,Morning,A3043,Rohit Jain,1,0,160.0,160.0,240,0.0,100.0
2025-W12,social,Bengaluru,Logistics,1.0,Morning,A3031,Om Malhotra,2,0,92.0,92.0,240,0.0,100.0
2025-W12,social,Bengaluru,Returns Desk,1.0,Day,A3036,Rohit Shinde,1,0,90.0,90.0,240,0.0,100.0
2025-W12,social,Indore,Chat Frontline,1.0,Morning,A3011,Karan Roy,1,0,122.0,122.0,240,0.0,100.0
2025-W12,voice,Bengaluru,Billing,1.0,Day,A3034,Thomas Patel,1,0,40.0,40.0,120,0.0,100.0
2025-W12,voice,Bengaluru,Logistics,1.0,Day,A3030,Sunita Srivastava,1,0,27.0,27.0,120,0.0,100.0
2025-W12,voice,Bengaluru,Logistics,1.0,Morning,A3031,Om Malhotra,1,0,51.0,51.0,120,0.0,100.0
2025-W12,voice,Bengaluru,Returns Desk,1.0,Day,A3036,Rohit Shinde,3,0,19.666666666666668,22.0,120,0.0,100.0
2025-W12,voice,Bengaluru,Voice Frontline,1.0,Day,A3023,Rahul Khanna,3,0,36.666666666666664,39.0,120,0.0,100.0
2025-W12,voice,Bengaluru,Voice Frontline,1.0,Morning,A3024,Kunal Khanna,1,0,24.0,24.0,120,0.0,100.0
2025-W12,voice,Bengaluru,Voice Frontline,1.0,Morning,A3025,Lobsang Rao,2,0,38.0,38.0,120,0.0,100.0
2025-W12,voice,Indore,Logistics,1.0,Morning,A3028,Krishna Kaur,1,0,16.0,16.0,120,0.0,100.0
2025-W13,chat,Bengaluru,Billing,1.0,Day,A3034,Thomas Patel,3,0,0.3333333333333333,0.0,15,0.0,100.0
2025-W13,chat,Bengaluru,Billing,1.0,Morning,A3035,Rohit Mukherjee,1,0,6.0,6.0,15,0.0,100.0
2025-W13,chat,Bengaluru,Chat Frontline,1.0,Day,A3004,Krishna Naidu,3,0,3.0,3.0,15,0.0,100.0
2025-W13,chat,Bengaluru,Chat Frontline,1.0,Day,A3006,Lakshmi Reddy,2,0,1.5,1.5,15,0.0,100.0
2025-W13,chat,Bengaluru,Chat Frontline,1.0,Day,A3015,Yash Agarwal,1,0,1.0,1.0,15,0.0,100.0
2025-W13,chat,Bengaluru,Chat Frontline,1.0,Morning,A3009,Ramesh Patel,2,0,9.5,9.5,15,0.0,100.0
2025-W13,chat,Bengaluru,Chat Frontline,1.0,Morning,A3014,Diya Patil,2,0,5.0,5.0,15,0.0,100.0
2025-W13,chat,Bengaluru,Escalations & Warranty,2.0,Day,A3040,Thomas Arora,1,0,3.0,3.0,15,0.0,100.0
2025-W13,chat,Bengaluru,Escalations & Warranty,2.0,Day,A3042,Steven Chopra,1,0,6.0,6.0,15,0.0,100.0
2025-W13,chat,Bengaluru,Escalations & Warranty,2.0,Morning,A3039,Riya Gaikwad,2,0,3.5,3.5,15,0.0,100.0
2025-W13,chat,Bengaluru,Escalations & Warranty,2.0,Morning,A3043,Rohit Jain,1,0,1.0,1.0,15,0.0,100.0
2025-W13,chat,Bengaluru,Logistics,1.0,Day,A3030,Sunita Srivastava,2,0,1.0,1.0,15,0.0,100.0
2025-W13,chat,Bengaluru,Logistics,1.0,Morning,A3031,Om Malhotra,1,0,1.0,1.0,15,0.0,100.0
2025-W13,chat,Bengaluru,Returns Desk,1.0,Day,A3036,Rohit Shinde,1,0,7.0,7.0,15,0.0,100.0
2025-W13,chat,Bengaluru,Returns Desk,1.0,Morning,A3037,Rahul Sen,5,0,6.0,8.0,15,0.0,100.0
2025-W13,chat,Indore,Billing,1.0,Morning,A3032,Aadhya Sheikh,2,0,1.5,1.5,15,0.0,100.0
2025-W13,chat,Indore,Chat Frontline,1.0,Morning,A3008,Steven Kaur,1,0,5.0,5.0,15,0.0,100.0
2025-W13,chat,Indore,Chat Frontline,1.0,Morning,A3010,Neha Chatterjee,2,0,4.5,4.5,15,0.0,100.0
2025-W13,chat,Indore,Chat Frontline,1.0,Morning,A3011,Karan Roy,1,1,37.0,37.0,15,100.0,0.0
2025-W13,chat,Indore,Chat Frontline,1.0,Night,A3002,Tarun Mishra,1,0,6.0,6.0,15,0.0,100.0
2025-W13,chat,Indore,Logistics,1.0,Day,A3027,Dev Chatterjee,2,0,3.0,3.0,15,0.0,100.0
2025-W13,chat,Indore,Logistics,1.0,Morning,A3028,Krishna Kaur,2,0,3.0,3.0,15,0.0,100.0
2025-W13,email,Bengaluru,Billing,1.0,Morning,A3033,Amit Kulkarni,1,0,143.0,143.0,480,0.0,100.0
2025-W13,email,Bengaluru,Billing,1.0,Morning,A3035,Rohit Mukherjee,3,1,250.0,109.0,480,33.33333333333333,66.66666666666667
2025-W13,email,Bengaluru,Email Frontline,1.0,Day,A3020,Ramesh Ghosh,1,0,213.0,213.0,480,0.0,100.0
2025-W13,email,Bengaluru,Email Frontline,1.0,Day,A3021,Aditya Dhillon,2,0,139.0,139.0,480,0.0,100.0
2025-W13,email,Bengaluru,Email Frontline,1.0,Day,A3022,Steven Tiwari,1,0,80.0,80.0,480,0.0,100.0
2025-W13,email,Bengaluru,Email Frontline,1.0,Morning,A3018,Farah Sheikh,2,1,462.5,462.5,480,50.0,50.0
2025-W13,email,Bengaluru,Email Frontline,1.0,Morning,A3019,Sai Sandhu,2,1,642.5,642.5,480,50.0,50.0
2025-W13,email,Bengaluru,Escalations & Warranty,2.0,Day,A3042,Steven Chopra,1,0,121.0,121.0,480,0.0,100.0
2025-W13,email,Bengaluru,Escalations & Warranty,2.0,Morning,A3043,Rohit Jain,2,0,211.5,211.5,480,0.0,100.0
2025-W13,email,Bengaluru,Logistics,1.0,Morning,A3031,Om Malhotra,3,0,97.0,104.0,480,0.0,100.0
2025-W13,email,Bengaluru,Returns Desk,1.0,Day,A3036,Rohit Shinde,1,0,444.0,444.0,480,0.0,100.0
2025-W13,email,Bengaluru,Returns Desk,1.0,Morning,A3037,Rahul Sen,2,1,410.0,410.0,480,50.0,50.0
2025-W13,email,Indore,Billing,1.0,Morning,A3032,Aadhya Sheikh,4,1,219.0,156.5,480,25.0,75.0
2025-W13,email,Indore,Chat Frontline,1.0,Night,A3001,Zoya Mehta,1,0,202.0,202.0,480,0.0,100.0
2025-W13,email,Indore,Chat Frontline,1.0,Night,A3002,Tarun Mishra,2,0,242.5,242.5,480,0.0,100.0
2025-W13,email,Indore,Chat Frontline,1.0,Night,A3003,Harpreet Deshpande,1,0,68.0,68.0,480,0.0,100.0
2025-W13,social,Bengaluru,Billing,1.0,Morning,A3033,Amit Kulkarni,1,0,18.0,18.0,240,0.0,100.0
2025-W13,social,Bengaluru,Chat Frontline,1.0,Day,A3012,Lakshmi Sethi,1,0,85.0,85.0,240,0.0,100.0
2025-W13,social,Bengaluru,Chat Frontline,1.0,Day,A3015,Yash Agarwal,1,0,56.0,56.0,240,0.0,100.0
2025-W13,social,Bengaluru,Chat Frontline,1.0,Morning,A3005,Sameer Joshi,1,0,22.0,22.0,240,0.0,100.0
2025-W13,social,Bengaluru,Returns Desk,1.0,Day,A3036,Rohit Shinde,1,0,107.0,107.0,240,0.0,100.0
2025-W13,social,Bengaluru,Returns Desk,1.0,Day,A3038,Amit Yadav,1,0,89.0,89.0,240,0.0,100.0
2025-W13,social,Indore,Billing,1.0,Morning,A3032,Aadhya Sheikh,1,0,24.0,24.0,240,0.0,100.0
2025-W13,social,Indore,Chat Frontline,1.0,Morning,A3011,Karan Roy,1,0,207.0,207.0,240,0.0,100.0
2025-W13,social,Indore,Chat Frontline,1.0,Morning,A3013,Ritika Chatterjee,1,0,100.0,100.0,240,0.0,100.0
2025-W13,voice,Bengaluru,Returns Desk,1.0,Day,A3036,Rohit Shinde,1,0,6.0,6.0,120,0.0,100.0
2025-W13,voice,Bengaluru,Returns Desk,1.0,Day,A3038,Amit Yadav,1,0,40.0,40.0,120,0.0,100.0
2025-W13,voice,Bengaluru,Returns Desk,1.0,Morning,A3037,Rahul Sen,1,0,47.0,47.0,120,0.0,100.0
2025-W13,voice,Bengaluru,Voice Frontline,1.0,Day,A3023,Rahul Khanna,1,0,52.0,52.0,120,0.0,100.0
2025-W13,voice,Bengaluru,Voice Frontline,1.0,Day,A3026,Lakshmi Qureshi,2,0,40.0,40.0,120,0.0,100.0
2025-W13,voice,Bengaluru,Voice Frontline,1.0,Morning,A3025,Lobsang Rao,2,0,33.5,33.5,120,0.0,100.0
2025-W13,voice,Indore,Chat Frontline,1.0,Night,A3003,Harpreet Deshpande,1,0,50.0,50.0,120,0.0,100.0
2025-W14,chat,Bengaluru,Billing,1.0,Day,A3034,Thomas Patel,2,0,3.0,3.0,15,0.0,100.0
2025-W14,chat,Bengaluru,Billing,1.0,Morning,A3033,Amit Kulkarni,1,0,5.0,5.0,15,0.0,100.0
2025-W14,chat,Bengaluru,Chat Frontline,1.0,Day,A3004,Krishna Naidu,5,0,5.4,7.0,15,0.0,100.0
2025-W14,chat,Bengaluru,Chat Frontline,1.0,Day,A3006,Lakshmi Reddy,3,0,4.666666666666667,4.0,15,0.0,100.0
2025-W14,chat,Bengaluru,Chat Frontline,1.0,Day,A3012,Lakshmi Sethi,5,0,3.8,2.0,15,0.0,100.0
2025-W14,chat,Bengaluru,Chat Frontline,1.0,Day,A3015,Yash Agarwal,1,1,23.0,23.0,15,100.0,0.0
2025-W14,chat,Bengaluru,Chat Frontline,1.0,Morning,A3005,Sameer Joshi,2,0,4.0,4.0,15,0.0,100.0
2025-W14,chat,Bengaluru,Chat Frontline,1.0,Morning,A3009,Ramesh Patel,2,0,2.5,2.5,15,0.0,100.0
2025-W14,chat,Bengaluru,Chat Frontline,1.0,Morning,A3014,Diya Patil,3,1,33.666666666666664,14.0,15,33.33333333333333,66.66666666666667
2025-W14,chat,Bengaluru,Escalations & Warranty,2.0,Day,A3040,Thomas Arora,1,0,10.0,10.0,15,0.0,100.0
2025-W14,chat,Bengaluru,Escalations & Warranty,2.0,Morning,A3039,Riya Gaikwad,1,0,15.0,15.0,15,0.0,100.0
2025-W14,chat,Bengaluru,Escalations & Warranty,2.0,Morning,A3043,Rohit Jain,1,0,8.0,8.0,15,0.0,100.0
2025-W14,chat,Bengaluru,Logistics,1.0,Day,A3030,Sunita Srivastava,1,0,8.0,8.0,15,0.0,100.0
2025-W14,chat,Bengaluru,Logistics,1.0,Morning,A3031,Om Malhotra,5,0,5.4,5.0,15,0.0,100.0
2025-W14,chat,Bengaluru,Returns Desk,1.0,Day,A3036,Rohit Shinde,2,1,9.0,9.0,15,50.0,50.0
2025-W14,chat,Bengaluru,Returns Desk,1.0,Morning,A3037,Rahul Sen,1,0,3.0,3.0,15,0.0,100.0
2025-W14,chat,Indore,Billing,1.0,Morning,A3032,Aadhya Sheikh,1,0,4.0,4.0,15,0.0,100.0
2025-W14,chat,Indore,Chat Frontline,1.0,Morning,A3008,Steven Kaur,2,0,1.5,1.5,15,0.0,100.0
2025-W14,chat,Indore,Chat Frontline,1.0,Morning,A3011,Karan Roy,3,1,7.333333333333333,6.0,15,33.33333333333333,66.66666666666667
2025-W14,chat,Indore,Chat Frontline,1.0,Morning,A3013,Ritika Chatterjee,2,0,3.5,3.5,15,0.0,100.0
2025-W14,chat,Indore,Chat Frontline,1.0,Night,A3002,Tarun Mishra,2,0,2.5,2.5,15,0.0,100.0
2025-W14,chat,Indore,Chat Frontline,1.0,Night,A3003,Harpreet Deshpande,1,0,5.0,5.0,15,0.0,100.0
2025-W14,chat,Indore,Email Frontline,1.0,Night,A3016,Deepak Jadhav,1,1,17.0,17.0,15,100.0,0.0
2025-W14,chat,Indore,Email Frontline,1.0,Night,A3017,Shreya Bhatt,2,0,6.5,6.5,15,0.0,100.0
2025-W14,chat,Indore,Logistics,1.0,Day,A3027,Dev Chatterjee,2,1,11.5,11.5,15,50.0,50.0
2025-W14,chat,Indore,Logistics,1.0,Morning,A3028,Krishna Kaur,2,0,4.5,4.5,15,0.0,100.0
2025-W14,email,Bengaluru,Billing,1.0,Day,A3034,Thomas Patel,1,0,261.0,261.0,480,0.0,100.0
2025-W14,email,Bengaluru,Billing,1.0,Morning,A3035,Rohit Mukherjee,2,1,2742.0,2742.0,480,50.0,50.0
2025-W14,email,Bengaluru,Email Frontline,1.0,Day,A3020,Ramesh Ghosh,3,0,230.0,136.0,480,0.0,100.0
2025-W14,email,Bengaluru,Email Frontline,1.0,Day,A3021,Aditya Dhillon,5,1,242.4,153.0,480,20.0,80.0
2025-W14,email,Bengaluru,Email Frontline,1.0,Day,A3022,Steven Tiwari,1,0,101.0,101.0,480,0.0,100.0
2025-W14,email,Bengaluru,Email Frontline,1.0,Morning,A3018,Farah Sheikh,2,0,178.5,178.5,480,0.0,100.0
2025-W14,email,Bengaluru,Email Frontline,1.0,Morning,A3019,Sai Sandhu,3,0,102.33333333333333,107.0,480,0.0,100.0
2025-W14,email,Bengaluru,Escalations & Warranty,2.0,Day,A3040,Thomas Arora,1,0,68.0,68.0,480,0.0,100.0
2025-W14,email,Bengaluru,Escalations & Warranty,2.0,Morning,A3043,Rohit Jain,1,1,485.0,485.0,480,100.0,0.0
2025-W14,email,Bengaluru,Logistics,1.0,Day,A3029,Rajat Iyer,1,0,224.0,224.0,480,0.0,100.0
2025-W14,email,Bengaluru,Logistics,1.0,Morning,A3031,Om Malhotra,2,0,194.5,194.5,480,0.0,100.0
2025-W14,email,Bengaluru,Returns Desk,1.0,Day,A3038,Amit Yadav,2,0,76.0,76.0,480,0.0,100.0
2025-W14,email,Bengaluru,Returns Desk,1.0,Morning,A3037,Rahul Sen,1,0,191.0,191.0,480,0.0,100.0
2025-W14,email,Indore,Billing,1.0,Morning,A3032,Aadhya Sheikh,1,0,30.0,30.0,480,0.0,100.0
2025-W14,email,Indore,Chat Frontline,1.0,Morning,A3010,Neha Chatterjee,1,0,400.0,400.0,480,0.0,100.0
2025-W14,email,Indore,Chat Frontline,1.0,Night,A3001,Zoya Mehta,1,0,228.0,228.0,480,0.0,100.0
2025-W14,email,Indore,Chat Frontline,1.0,Night,A3002,Tarun Mishra,1,0,325.0,325.0,480,0.0,100.0
2025-W14,email,Indore,Email Frontline,1.0,Night,A3016,Deepak Jadhav,1,0,156.0,156.0,480,0.0,100.0
2025-W14,email,Indore,Email Frontline,1.0,Night,A3017,Shreya Bhatt,1,0,118.0,118.0,480,0.0,100.0
2025-W14,email,Indore,Logistics,1.0,Day,A3027,Dev Chatterjee,1,0,112.0,112.0,480,0.0,100.0
2025-W14,email,Indore,Logistics,1.0,Morning,A3028,Krishna Kaur,4,0,284.5,305.0,480,0.0,100.0
2025-W14,social,Bengaluru,Billing,1.0,Morning,A3035,Rohit Mukherjee,1,0,115.0,115.0,240,0.0,100.0
2025-W14,social,Bengaluru,Chat Frontline,1.0,Day,A3004,Krishna Naidu,1,1,242.0,242.0,240,100.0,0.0
2025-W14,social,Bengaluru,Chat Frontline,1.0,Day,A3015,Yash Agarwal,1,0,175.0,175.0,240,0.0,100.0
2025-W14,social,Indore,Chat Frontline,1.0,Morning,A3008,Steven Kaur,1,0,135.0,135.0,240,0.0,100.0
2025-W14,social,Indore,Chat Frontline,1.0,Morning,A3010,Neha Chatterjee,1,0,62.0,62.0,240,0.0,100.0
2025-W14,social,Indore,Logistics,1.0,Day,A3027,Dev Chatterjee,1,0,48.0,48.0,240,0.0,100.0
2025-W14,voice,Bengaluru,Billing,1.0,Day,A3034,Thomas Patel,1,0,69.0,69.0,120,0.0,100.0
2025-W14,voice,Bengaluru,Billing,1.0,Morning,A3033,Amit Kulkarni,1,0,60.0,60.0,120,0.0,100.0
2025-W14,voice,Bengaluru,Billing,1.0,Morning,A3035,Rohit Mukherjee,1,0,26.0,26.0,120,0.0,100.0
2025-W14,voice,Bengaluru,Voice Frontline,1.0,Day,A3026,Lakshmi Qureshi,1,1,140.0,140.0,120,100.0,0.0
2025-W14,voice,Bengaluru,Voice Frontline,1.0,Morning,A3024,Kunal Khanna,3,0,38.333333333333336,43.0,120,0.0,100.0
2025-W14,voice,Bengaluru,Voice Frontline,1.0,Morning,A3025,Lobsang Rao,1,0,48.0,48.0,120,0.0,100.0
2025-W15,chat,Bengaluru,Billing,1.0,Day,A3034,Thomas Patel,2,1,11.0,11.0,15,50.0,50.0
2025-W15,chat,Bengaluru,Billing,1.0,Morning,A3033,Amit Kulkarni,3,0,4.0,3.0,15,0.0,100.0
2025-W15,chat,Bengaluru,Chat Frontline,1.0,Day,A3006,Lakshmi Reddy,2,0,2.0,2.0,15,0.0,100.0
2025-W15,chat,Bengaluru,Chat Frontline,1.0,Day,A3012,Lakshmi Sethi,2,0,4.5,4.5,15,0.0,100.0
2025-W15,chat,Bengaluru,Chat Frontline,1.0,Day,A3015,Yash Agarwal,2,1,11.5,11.5,15,50.0,50.0
2025-W15,chat,Bengaluru,Chat Frontline,1.0,Morning,A3005,Sameer Joshi,2,0,8.0,8.0,15,0.0,100.0
2025-W15,chat,Bengaluru,Chat Frontline,1.0,Morning,A3009,Ramesh Patel,3,0,6.333333333333333,7.0,15,0.0,100.0
2025-W15,chat,Bengaluru,Escalations & Warranty,2.0,Day,A3040,Thomas Arora,1,0,6.0,6.0,15,0.0,100.0
2025-W15,chat,Bengaluru,Escalations & Warranty,2.0,Morning,A3039,Riya Gaikwad,2,0,2.0,2.0,15,0.0,100.0
2025-W15,chat,Bengaluru,Logistics,1.0,Day,A3029,Rajat Iyer,1,0,2.0,2.0,15,0.0,100.0
2025-W15,chat,Bengaluru,Logistics,1.0,Morning,A3031,Om Malhotra,2,0,5.0,5.0,15,0.0,100.0
2025-W15,chat,Bengaluru,Returns Desk,1.0,Day,A3038,Amit Yadav,1,0,7.0,7.0,15,0.0,100.0
2025-W15,chat,Indore,Billing,1.0,Morning,A3032,Aadhya Sheikh,3,0,6.666666666666667,5.0,15,0.0,100.0
2025-W15,chat,Indore,Chat Frontline,1.0,Morning,A3008,Steven Kaur,2,0,1.0,1.0,15,0.0,100.0
2025-W15,chat,Indore,Chat Frontline,1.0,Morning,A3010,Neha Chatterjee,3,0,2.6666666666666665,3.0,15,0.0,100.0
2025-W15,chat,Indore,Chat Frontline,1.0,Morning,A3013,Ritika Chatterjee,2,0,3.0,3.0,15,0.0,100.0
2025-W15,chat,Indore,Email Frontline,1.0,Night,A3017,Shreya Bhatt,1,0,4.0,4.0,15,0.0,100.0
2025-W15,chat,Indore,Logistics,1.0,Day,A3027,Dev Chatterjee,2,1,13.5,13.5,15,50.0,50.0
2025-W15,chat,Indore,Logistics,1.0,Morning,A3028,Krishna Kaur,1,0,1.0,1.0,15,0.0,100.0
2025-W15,email,Bengaluru,Billing,1.0,Day,A3034,Thomas Patel,2,0,106.0,106.0,480,0.0,100.0
2025-W15,email,Bengaluru,Chat Frontline,1.0,Day,A3015,Yash Agarwal,1,0,257.0,257.0,480,0.0,100.0
2025-W15,email,Bengaluru,Email Frontline,1.0,Day,A3021,Aditya Dhillon,1,0,193.0,193.0,480,0.0,100.0
2025-W15,email,Bengaluru,Email Frontline,1.0,Day,A3022,Steven Tiwari,1,0,380.0,380.0,480,0.0,100.0
2025-W15,email,Bengaluru,Email Frontline,1.0,Morning,A3018,Farah Sheikh,1,0,36.0,36.0,480,0.0,100.0
2025-W15,email,Bengaluru,Email Frontline,1.0,Morning,A3019,Sai Sandhu,4,1,238.25,94.0,480,25.0,75.0
2025-W15,email,Bengaluru,Escalations & Warranty,2.0,Morning,A3039,Riya Gaikwad,1,0,142.0,142.0,480,0.0,100.0
2025-W15,email,Bengaluru,Escalations & Warranty,2.0,Morning,A3043,Rohit Jain,2,0,132.0,132.0,480,0.0,100.0
2025-W15,email,Bengaluru,Logistics,1.0,Morning,A3031,Om Malhotra,2,0,200.0,200.0,480,0.0,100.0
2025-W15,email,Bengaluru,Returns Desk,1.0,Day,A3038,Amit Yadav,1,0,77.0,77.0,480,0.0,100.0
2025-W15,email,Bengaluru,Returns Desk,1.0,Morning,A3037,Rahul Sen,2,1,426.5,426.5,480,50.0,50.0
2025-W15,email,Indore,Chat Frontline,1.0,Night,A3001,Zoya Mehta,2,1,372.0,372.0,480,50.0,50.0
2025-W15,email,Indore,Chat Frontline,1.0,Night,A3002,Tarun Mishra,2,1,851.0,851.0,480,50.0,50.0
2025-W15,email,Indore,Chat Frontline,1.0,Night,A3003,Harpreet Deshpande,2,0,342.0,342.0,480,0.0,100.0
2025-W15,email,Indore,Email Frontline,1.0,Night,A3016,Deepak Jadhav,3,0,118.33333333333333,119.0,480,0.0,100.0
2025-W15,email,Indore,Email Frontline,1.0,Night,A3017,Shreya Bhatt,1,0,113.0,113.0,480,0.0,100.0
2025-W15,email,Indore,Escalations & Warranty,2.0,Day,A3041,Riya Fernandes,1,0,212.0,212.0,480,0.0,100.0
2025-W15,email,Indore,Logistics,1.0,Day,A3027,Dev Chatterjee,2,0,158.0,158.0,480,0.0,100.0
2025-W15,email,Indore,Logistics,1.0,Morning,A3028,Krishna Kaur,1,0,51.0,51.0,480,0.0,100.0
2025-W15,social,Bengaluru,Billing,1.0,Day,A3034,Thomas Patel,1,0,62.0,62.0,240,0.0,100.0
2025-W15,social,Bengaluru,Billing,1.0,Morning,A3033,Amit Kulkarni,1,0,34.0,34.0,240,0.0,100.0
2025-W15,social,Bengaluru,Chat Frontline,1.0,Day,A3015,Yash Agarwal,1,0,100.0,100.0,240,0.0,100.0
2025-W15,social,Bengaluru,Logistics,1.0,Day,A3029,Rajat Iyer,1,0,60.0,60.0,240,0.0,100.0
2025-W15,social,Bengaluru,Returns Desk,1.0,Day,A3038,Amit Yadav,1,0,54.0,54.0,240,0.0,100.0
2025-W15,social,Indore,Billing,1.0,Morning,A3032,Aadhya Sheikh,2,0,15.5,15.5,240,0.0,100.0
2025-W15,social,Indore,Chat Frontline,1.0,Morning,A3011,Karan Roy,1,0,23.0,23.0,240,0.0,100.0
2025-W15,social,Indore,Email Frontline,1.0,Night,A3017,Shreya Bhatt,1,0,138.0,138.0,240,0.0,100.0
2025-W15,social,Indore,Logistics,1.0,Day,A3027,Dev Chatterjee,1,0,22.0,22.0,240,0.0,100.0
2025-W15,voice,Bengaluru,Billing,1.0,Day,A3034,Thomas Patel,1,0,53.0,53.0,120,0.0,100.0
2025-W15,voice,Bengaluru,Escalations & Warranty,2.0,Day,A3044,Kunal Malhotra,1,0,30.0,30.0,120,0.0,100.0
2025-W15,voice,Bengaluru,Logistics,1.0,Day,A3030,Sunita Srivastava,1,0,29.0,29.0,120,0.0,100.0
2025-W15,voice,Bengaluru,Returns Desk,1.0,Day,A3036,Rohit Shinde,1,0,27.0,27.0,120,0.0,100.0
2025-W15,voice,Bengaluru,Voice Frontline,1.0,Day,A3023,Rahul Khanna,1,0,23.0,23.0,120,0.0,100.0
2025-W15,voice,Bengaluru,Voice Frontline,1.0,Day,A3026,Lakshmi Qureshi,1,0,27.0,27.0,120,0.0,100.0
2025-W15,voice,Indore,Billing,1.0,Morning,A3032,Aadhya Sheikh,2,0,25.5,25.5,120,0.0,100.0
2025-W16,chat,Bengaluru,Billing,1.0,Day,A3034,Thomas Patel,1,0,4.0,4.0,15,0.0,100.0
2025-W16,chat,Bengaluru,Billing,1.0,Morning,A3033,Amit Kulkarni,1,0,4.0,4.0,15,0.0,100.0
2025-W16,chat,Bengaluru,Billing,1.0,Morning,A3035,Rohit Mukherjee,1,0,2.0,2.0,15,0.0,100.0
2025-W16,chat,Bengaluru,Chat Frontline,1.0,Day,A3004,Krishna Naidu,2,0,3.5,3.5,15,0.0,100.0
2025-W16,chat,Bengaluru,Chat Frontline,1.0,Day,A3006,Lakshmi Reddy,3,0,4.0,3.0,15,0.0,100.0
2025-W16,chat,Bengaluru,Chat Frontline,1.0,Day,A3012,Lakshmi Sethi,3,0,3.6666666666666665,4.0,15,0.0,100.0
2025-W16,chat,Bengaluru,Chat Frontline,1.0,Day,A3015,Yash Agarwal,4,2,11.0,11.5,15,50.0,50.0
2025-W16,chat,Bengaluru,Chat Frontline,1.0,Morning,A3005,Sameer Joshi,1,0,2.0,2.0,15,0.0,100.0
2025-W16,chat,Bengaluru,Chat Frontline,1.0,Morning,A3009,Ramesh Patel,1,1,34.0,34.0,15,100.0,0.0
2025-W16,chat,Bengaluru,Escalations & Warranty,2.0,Day,A3044,Kunal Malhotra,1,0,12.0,12.0,15,0.0,100.0
2025-W16,chat,Bengaluru,Escalations & Warranty,2.0,Morning,A3039,Riya Gaikwad,4,1,10.5,12.0,15,25.0,75.0
2025-W16,chat,Bengaluru,Escalations & Warranty,2.0,Morning,A3043,Rohit Jain,1,0,15.0,15.0,15,0.0,100.0
2025-W16,chat,Bengaluru,Logistics,1.0,Day,A3029,Rajat Iyer,2,2,26.5,26.5,15,100.0,0.0
2025-W16,chat,Bengaluru,Logistics,1.0,Morning,A3031,Om Malhotra,3,0,5.666666666666667,6.0,15,0.0,100.0
2025-W16,chat,Bengaluru,Returns Desk,1.0,Day,A3036,Rohit Shinde,1,0,3.0,3.0,15,0.0,100.0
2025-W16,chat,Bengaluru,Returns Desk,1.0,Morning,A3037,Rahul Sen,1,0,3.0,3.0,15,0.0,100.0
2025-W16,chat,Indore,Billing,1.0,Morning,A3032,Aadhya Sheikh,1,0,1.0,1.0,15,0.0,100.0
2025-W16,chat,Indore,Chat Frontline,1.0,Morning,A3008,Steven Kaur,2,0,2.5,2.5,15,0.0,100.0
2025-W16,chat,Indore,Chat Frontline,1.0,Morning,A3010,Neha Chatterjee,1,0,10.0,10.0,15,0.0,100.0
2025-W16,chat,Indore,Chat Frontline,1.0,Morning,A3013,Ritika Chatterjee,2,0,1.0,1.0,15,0.0,100.0
2025-W16,chat,Indore,Chat Frontline,1.0,Night,A3001,Zoya Mehta,1,1,20.0,20.0,15,100.0,0.0
2025-W16,chat,Indore,Email Frontline,1.0,Night,A3016,Deepak Jadhav,2,0,2.5,2.5,15,0.0,100.0
2025-W16,chat,Indore,Logistics,1.0,Morning,A3028,Krishna Kaur,1,0,3.0,3.0,15,0.0,100.0
2025-W16,email,Bengaluru,Billing,1.0,Day,A3034,Thomas Patel,2,0,333.5,333.5,480,0.0,100.0
2025-W16,email,Bengaluru,Email Frontline,1.0,Day,A3020,Ramesh Ghosh,1,0,139.0,139.0,480,0.0,100.0
2025-W16,email,Bengaluru,Email Frontline,1.0,Day,A3021,Aditya Dhillon,1,0,31.0,31.0,480,0.0,100.0
2025-W16,email,Bengaluru,Email Frontline,1.0,Day,A3022,Steven Tiwari,5,0,238.4,208.0,480,0.0,100.0
2025-W16,email,Bengaluru,Escalations & Warranty,2.0,Morning,A3039,Riya Gaikwad,3,1,666.6666666666666,213.0,480,33.33333333333333,66.66666666666667
2025-W16,email,Bengaluru,Escalations & Warranty,2.0,Morning,A3043,Rohit Jain,1,0,77.0,77.0,480,0.0,100.0
2025-W16,email,Bengaluru,Logistics,1.0,Day,A3029,Rajat Iyer,1,0,416.0,416.0,480,0.0,100.0
2025-W16,email,Bengaluru,Logistics,1.0,Day,A3030,Sunita Srivastava,1,1,1092.0,1092.0,480,100.0,0.0
2025-W16,email,Bengaluru,Logistics,1.0,Morning,A3031,Om Malhotra,4,1,431.75,329.5,480,25.0,75.0
2025-W16,email,Bengaluru,Returns Desk,1.0,Day,A3038,Amit Yadav,1,0,402.0,402.0,480,0.0,100.0
2025-W16,email,Bengaluru,Returns Desk,1.0,Morning,A3037,Rahul Sen,1,0,134.0,134.0,480,0.0,100.0
2025-W16,email,Indore,Billing,1.0,Morning,A3032,Aadhya Sheikh,1,1,538.0,538.0,480,100.0,0.0
2025-W16,email,Indore,Chat Frontline,1.0,Night,A3001,Zoya Mehta,1,0,96.0,96.0,480,0.0,100.0
2025-W16,email,Indore,Chat Frontline,1.0,Night,A3002,Tarun Mishra,2,0,151.5,151.5,480,0.0,100.0
2025-W16,email,Indore,Email Frontline,1.0,Night,A3016,Deepak Jadhav,1,0,56.0,56.0,480,0.0,100.0
2025-W16,email,Indore,Logistics,1.0,Morning,A3028,Krishna Kaur,1,0,102.0,102.0,480,0.0,100.0
2025-W16,social,Bengaluru,Chat Frontline,1.0,Day,A3006,Lakshmi Reddy,2,0,106.0,106.0,240,0.0,100.0
2025-W16,social,Bengaluru,Chat Frontline,1.0,Morning,A3014,Diya Patil,1,0,46.0,46.0,240,0.0,100.0
2025-W16,social,Indore,Chat Frontline,1.0,Night,A3001,Zoya Mehta,2,0,20.0,20.0,240,0.0,100.0
2025-W16,social,Indore,Email Frontline,1.0,Night,A3017,Shreya Bhatt,1,0,15.0,15.0,240,0.0,100.0
2025-W16,voice,Bengaluru,Email Frontline,1.0,Morning,A3019,Sai Sandhu,1,0,59.0,59.0,120,0.0,100.0
2025-W16,voice,Bengaluru,Returns Desk,1.0,Day,A3038,Amit Yadav,1,0,24.0,24.0,120,0.0,100.0
2025-W16,voice,Bengaluru,Voice Frontline,1.0,Day,A3023,Rahul Khanna,2,0,32.0,32.0,120,0.0,100.0
2025-W16,voice,Bengaluru,Voice Frontline,1.0,Day,A3026,Lakshmi Qureshi,3,1,83.66666666666667,85.0,120,33.33333333333333,66.66666666666667
2025-W16,voice,Bengaluru,Voice Frontline,1.0,Morning,A3024,Kunal Khanna,1,0,78.0,78.0,120,0.0,100.0
2025-W16,voice,Indore,Email Frontline,1.0,Night,A3016,Deepak Jadhav,1,1,137.0,137.0,120,100.0,0.0
2025-W16,voice,Indore,Logistics,1.0,Day,A3027,Dev Chatterjee,1,0,35.0,35.0,120,0.0,100.0
2025-W17,chat,Bengaluru,Billing,1.0,Day,A3034,Thomas Patel,1,0,7.0,7.0,15,0.0,100.0
2025-W17,chat,Bengaluru,Billing,1.0,Morning,A3033,Amit Kulkarni,3,0,6.666666666666667,6.0,15,0.0,100.0
2025-W17,chat,Bengaluru,Billing,1.0,Morning,A3035,Rohit Mukherjee,1,0,2.0,2.0,15,0.0,100.0
2025-W17,chat,Bengaluru,Chat Frontline,1.0,Day,A3004,Krishna Naidu,2,0,12.0,12.0,15,0.0,100.0
2025-W17,chat,Bengaluru,Chat Frontline,1.0,Day,A3006,Lakshmi Reddy,1,0,3.0,3.0,15,0.0,100.0
2025-W17,chat,Bengaluru,Chat Frontline,1.0,Day,A3012,Lakshmi Sethi,1,0,4.0,4.0,15,0.0,100.0
2025-W17,chat,Bengaluru,Chat Frontline,1.0,Day,A3015,Yash Agarwal,2,0,4.5,4.5,15,0.0,100.0
2025-W17,chat,Bengaluru,Chat Frontline,1.0,Morning,A3005,Sameer Joshi,1,0,0.0,0.0,15,0.0,100.0
2025-W17,chat,Bengaluru,Chat Frontline,1.0,Morning,A3007,Neha Gaikwad,1,0,4.0,4.0,15,0.0,100.0
2025-W17,chat,Bengaluru,Chat Frontline,1.0,Morning,A3014,Diya Patil,2,0,4.0,4.0,15,0.0,100.0
2025-W17,chat,Bengaluru,Email Frontline,1.0,Morning,A3018,Farah Sheikh,1,0,2.0,2.0,15,0.0,100.0
2025-W17,chat,Bengaluru,Escalations & Warranty,2.0,Day,A3040,Thomas Arora,1,0,7.0,7.0,15,0.0,100.0
2025-W17,chat,Bengaluru,Escalations & Warranty,2.0,Day,A3044,Kunal Malhotra,1,0,3.0,3.0,15,0.0,100.0
2025-W17,chat,Bengaluru,Escalations & Warranty,2.0,Morning,A3043,Rohit Jain,1,0,4.0,4.0,15,0.0,100.0
2025-W17,chat,Bengaluru,Logistics,1.0,Day,A3030,Sunita Srivastava,1,0,3.0,3.0,15,0.0,100.0
2025-W17,chat,Bengaluru,Returns Desk,1.0,Day,A3036,Rohit Shinde,2,0,6.5,6.5,15,0.0,100.0
2025-W17,chat,Bengaluru,Returns Desk,1.0,Day,A3038,Amit Yadav,1,0,1.0,1.0,15,0.0,100.0
2025-W17,chat,Bengaluru,Returns Desk,1.0,Morning,A3037,Rahul Sen,6,0,6.0,7.0,15,0.0,100.0
2025-W17,chat,Indore,Billing,1.0,Morning,A3032,Aadhya Sheikh,1,0,2.0,2.0,15,0.0,100.0
2025-W17,chat,Indore,Chat Frontline,1.0,Morning,A3008,Steven Kaur,1,0,14.0,14.0,15,0.0,100.0
2025-W17,chat,Indore,Chat Frontline,1.0,Morning,A3010,Neha Chatterjee,1,0,4.0,4.0,15,0.0,100.0
2025-W17,chat,Indore,Chat Frontline,1.0,Night,A3002,Tarun Mishra,2,0,0.5,0.5,15,0.0,100.0
2025-W17,chat,Indore,Chat Frontline,1.0,Night,A3003,Harpreet Deshpande,1,0,9.0,9.0,15,0.0,100.0
2025-W17,chat,Indore,Email Frontline,1.0,Night,A3016,Deepak Jadhav,2,0,4.5,4.5,15,0.0,100.0
2025-W17,chat,Indore,Email Frontline,1.0,Night,A3017,Shreya Bhatt,1,0,7.0,7.0,15,0.0,100.0
2025-W17,chat,Indore,Logistics,1.0,Day,A3027,Dev Chatterjee,1,0,11.0,11.0,15,0.0,100.0
2025-W17,chat,Indore,Logistics,1.0,Morning,A3028,Krishna Kaur,5,1,12.6,5.0,15,20.0,80.0
2025-W17,email,Bengaluru,Billing,1.0,Day,A3034,Thomas Patel,2,0,62.5,62.5,480,0.0,100.0
2025-W17,email,Bengaluru,Billing,1.0,Morning,A3033,Amit Kulkarni,1,0,404.0,404.0,480,0.0,100.0
2025-W17,email,Bengaluru,Billing,1.0,Morning,A3035,Rohit Mukherjee,1,1,632.0,632.0,480,100.0,0.0
2025-W17,email,Bengaluru,Email Frontline,1.0,Day,A3020,Ramesh Ghosh,2,0,201.0,201.0,480,0.0,100.0
2025-W17,email,Bengaluru,Email Frontline,1.0,Day,A3021,Aditya Dhillon,1,0,205.0,205.0,480,0.0,100.0
2025-W17,email,Bengaluru,Email Frontline,1.0,Day,A3022,Steven Tiwari,2,0,67.5,67.5,480,0.0,100.0
2025-W17,email,Bengaluru,Email Frontline,1.0,Morning,A3018,Farah Sheikh,1,0,144.0,144.0,480,0.0,100.0
2025-W17,email,Bengaluru,Email Frontline,1.0,Morning,A3019,Sai Sandhu,5,0,184.4,83.0,480,0.0,100.0
2025-W17,email,Bengaluru,Escalations & Warranty,2.0,Day,A3042,Steven Chopra,1,0,20.0,20.0,480,0.0,100.0
2025-W17,email,Bengaluru,Escalations & Warranty,2.0,Morning,A3039,Riya Gaikwad,1,1,736.0,736.0,480,100.0,0.0
2025-W17,email,Bengaluru,Escalations & Warranty,2.0,Morning,A3043,Rohit Jain,1,0,137.0,137.0,480,0.0,100.0
2025-W17,email,Bengaluru,Logistics,1.0,Morning,A3031,Om Malhotra,3,1,288.0,185.0,480,33.33333333333333,66.66666666666667
2025-W17,email,Bengaluru,Returns Desk,1.0,Morning,A3037,Rahul Sen,2,0,101.5,101.5,480,0.0,100.0
2025-W17,email,Indore,Chat Frontline,1.0,Night,A3001,Zoya Mehta,1,0,188.0,188.0,480,0.0,100.0
2025-W17,email,Indore,Email Frontline,1.0,Night,A3016,Deepak Jadhav,1,0,49.0,49.0,480,0.0,100.0
2025-W17,email,Indore,Email Frontline,1.0,Night,A3017,Shreya Bhatt,1,0,130.0,130.0,480,0.0,100.0
2025-W17,email,Indore,Escalations & Warranty,2.0,Day,A3041,Riya Fernandes,1,0,146.0,146.0,480,0.0,100.0
2025-W17,email,Indore,Logistics,1.0,Day,A3027,Dev Chatterjee,1,0,38.0,38.0,480,0.0,100.0
2025-W17,email,Indore,Logistics,1.0,Morning,A3028,Krishna Kaur,2,0,89.0,89.0,480,0.0,100.0
2025-W17,social,Bengaluru,Billing,1.0,Day,A3034,Thomas Patel,1,0,20.0,20.0,240,0.0,100.0
2025-W17,social,Bengaluru,Chat Frontline,1.0,Day,A3004,Krishna Naidu,4,0,65.75,49.5,240,0.0,100.0
2025-W17,social,Bengaluru,Chat Frontline,1.0,Day,A3012,Lakshmi Sethi,1,0,72.0,72.0,240,0.0,100.0
2025-W17,social,Bengaluru,Chat Frontline,1.0,Morning,A3007,Neha Gaikwad,2,0,35.5,35.5,240,0.0,100.0
2025-W17,social,Bengaluru,Email Frontline,1.0,Day,A3020,Ramesh Ghosh,1,0,47.0,47.0,240,0.0,100.0
2025-W17,social,Bengaluru,Escalations & Warranty,2.0,Morning,A3039,Riya Gaikwad,1,0,45.0,45.0,240,0.0,100.0
2025-W17,social,Bengaluru,Returns Desk,1.0,Morning,A3037,Rahul Sen,3,0,54.0,45.0,240,0.0,100.0
2025-W17,social,Indore,Billing,1.0,Morning,A3032,Aadhya Sheikh,1,0,57.0,57.0,240,0.0,100.0
2025-W17,social,Indore,Chat Frontline,1.0,Morning,A3013,Ritika Chatterjee,1,0,28.0,28.0,240,0.0,100.0
2025-W17,social,Indore,Email Frontline,1.0,Night,A3016,Deepak Jadhav,1,0,114.0,114.0,240,0.0,100.0
2025-W17,social,Indore,Logistics,1.0,Morning,A3028,Krishna Kaur,2,2,535.0,535.0,240,100.0,0.0
2025-W17,voice,Bengaluru,Email Frontline,1.0,Morning,A3019,Sai Sandhu,1,0,61.0,61.0,120,0.0,100.0
2025-W17,voice,Bengaluru,Logistics,1.0,Day,A3029,Rajat Iyer,1,0,73.0,73.0,120,0.0,100.0
2025-W17,voice,Bengaluru,Voice Frontline,1.0,Day,A3023,Rahul Khanna,1,0,19.0,19.0,120,0.0,100.0
2025-W17,voice,Bengaluru,Voice Frontline,1.0,Day,A3026,Lakshmi Qureshi,2,0,29.0,29.0,120,0.0,100.0
2025-W17,voice,Bengaluru,Voice Frontline,1.0,Morning,A3025,Lobsang Rao,1,0,39.0,39.0,120,0.0,100.0
2025-W17,voice,Indore,Logistics,1.0,Day,A3027,Dev Chatterjee,2,0,44.0,44.0,120,0.0,100.0
2025-W18,chat,Bengaluru,Billing,1.0,Day,A3034,Thomas Patel,1,0,5.0,5.0,15,0.0,100.0
2025-W18,chat,Bengaluru,Billing,1.0,Morning,A3033,Amit Kulkarni,1,0,3.0,3.0,15,0.0,100.0
2025-W18,chat,Bengaluru,Billing,1.0,Morning,A3035,Rohit Mukherjee,2,0,1.0,1.0,15,0.0,100.0
2025-W18,chat,Bengaluru,Chat Frontline,1.0,Day,A3004,Krishna Naidu,3,0,5.0,3.0,15,0.0,100.0
2025-W18,chat,Bengaluru,Chat Frontline,1.0,Day,A3006,Lakshmi Reddy,4,0,6.0,6.5,15,0.0,100.0
2025-W18,chat,Bengaluru,Chat Frontline,1.0,Day,A3012,Lakshmi Sethi,3,0,6.0,6.0,15,0.0,100.0
2025-W18,chat,Bengaluru,Chat Frontline,1.0,Day,A3015,Yash Agarwal,2,0,4.0,4.0,15,0.0,100.0
2025-W18,chat,Bengaluru,Chat Frontline,1.0,Morning,A3005,Sameer Joshi,5,0,3.0,2.0,15,0.0,100.0
2025-W18,chat,Bengaluru,Chat Frontline,1.0,Morning,A3007,Neha Gaikwad,5,0,6.4,6.0,15,0.0,100.0
2025-W18,chat,Bengaluru,Chat Frontline,1.0,Morning,A3014,Diya Patil,1,0,2.0,2.0,15,0.0,100.0
2025-W18,chat,Bengaluru,Email Frontline,1.0,Day,A3020,Ramesh Ghosh,1,0,7.0,7.0,15,0.0,100.0
2025-W18,chat,Bengaluru,Escalations & Warranty,2.0,Morning,A3039,Riya Gaikwad,1,0,6.0,6.0,15,0.0,100.0
2025-W18,chat,Bengaluru,Logistics,1.0,Day,A3029,Rajat Iyer,1,0,3.0,3.0,15,0.0,100.0
2025-W18,chat,Bengaluru,Logistics,1.0,Morning,A3031,Om Malhotra,2,2,24.0,24.0,15,100.0,0.0
2025-W18,chat,Bengaluru,Returns Desk,1.0,Day,A3036,Rohit Shinde,1,0,12.0,12.0,15,0.0,100.0
2025-W18,chat,Bengaluru,Returns Desk,1.0,Morning,A3037,Rahul Sen,4,0,3.5,3.0,15,0.0,100.0
2025-W18,chat,Indore,Billing,1.0,Morning,A3032,Aadhya Sheikh,2,0,6.0,6.0,15,0.0,100.0
2025-W18,chat,Indore,Chat Frontline,1.0,Morning,A3010,Neha Chatterjee,2,0,10.0,10.0,15,0.0,100.0
2025-W18,chat,Indore,Chat Frontline,1.0,Morning,A3011,Karan Roy,2,0,2.0,2.0,15,0.0,100.0
2025-W18,chat,Indore,Chat Frontline,1.0,Morning,A3013,Ritika Chatterjee,1,0,8.0,8.0,15,0.0,100.0
2025-W18,chat,Indore,Chat Frontline,1.0,Night,A3001,Zoya Mehta,1,0,1.0,1.0,15,0.0,100.0
2025-W18,chat,Indore,Chat Frontline,1.0,Night,A3002,Tarun Mishra,1,0,10.0,10.0,15,0.0,100.0
2025-W18,chat,Indore,Chat Frontline,1.0,Night,A3003,Harpreet Deshpande,2,0,3.5,3.5,15,0.0,100.0
2025-W18,chat,Indore,Email Frontline,1.0,Night,A3016,Deepak Jadhav,1,0,2.0,2.0,15,0.0,100.0
2025-W18,chat,Indore,Email Frontline,1.0,Night,A3017,Shreya Bhatt,2,0,1.5,1.5,15,0.0,100.0
2025-W18,chat,Indore,Escalations & Warranty,2.0,Day,A3041,Riya Fernandes,1,0,6.0,6.0,15,0.0,100.0
2025-W18,chat,Indore,Logistics,1.0,Day,A3027,Dev Chatterjee,3,1,11.333333333333334,5.0,15,33.33333333333333,66.66666666666667
2025-W18,chat,Indore,Logistics,1.0,Morning,A3028,Krishna Kaur,3,0,3.6666666666666665,4.0,15,0.0,100.0
2025-W18,email,Bengaluru,Billing,1.0,Day,A3034,Thomas Patel,1,1,512.0,512.0,480,100.0,0.0
2025-W18,email,Bengaluru,Billing,1.0,Morning,A3033,Amit Kulkarni,1,0,94.0,94.0,480,0.0,100.0
2025-W18,email,Bengaluru,Billing,1.0,Morning,A3035,Rohit Mukherjee,2,0,194.0,194.0,480,0.0,100.0
2025-W18,email,Bengaluru,Email Frontline,1.0,Day,A3022,Steven Tiwari,1,0,128.0,128.0,480,0.0,100.0
2025-W18,email,Bengaluru,Email Frontline,1.0,Morning,A3018,Farah Sheikh,2,0,108.0,108.0,480,0.0,100.0
2025-W18,email,Bengaluru,Email Frontline,1.0,Morning,A3019,Sai Sandhu,1,0,143.0,143.0,480,0.0,100.0
2025-W18,email,Bengaluru,Escalations & Warranty,2.0,Day,A3040,Thomas Arora,2,0,360.0,360.0,480,0.0,100.0
2025-W18,email,Bengaluru,Escalations & Warranty,2.0,Morning,A3043,Rohit Jain,3,1,409.3333333333333,328.0,480,33.33333333333333,66.66666666666667
2025-W18,email,Bengaluru,Logistics,1.0,Day,A3029,Rajat Iyer,1,0,313.0,313.0,480,0.0,100.0
2025-W18,email,Bengaluru,Logistics,1.0,Morning,A3031,Om Malhotra,4,0,177.0,144.0,480,0.0,100.0
2025-W18,email,Bengaluru,Returns Desk,1.0,Day,A3036,Rohit Shinde,2,0,140.0,140.0,480,0.0,100.0
2025-W18,email,Bengaluru,Returns Desk,1.0,Morning,A3037,Rahul Sen,1,0,142.0,142.0,480,0.0,100.0
2025-W18,email,Indore,Chat Frontline,1.0,Morning,A3010,Neha Chatterjee,1,0,196.0,196.0,480,0.0,100.0
2025-W18,email,Indore,Email Frontline,1.0,Night,A3016,Deepak Jadhav,2,1,630.5,630.5,480,50.0,50.0
2025-W18,email,Indore,Logistics,1.0,Day,A3027,Dev Chatterjee,1,0,205.0,205.0,480,0.0,100.0
2025-W18,email,Indore,Logistics,1.0,Morning,A3028,Krishna Kaur,5,0,212.0,132.0,480,0.0,100.0
2025-W18,social,Bengaluru,Billing,1.0,Morning,A3035,Rohit Mukherjee,1,0,22.0,22.0,240,0.0,100.0
2025-W18,social,Bengaluru,Chat Frontline,1.0,Day,A3004,Krishna Naidu,1,0,3.0,3.0,240,0.0,100.0
2025-W18,social,Bengaluru,Chat Frontline,1.0,Day,A3012,Lakshmi Sethi,1,0,72.0,72.0,240,0.0,100.0
2025-W18,social,Bengaluru,Chat Frontline,1.0,Day,A3015,Yash Agarwal,1,0,183.0,183.0,240,0.0,100.0
2025-W18,social,Bengaluru,Chat Frontline,1.0,Morning,A3009,Ramesh Patel,1,0,57.0,57.0,240,0.0,100.0
2025-W18,social,Bengaluru,Logistics,1.0,Day,A3030,Sunita Srivastava,1,0,53.0,53.0,240,0.0,100.0
2025-W18,social,Bengaluru,Logistics,1.0,Morning,A3031,Om Malhotra,1,1,252.0,252.0,240,100.0,0.0
2025-W18,social,Bengaluru,Returns Desk,1.0,Day,A3038,Amit Yadav,1,0,29.0,29.0,240,0.0,100.0
2025-W18,social,Bengaluru,Returns Desk,1.0,Morning,A3037,Rahul Sen,1,0,52.0,52.0,240,0.0,100.0
2025-W18,social,Indore,Chat Frontline,1.0,Night,A3001,Zoya Mehta,1,0,129.0,129.0,240,0.0,100.0
2025-W18,social,Indore,Logistics,1.0,Morning,A3028,Krishna Kaur,1,0,103.0,103.0,240,0.0,100.0
2025-W18,voice,Bengaluru,Billing,1.0,Morning,A3035,Rohit Mukherjee,1,0,27.0,27.0,120,0.0,100.0
2025-W18,voice,Bengaluru,Email Frontline,1.0,Day,A3022,Steven Tiwari,1,0,31.0,31.0,120,0.0,100.0
2025-W18,voice,Bengaluru,Escalations & Warranty,2.0,Day,A3042,Steven Chopra,1,0,13.0,13.0,120,0.0,100.0
2025-W18,voice,Bengaluru,Escalations & Warranty,2.0,Morning,A3039,Riya Gaikwad,1,0,47.0,47.0,120,0.0,100.0
2025-W18,voice,Bengaluru,Logistics,1.0,Day,A3030,Sunita Srivastava,1,0,39.0,39.0,120,0.0,100.0
2025-W18,voice,Bengaluru,Returns Desk,1.0,Day,A3036,Rohit Shinde,2,0,29.0,29.0,120,0.0,100.0
2025-W18,voice,Bengaluru,Voice Frontline,1.0,Day,A3023,Rahul Khanna,2,0,38.5,38.5,120,0.0,100.0
2025-W18,voice,Bengaluru,Voice Frontline,1.0,Day,A3026,Lakshmi Qureshi,3,0,13.666666666666666,14.0,120,0.0,100.0
2025-W18,voice,Bengaluru,Voice Frontline,1.0,Morning,A3024,Kunal Khanna,1,0,49.0,49.0,120,0.0,100.0
2025-W18,voice,Bengaluru,Voice Frontline,1.0,Morning,A3025,Lobsang Rao,2,0,42.5,42.5,120,0.0,100.0
2025-W19,chat,Bengaluru,Billing,1.0,Day,A3034,Thomas Patel,3,0,3.3333333333333335,3.0,15,0.0,100.0
2025-W19,chat,Bengaluru,Billing,1.0,Morning,A3035,Rohit Mukherjee,3,0,3.3333333333333335,3.0,15,0.0,100.0
2025-W19,chat,Bengaluru,Chat Frontline,1.0,Day,A3004,Krishna Naidu,1,0,2.0,2.0,15,0.0,100.0
2025-W19,chat,Bengaluru,Chat Frontline,1.0,Day,A3012,Lakshmi Sethi,5,1,8.0,6.0,15,20.0,80.0
2025-W19,chat,Bengaluru,Chat Frontline,1.0,Morning,A3005,Sameer Joshi,1,0,0.0,0.0,15,0.0,100.0
2025-W19,chat,Bengaluru,Chat Frontline,1.0,Morning,A3014,Diya Patil,1,0,5.0,5.0,15,0.0,100.0
2025-W19,chat,Bengaluru,Email Frontline,1.0,Day,A3020,Ramesh Ghosh,1,0,2.0,2.0,15,0.0,100.0
2025-W19,chat,Bengaluru,Escalations & Warranty,2.0,Morning,A3039,Riya Gaikwad,2,0,2.5,2.5,15,0.0,100.0
2025-W19,chat,Bengaluru,Escalations & Warranty,2.0,Morning,A3043,Rohit Jain,2,0,2.5,2.5,15,0.0,100.0
2025-W19,chat,Bengaluru,Logistics,1.0,Day,A3029,Rajat Iyer,2,0,2.5,2.5,15,0.0,100.0
2025-W19,chat,Bengaluru,Logistics,1.0,Morning,A3031,Om Malhotra,1,0,1.0,1.0,15,0.0,100.0
2025-W19,chat,Bengaluru,Returns Desk,1.0,Day,A3036,Rohit Shinde,1,0,7.0,7.0,15,0.0,100.0
2025-W19,chat,Bengaluru,Returns Desk,1.0,Day,A3038,Amit Yadav,1,0,1.0,1.0,15,0.0,100.0
2025-W19,chat,Bengaluru,Returns Desk,1.0,Morning,A3037,Rahul Sen,1,0,4.0,4.0,15,0.0,100.0
2025-W19,chat,Indore,Billing,1.0,Morning,A3032,Aadhya Sheikh,2,0,8.0,8.0,15,0.0,100.0
2025-W19,chat,Indore,Chat Frontline,1.0,Morning,A3008,Steven Kaur,1,0,9.0,9.0,15,0.0,100.0
2025-W19,chat,Indore,Chat Frontline,1.0,Morning,A3013,Ritika Chatterjee,1,0,5.0,5.0,15,0.0,100.0
2025-W19,chat,Indore,Chat Frontline,1.0,Night,A3002,Tarun Mishra,2,0,4.5,4.5,15,0.0,100.0
2025-W19,chat,Indore,Email Frontline,1.0,Night,A3016,Deepak Jadhav,2,0,4.0,4.0,15,0.0,100.0
2025-W19,chat,Indore,Email Frontline,1.0,Night,A3017,Shreya Bhatt,2,0,8.5,8.5,15,0.0,100.0
2025-W19,chat,Indore,Logistics,1.0,Day,A3027,Dev Chatterjee,1,0,6.0,6.0,15,0.0,100.0
2025-W19,chat,Indore,Logistics,1.0,Morning,A3028,Krishna Kaur,2,0,4.0,4.0,15,0.0,100.0
2025-W19,email,Bengaluru,Billing,1.0,Day,A3034,Thomas Patel,1,0,113.0,113.0,480,0.0,100.0
2025-W19,email,Bengaluru,Billing,1.0,Morning,A3033,Amit Kulkarni,2,0,68.0,68.0,480,0.0,100.0
2025-W19,email,Bengaluru,Billing,1.0,Morning,A3035,Rohit Mukherjee,1,0,149.0,149.0,480,0.0,100.0
2025-W19,email,Bengaluru,Email Frontline,1.0,Day,A3020,Ramesh Ghosh,3,1,443.3333333333333,226.0,480,33.33333333333333,66.66666666666667
2025-W19,email,Bengaluru,Email Frontline,1.0,Day,A3022,Steven Tiwari,1,0,26.0,26.0,480,0.0,100.0
2025-W19,email,Bengaluru,Email Frontline,1.0,Morning,A3019,Sai Sandhu,3,0,51.666666666666664,51.0,480,0.0,100.0
2025-W19,email,Bengaluru,Escalations & Warranty,2.0,Day,A3040,Thomas Arora,1,0,376.0,376.0,480,0.0,100.0
2025-W19,email,Bengaluru,Escalations & Warranty,2.0,Morning,A3039,Riya Gaikwad,1,0,326.0,326.0,480,0.0,100.0
2025-W19,email,Bengaluru,Escalations & Warranty,2.0,Morning,A3043,Rohit Jain,3,0,202.66666666666666,198.0,480,0.0,100.0
2025-W19,email,Bengaluru,Logistics,1.0,Day,A3030,Sunita Srivastava,1,1,983.0,983.0,480,100.0,0.0
2025-W19,email,Bengaluru,Logistics,1.0,Morning,A3031,Om Malhotra,4,0,238.5,173.5,480,0.0,100.0
2025-W19,email,Bengaluru,Returns Desk,1.0,Day,A3038,Amit Yadav,3,0,213.0,268.0,480,0.0,100.0
2025-W19,email,Bengaluru,Returns Desk,1.0,Morning,A3037,Rahul Sen,3,0,222.0,249.0,480,0.0,100.0
2025-W19,email,Indore,Chat Frontline,1.0,Night,A3001,Zoya Mehta,2,1,339.5,339.5,480,50.0,50.0
2025-W19,email,Indore,Chat Frontline,1.0,Night,A3002,Tarun Mishra,2,0,275.0,275.0,480,0.0,100.0
2025-W19,email,Indore,Chat Frontline,1.0,Night,A3003,Harpreet Deshpande,1,1,481.0,481.0,480,100.0,0.0
2025-W19,email,Indore,Email Frontline,1.0,Night,A3016,Deepak Jadhav,1,0,58.0,58.0,480,0.0,100.0
2025-W19,email,Indore,Email Frontline,1.0,Night,A3017,Shreya Bhatt,1,0,196.0,196.0,480,0.0,100.0
2025-W19,email,Indore,Escalations & Warranty,2.0,Day,A3041,Riya Fernandes,1,0,233.0,233.0,480,0.0,100.0
2025-W19,email,Indore,Logistics,1.0,Morning,A3028,Krishna Kaur,1,0,48.0,48.0,480,0.0,100.0
2025-W19,social,Bengaluru,Billing,1.0,Day,A3034,Thomas Patel,2,0,98.0,98.0,240,0.0,100.0
2025-W19,social,Bengaluru,Billing,1.0,Morning,A3033,Amit Kulkarni,1,0,92.0,92.0,240,0.0,100.0
2025-W19,social,Bengaluru,Chat Frontline,1.0,Morning,A3005,Sameer Joshi,1,0,94.0,94.0,240,0.0,100.0
2025-W19,social,Bengaluru,Chat Frontline,1.0,Morning,A3007,Neha Gaikwad,1,0,28.0,28.0,240,0.0,100.0
2025-W19,social,Bengaluru,Escalations & Warranty,2.0,Morning,A3039,Riya Gaikwad,2,0,69.5,69.5,240,0.0,100.0
2025-W19,social,Bengaluru,Returns Desk,1.0,Morning,A3037,Rahul Sen,2,0,48.5,48.5,240,0.0,100.0
2025-W19,social,Indore,Chat Frontline,1.0,Night,A3001,Zoya Mehta,1,0,195.0,195.0,240,0.0,100.0
2025-W19,social,Indore,Logistics,1.0,Day,A3027,Dev Chatterjee,1,0,170.0,170.0,240,0.0,100.0
2025-W19,voice,Bengaluru,Billing,1.0,Day,A3034,Thomas Patel,3,0,35.0,36.0,120,0.0,100.0
2025-W19,voice,Bengaluru,Escalations & Warranty,2.0,Day,A3042,Steven Chopra,1,0,28.0,28.0,120,0.0,100.0
2025-W19,voice,Bengaluru,Logistics,1.0,Day,A3029,Rajat Iyer,1,0,77.0,77.0,120,0.0,100.0
2025-W19,voice,Bengaluru,Returns Desk,1.0,Morning,A3037,Rahul Sen,2,0,26.5,26.5,120,0.0,100.0
2025-W19,voice,Bengaluru,Voice Frontline,1.0,Day,A3023,Rahul Khanna,1,0,33.0,33.0,120,0.0,100.0
2025-W19,voice,Bengaluru,Voice Frontline,1.0,Day,A3026,Lakshmi Qureshi,2,1,121.0,121.0,120,50.0,50.0
2025-W19,voice,Bengaluru,Voice Frontline,1.0,Morning,A3024,Kunal Khanna,1,0,31.0,31.0,120,0.0,100.0
2025-W19,voice,Bengaluru,Voice Frontline,1.0,Morning,A3025,Lobsang Rao,2,0,35.0,35.0,120,0.0,100.0
2025-W20,chat,Bengaluru,Billing,1.0,Day,A3034,Thomas Patel,2,0,7.5,7.5,15,0.0,100.0
2025-W20,chat,Bengaluru,Billing,1.0,Morning,A3033,Amit Kulkarni,2,1,12.5,12.5,15,50.0,50.0
2025-W20,chat,Bengaluru,Chat Frontline,1.0,Day,A3004,Krishna Naidu,2,0,6.0,6.0,15,0.0,100.0
2025-W20,chat,Bengaluru,Chat Frontline,1.0,Day,A3006,Lakshmi Reddy,1,0,3.0,3.0,15,0.0,100.0
2025-W20,chat,Bengaluru,Chat Frontline,1.0,Day,A3012,Lakshmi Sethi,4,0,3.75,3.5,15,0.0,100.0
2025-W20,chat,Bengaluru,Chat Frontline,1.0,Day,A3015,Yash Agarwal,4,0,7.0,7.0,15,0.0,100.0
2025-W20,chat,Bengaluru,Chat Frontline,1.0,Morning,A3009,Ramesh Patel,2,0,4.0,4.0,15,0.0,100.0
2025-W20,chat,Bengaluru,Chat Frontline,1.0,Morning,A3014,Diya Patil,1,0,5.0,5.0,15,0.0,100.0
2025-W20,chat,Bengaluru,Escalations & Warranty,2.0,Morning,A3043,Rohit Jain,1,0,3.0,3.0,15,0.0,100.0
2025-W20,chat,Bengaluru,Logistics,1.0,Day,A3029,Rajat Iyer,2,1,14.0,14.0,15,50.0,50.0
2025-W20,chat,Bengaluru,Logistics,1.0,Day,A3030,Sunita Srivastava,2,0,3.5,3.5,15,0.0,100.0
2025-W20,chat,Bengaluru,Logistics,1.0,Morning,A3031,Om Malhotra,3,1,16.0,7.0,15,33.33333333333333,66.66666666666667
2025-W20,chat,Bengaluru,Returns Desk,1.0,Day,A3038,Amit Yadav,1,0,0.0,0.0,15,0.0,100.0
2025-W20,chat,Bengaluru,Returns Desk,1.0,Morning,A3037,Rahul Sen,2,0,5.5,5.5,15,0.0,100.0
2025-W20,chat,Indore,Billing,1.0,Morning,A3032,Aadhya Sheikh,2,1,9.5,9.5,15,50.0,50.0
2025-W20,chat,Indore,Chat Frontline,1.0,Morning,A3010,Neha Chatterjee,3,0,6.0,3.0,15,0.0,100.0
2025-W20,chat,Indore,Chat Frontline,1.0,Morning,A3013,Ritika Chatterjee,1,0,3.0,3.0,15,0.0,100.0
2025-W20,chat,Indore,Email Frontline,1.0,Night,A3016,Deepak Jadhav,2,0,6.0,6.0,15,0.0,100.0
2025-W20,chat,Indore,Logistics,1.0,Morning,A3028,Krishna Kaur,3,0,3.6666666666666665,2.0,15,0.0,100.0
2025-W20,email,Bengaluru,Email Frontline,1.0,Day,A3020,Ramesh Ghosh,2,0,171.5,171.5,480,0.0,100.0
2025-W20,email,Bengaluru,Email Frontline,1.0,Day,A3022,Steven Tiwari,2,0,202.0,202.0,480,0.0,100.0
2025-W20,email,Bengaluru,Email Frontline,1.0,Morning,A3019,Sai Sandhu,3,0,107.33333333333333,125.0,480,0.0,100.0
2025-W20,email,Bengaluru,Logistics,1.0,Day,A3030,Sunita Srivastava,2,0,155.5,155.5,480,0.0,100.0
2025-W20,email,Bengaluru,Logistics,1.0,Morning,A3031,Om Malhotra,3,0,185.0,191.0,480,0.0,100.0
2025-W20,email,Bengaluru,Returns Desk,1.0,Day,A3038,Amit Yadav,1,1,882.0,882.0,480,100.0,0.0
2025-W20,email,Indore,Billing,1.0,Morning,A3032,Aadhya Sheikh,2,0,131.0,131.0,480,0.0,100.0
2025-W20,email,Indore,Chat Frontline,1.0,Morning,A3013,Ritika Chatterjee,1,0,32.0,32.0,480,0.0,100.0
2025-W20,email,Indore,Chat Frontline,1.0,Night,A3001,Zoya Mehta,2,0,164.5,164.5,480,0.0,100.0
2025-W20,email,Indore,Chat Frontline,1.0,Night,A3002,Tarun Mishra,2,1,288.0,288.0,480,50.0,50.0
2025-W20,email,Indore,Chat Frontline,1.0,Night,A3003,Harpreet Deshpande,1,0,129.0,129.0,480,0.0,100.0
2025-W20,email,Indore,Logistics,1.0,Morning,A3028,Krishna Kaur,4,1,290.0,261.5,480,25.0,75.0
2025-W20,social,Bengaluru,Chat Frontline,1.0,Day,A3012,Lakshmi Sethi,1,0,42.0,42.0,240,0.0,100.0
2025-W20,social,Bengaluru,Chat Frontline,1.0,Day,A3015,Yash Agarwal,1,0,85.0,85.0,240,0.0,100.0
2025-W20,social,Bengaluru,Chat Frontline,1.0,Morning,A3014,Diya Patil,1,0,47.0,47.0,240,0.0,100.0
2025-W20,social,Bengaluru,Returns Desk,1.0,Morning,A3037,Rahul Sen,2,1,197.0,197.0,240,50.0,50.0
2025-W20,social,Indore,Billing,1.0,Morning,A3032,Aadhya Sheikh,1,0,98.0,98.0,240,0.0,100.0
2025-W20,social,Indore,Chat Frontline,1.0,Morning,A3011,Karan Roy,1,0,169.0,169.0,240,0.0,100.0
2025-W20,social,Indore,Chat Frontline,1.0,Morning,A3013,Ritika Chatterjee,1,0,79.0,79.0,240,0.0,100.0
2025-W20,social,Indore,Email Frontline,1.0,Night,A3017,Shreya Bhatt,1,0,153.0,153.0,240,0.0,100.0
2025-W20,social,Indore,Escalations & Warranty,2.0,Day,A3041,Riya Fernandes,1,0,67.0,67.0,240,0.0,100.0
2025-W20,voice,Bengaluru,Billing,1.0,Day,A3034,Thomas Patel,1,0,10.0,10.0,120,0.0,100.0
2025-W20,voice,Bengaluru,Billing,1.0,Morning,A3033,Amit Kulkarni,1,0,8.0,8.0,120,0.0,100.0
2025-W20,voice,Bengaluru,Logistics,1.0,Day,A3029,Rajat Iyer,1,0,17.0,17.0,120,0.0,100.0
2025-W20,voice,Bengaluru,Returns Desk,1.0,Day,A3038,Amit Yadav,1,0,24.0,24.0,120,0.0,100.0
2025-W20,voice,Bengaluru,Returns Desk,1.0,Morning,A3037,Rahul Sen,1,0,22.0,22.0,120,0.0,100.0
2025-W20,voice,Bengaluru,Voice Frontline,1.0,Day,A3023,Rahul Khanna,2,1,148.5,148.5,120,50.0,50.0
2025-W20,voice,Bengaluru,Voice Frontline,1.0,Morning,A3025,Lobsang Rao,2,0,13.0,13.0,120,0.0,100.0
2025-W20,voice,Indore,Logistics,1.0,Day,A3027,Dev Chatterjee,1,0,58.0,58.0,120,0.0,100.0
2025-W20,voice,Indore,Logistics,1.0,Morning,A3028,Krishna Kaur,1,0,15.0,15.0,120,0.0,100.0
2025-W21,chat,Bengaluru,Billing,1.0,Day,A3034,Thomas Patel,3,2,18.0,18.0,15,66.66666666666666,33.33333333333334
2025-W21,chat,Bengaluru,Billing,1.0,Morning,A3035,Rohit Mukherjee,2,0,5.0,5.0,15,0.0,100.0
2025-W21,chat,Bengaluru,Chat Frontline,1.0,Day,A3004,Krishna Naidu,2,0,6.5,6.5,15,0.0,100.0
2025-W21,chat,Bengaluru,Chat Frontline,1.0,Day,A3015,Yash Agarwal,4,0,5.75,5.0,15,0.0,100.0
2025-W21,chat,Bengaluru,Chat Frontline,1.0,Morning,A3005,Sameer Joshi,1,0,2.0,2.0,15,0.0,100.0
2025-W21,chat,Bengaluru,Chat Frontline,1.0,Morning,A3007,Neha Gaikwad,4,0,3.25,3.5,15,0.0,100.0
2025-W21,chat,Bengaluru,Escalations & Warranty,2.0,Morning,A3039,Riya Gaikwad,1,0,2.0,2.0,15,0.0,100.0
2025-W21,chat,Bengaluru,Logistics,1.0,Day,A3029,Rajat Iyer,2,0,1.0,1.0,15,0.0,100.0
2025-W21,chat,Bengaluru,Logistics,1.0,Morning,A3031,Om Malhotra,1,0,3.0,3.0,15,0.0,100.0
2025-W21,chat,Bengaluru,Returns Desk,1.0,Day,A3036,Rohit Shinde,2,0,5.0,5.0,15,0.0,100.0
2025-W21,chat,Bengaluru,Returns Desk,1.0,Morning,A3037,Rahul Sen,5,0,4.4,3.0,15,0.0,100.0
2025-W21,chat,Indore,Billing,1.0,Morning,A3032,Aadhya Sheikh,1,0,14.0,14.0,15,0.0,100.0
2025-W21,chat,Indore,Chat Frontline,1.0,Morning,A3008,Steven Kaur,1,0,2.0,2.0,15,0.0,100.0
2025-W21,chat,Indore,Chat Frontline,1.0,Morning,A3010,Neha Chatterjee,1,0,0.0,0.0,15,0.0,100.0
2025-W21,chat,Indore,Chat Frontline,1.0,Morning,A3011,Karan Roy,1,0,0.0,0.0,15,0.0,100.0
2025-W21,chat,Indore,Chat Frontline,1.0,Morning,A3013,Ritika Chatterjee,2,0,4.5,4.5,15,0.0,100.0
2025-W21,chat,Indore,Chat Frontline,1.0,Night,A3001,Zoya Mehta,1,0,2.0,2.0,15,0.0,100.0
2025-W21,chat,Indore,Chat Frontline,1.0,Night,A3002,Tarun Mishra,2,0,2.0,2.0,15,0.0,100.0
2025-W21,chat,Indore,Chat Frontline,1.0,Night,A3003,Harpreet Deshpande,1,0,0.0,0.0,15,0.0,100.0
2025-W21,chat,Indore,Email Frontline,1.0,Night,A3016,Deepak Jadhav,2,1,16.5,16.5,15,50.0,50.0
2025-W21,chat,Indore,Email Frontline,1.0,Night,A3017,Shreya Bhatt,2,0,1.5,1.5,15,0.0,100.0
2025-W21,chat,Indore,Logistics,1.0,Day,A3027,Dev Chatterjee,1,0,10.0,10.0,15,0.0,100.0
2025-W21,email,Bengaluru,Billing,1.0,Day,A3034,Thomas Patel,2,1,425.0,425.0,480,50.0,50.0
2025-W21,email,Bengaluru,Billing,1.0,Morning,A3035,Rohit Mukherjee,1,0,78.0,78.0,480,0.0,100.0
2025-W21,email,Bengaluru,Email Frontline,1.0,Day,A3020,Ramesh Ghosh,2,0,303.5,303.5,480,0.0,100.0
2025-W21,email,Bengaluru,Email Frontline,1.0,Day,A3021,Aditya Dhillon,2,0,242.5,242.5,480,0.0,100.0
2025-W21,email,Bengaluru,Email Frontline,1.0,Day,A3022,Steven Tiwari,1,0,165.0,165.0,480,0.0,100.0
2025-W21,email,Bengaluru,Email Frontline,1.0,Morning,A3018,Farah Sheikh,1,0,265.0,265.0,480,0.0,100.0
2025-W21,email,Bengaluru,Email Frontline,1.0,Morning,A3019,Sai Sandhu,4,1,200.25,93.5,480,25.0,75.0
2025-W21,email,Bengaluru,Logistics,1.0,Day,A3030,Sunita Srivastava,1,0,379.0,379.0,480,0.0,100.0
2025-W21,email,Bengaluru,Logistics,1.0,Morning,A3031,Om Malhotra,1,0,96.0,96.0,480,0.0,100.0
2025-W21,email,Bengaluru,Returns Desk,1.0,Morning,A3037,Rahul Sen,3,0,165.0,108.0,480,0.0,100.0
2025-W21,email,Indore,Chat Frontline,1.0,Morning,A3011,Karan Roy,1,0,80.0,80.0,480,0.0,100.0
2025-W21,email,Indore,Email Frontline,1.0,Night,A3016,Deepak Jadhav,3,0,188.0,173.0,480,0.0,100.0
2025-W21,email,Indore,Email Frontline,1.0,Night,A3017,Shreya Bhatt,2,1,436.0,436.0,480,50.0,50.0
2025-W21,email,Indore,Logistics,1.0,Day,A3027,Dev Chatterjee,1,0,294.0,294.0,480,0.0,100.0
2025-W21,email,Indore,Logistics,1.0,Morning,A3028,Krishna Kaur,1,0,70.0,70.0,480,0.0,100.0
2025-W21,social,Bengaluru,Chat Frontline,1.0,Day,A3004,Krishna Naidu,1,0,36.0,36.0,240,0.0,100.0
2025-W21,social,Bengaluru,Chat Frontline,1.0,Day,A3006,Lakshmi Reddy,1,1,431.0,431.0,240,100.0,0.0
2025-W21,social,Bengaluru,Chat Frontline,1.0,Day,A3015,Yash Agarwal,1,0,34.0,34.0,240,0.0,100.0
2025-W21,social,Bengaluru,Chat Frontline,1.0,Morning,A3007,Neha Gaikwad,1,0,26.0,26.0,240,0.0,100.0
2025-W21,social,Bengaluru,Logistics,1.0,Day,A3030,Sunita Srivastava,1,0,195.0,195.0,240,0.0,100.0
2025-W21,social,Bengaluru,Returns Desk,1.0,Morning,A3037,Rahul Sen,1,0,23.0,23.0,240,0.0,100.0
2025-W21,social,Indore,Chat Frontline,1.0,Morning,A3010,Neha Chatterjee,1,0,52.0,52.0,240,0.0,100.0
2025-W21,social,Indore,Email Frontline,1.0,Night,A3016,Deepak Jadhav,1,1,332.0,332.0,240,100.0,0.0
2025-W21,social,Indore,Email Frontline,1.0,Night,A3017,Shreya Bhatt,2,0,139.0,139.0,240,0.0,100.0
2025-W21,voice,Bengaluru,Billing,1.0,Day,A3034,Thomas Patel,1,0,34.0,34.0,120,0.0,100.0
2025-W21,voice,Bengaluru,Billing,1.0,Morning,A3033,Amit Kulkarni,1,0,49.0,49.0,120,0.0,100.0
2025-W21,voice,Bengaluru,Chat Frontline,1.0,Morning,A3009,Ramesh Patel,1,0,42.0,42.0,120,0.0,100.0
2025-W21,voice,Bengaluru,Email Frontline,1.0,Day,A3021,Aditya Dhillon,1,1,188.0,188.0,120,100.0,0.0
2025-W21,voice,Bengaluru,Logistics,1.0,Day,A3029,Rajat Iyer,1,0,59.0,59.0,120,0.0,100.0
2025-W21,voice,Bengaluru,Returns Desk,1.0,Morning,A3037,Rahul Sen,2,0,39.0,39.0,120,0.0,100.0
2025-W21,voice,Bengaluru,Voice Frontline,1.0,Day,A3023,Rahul Khanna,2,1,70.0,70.0,120,50.0,50.0
2025-W21,voice,Bengaluru,Voice Frontline,1.0,Day,A3026,Lakshmi Qureshi,3,0,59.0,50.0,120,0.0,100.0
2025-W21,voice,Bengaluru,Voice Frontline,1.0,Morning,A3024,Kunal Khanna,1,0,112.0,112.0,120,0.0,100.0
2025-W21,voice,Bengaluru,Voice Frontline,1.0,Morning,A3025,Lobsang Rao,2,0,21.5,21.5,120,0.0,100.0
2025-W21,voice,Indore,Logistics,1.0,Day,A3027,Dev Chatterjee,3,1,64.0,30.0,120,33.33333333333333,66.66666666666667
2025-W21,voice,Indore,Logistics,1.0,Morning,A3028,Krishna Kaur,1,0,38.0,38.0,120,0.0,100.0
2025-W22,chat,Bengaluru,Billing,1.0,Day,A3034,Thomas Patel,2,0,9.0,9.0,15,0.0,100.0
2025-W22,chat,Bengaluru,Billing,1.0,Morning,A3033,Amit Kulkarni,1,0,4.0,4.0,15,0.0,100.0
2025-W22,chat,Bengaluru,Chat Frontline,1.0,Day,A3004,Krishna Naidu,1,0,6.0,6.0,15,0.0,100.0
2025-W22,chat,Bengaluru,Chat Frontline,1.0,Day,A3015,Yash Agarwal,2,0,3.0,3.0,15,0.0,100.0
2025-W22,chat,Bengaluru,Chat Frontline,1.0,Morning,A3005,Sameer Joshi,2,1,10.5,10.5,15,50.0,50.0
2025-W22,chat,Bengaluru,Chat Frontline,1.0,Morning,A3009,Ramesh Patel,1,0,1.0,1.0,15,0.0,100.0
2025-W22,chat,Bengaluru,Chat Frontline,1.0,Morning,A3014,Diya Patil,4,1,7.25,5.5,15,25.0,75.0
2025-W22,chat,Bengaluru,Logistics,1.0,Morning,A3031,Om Malhotra,5,0,2.8,2.0,15,0.0,100.0
2025-W22,chat,Bengaluru,Returns Desk,1.0,Day,A3038,Amit Yadav,1,0,2.0,2.0,15,0.0,100.0
2025-W22,chat,Bengaluru,Returns Desk,1.0,Morning,A3037,Rahul Sen,2,1,10.5,10.5,15,50.0,50.0
2025-W22,chat,Indore,Billing,1.0,Morning,A3032,Aadhya Sheikh,2,0,9.0,9.0,15,0.0,100.0
2025-W22,chat,Indore,Chat Frontline,1.0,Morning,A3010,Neha Chatterjee,2,0,7.0,7.0,15,0.0,100.0
2025-W22,chat,Indore,Chat Frontline,1.0,Morning,A3011,Karan Roy,1,0,1.0,1.0,15,0.0,100.0
2025-W22,chat,Indore,Chat Frontline,1.0,Night,A3001,Zoya Mehta,2,0,4.5,4.5,15,0.0,100.0
2025-W22,chat,Indore,Chat Frontline,1.0,Night,A3002,Tarun Mishra,1,0,10.0,10.0,15,0.0,100.0
2025-W22,chat,Indore,Email Frontline,1.0,Night,A3017,Shreya Bhatt,2,0,0.5,0.5,15,0.0,100.0
2025-W22,chat,Indore,Logistics,1.0,Morning,A3028,Krishna Kaur,1,0,5.0,5.0,15,0.0,100.0
2025-W22,email,Bengaluru,Billing,1.0,Day,A3034,Thomas Patel,1,0,65.0,65.0,480,0.0,100.0
2025-W22,email,Bengaluru,Billing,1.0,Morning,A3033,Amit Kulkarni,1,0,335.0,335.0,480,0.0,100.0
2025-W22,email,Bengaluru,Billing,1.0,Morning,A3035,Rohit Mukherjee,1,0,32.0,32.0,480,0.0,100.0
2025-W22,email,Bengaluru,Email Frontline,1.0,Day,A3020,Ramesh Ghosh,1,1,599.0,599.0,480,100.0,0.0
2025-W22,email,Bengaluru,Email Frontline,1.0,Day,A3021,Aditya Dhillon,3,0,207.66666666666666,224.0,480,0.0,100.0
2025-W22,email,Bengaluru,Email Frontline,1.0,Day,A3022,Steven Tiwari,1,0,407.0,407.0,480,0.0,100.0
2025-W22,email,Bengaluru,Email Frontline,1.0,Morning,A3018,Farah Sheikh,3,0,131.0,136.0,480,0.0,100.0
2025-W22,email,Bengaluru,Email Frontline,1.0,Morning,A3019,Sai Sandhu,6,0,171.66666666666666,156.0,480,0.0,100.0
2025-W22,email,Bengaluru,Escalations & Warranty,2.0,Day,A3044,Kunal Malhotra,1,0,38.0,38.0,480,0.0,100.0
2025-W22,email,Bengaluru,Escalations & Warranty,2.0,Morning,A3039,Riya Gaikwad,1,0,194.0,194.0,480,0.0,100.0
2025-W22,email,Bengaluru,Escalations & Warranty,2.0,Morning,A3043,Rohit Jain,2,0,166.5,166.5,480,0.0,100.0
2025-W22,email,Bengaluru,Logistics,1.0,Day,A3030,Sunita Srivastava,2,2,708.0,708.0,480,100.0,0.0
2025-W22,email,Bengaluru,Returns Desk,1.0,Day,A3038,Amit Yadav,3,1,354.6666666666667,340.0,480,33.33333333333333,66.66666666666667
2025-W22,email,Bengaluru,Returns Desk,1.0,Morning,A3037,Rahul Sen,2,1,431.5,431.5,480,50.0,50.0
2025-W22,email,Indore,Chat Frontline,1.0,Night,A3002,Tarun Mishra,1,0,90.0,90.0,480,0.0,100.0
2025-W22,email,Indore,Chat Frontline,1.0,Night,A3003,Harpreet Deshpande,2,0,136.0,136.0,480,0.0,100.0
2025-W22,email,Indore,Email Frontline,1.0,Night,A3017,Shreya Bhatt,1,0,177.0,177.0,480,0.0,100.0
2025-W22,email,Indore,Escalations & Warranty,2.0,Day,A3041,Riya Fernandes,1,0,320.0,320.0,480,0.0,100.0
2025-W22,email,Indore,Logistics,1.0,Day,A3027,Dev Chatterjee,3,0,238.0,145.0,480,0.0,100.0
2025-W22,email,Indore,Logistics,1.0,Morning,A3028,Krishna Kaur,2,0,139.5,139.5,480,0.0,100.0
2025-W22,social,Bengaluru,Chat Frontline,1.0,Day,A3004,Krishna Naidu,1,0,42.0,42.0,240,0.0,100.0
2025-W22,social,Bengaluru,Chat Frontline,1.0,Morning,A3014,Diya Patil,1,0,79.0,79.0,240,0.0,100.0
2025-W22,social,Bengaluru,Logistics,1.0,Day,A3030,Sunita Srivastava,1,0,68.0,68.0,240,0.0,100.0
2025-W22,social,Indore,Chat Frontline,1.0,Night,A3003,Harpreet Deshpande,3,1,180.33333333333334,197.0,240,33.33333333333333,66.66666666666667
2025-W22,social,Indore,Email Frontline,1.0,Night,A3016,Deepak Jadhav,1,0,53.0,53.0,240,0.0,100.0
2025-W22,voice,Bengaluru,Billing,1.0,Day,A3034,Thomas Patel,1,0,17.0,17.0,120,0.0,100.0
2025-W22,voice,Bengaluru,Escalations & Warranty,2.0,Day,A3040,Thomas Arora,1,0,68.0,68.0,120,0.0,100.0
2025-W22,voice,Bengaluru,Logistics,1.0,Day,A3029,Rajat Iyer,2,0,26.0,26.0,120,0.0,100.0
2025-W22,voice,Bengaluru,Logistics,1.0,Morning,A3031,Om Malhotra,1,0,37.0,37.0,120,0.0,100.0
2025-W22,voice,Bengaluru,Returns Desk,1.0,Day,A3036,Rohit Shinde,1,0,17.0,17.0,120,0.0,100.0
2025-W22,voice,Bengaluru,Returns Desk,1.0,Day,A3038,Amit Yadav,1,0,13.0,13.0,120,0.0,100.0
2025-W22,voice,Bengaluru,Voice Frontline,1.0,Day,A3023,Rahul Khanna,2,1,87.5,87.5,120,50.0,50.0
2025-W22,voice,Bengaluru,Voice Frontline,1.0,Morning,A3025,Lobsang Rao,3,0,38.666666666666664,42.0,120,0.0,100.0
2025-W23,chat,Bengaluru,Billing,1.0,Day,A3034,Thomas Patel,2,1,11.0,11.0,15,50.0,50.0
2025-W23,chat,Bengaluru,Billing,1.0,Morning,A3033,Amit Kulkarni,1,0,10.0,10.0,15,0.0,100.0
2025-W23,chat,Bengaluru,Billing,1.0,Morning,A3035,Rohit Mukherjee,3,0,5.333333333333333,4.0,15,0.0,100.0
2025-W23,chat,Bengaluru,Chat Frontline,1.0,Day,A3006,Lakshmi Reddy,1,0,4.0,4.0,15,0.0,100.0
2025-W23,chat,Bengaluru,Chat Frontline,1.0,Day,A3015,Yash Agarwal,1,0,5.0,5.0,15,0.0,100.0
2025-W23,chat,Bengaluru,Chat Frontline,1.0,Morning,A3005,Sameer Joshi,2,0,3.0,3.0,15,0.0,100.0
2025-W23,chat,Bengaluru,Chat Frontline,1.0,Morning,A3009,Ramesh Patel,1,0,4.0,4.0,15,0.0,100.0
2025-W23,chat,Bengaluru,Chat Frontline,1.0,Morning,A3014,Diya Patil,1,0,3.0,3.0,15,0.0,100.0
2025-W23,chat,Bengaluru,Escalations & Warranty,2.0,Morning,A3039,Riya Gaikwad,1,0,3.0,3.0,15,0.0,100.0
2025-W23,chat,Bengaluru,Logistics,1.0,Day,A3029,Rajat Iyer,1,0,13.0,13.0,15,0.0,100.0
2025-W23,chat,Bengaluru,Logistics,1.0,Day,A3030,Sunita Srivastava,1,0,1.0,1.0,15,0.0,100.0
2025-W23,chat,Bengaluru,Logistics,1.0,Morning,A3031,Om Malhotra,4,0,4.0,3.5,15,0.0,100.0
2025-W23,chat,Bengaluru,Returns Desk,1.0,Day,A3036,Rohit Shinde,2,0,5.5,5.5,15,0.0,100.0
2025-W23,chat,Bengaluru,Returns Desk,1.0,Morning,A3037,Rahul Sen,1,0,1.0,1.0,15,0.0,100.0
2025-W23,chat,Indore,Chat Frontline,1.0,Morning,A3008,Steven Kaur,2,0,12.0,12.0,15,0.0,100.0
2025-W23,chat,Indore,Chat Frontline,1.0,Morning,A3011,Karan Roy,1,0,1.0,1.0,15,0.0,100.0
2025-W23,chat,Indore,Chat Frontline,1.0,Morning,A3013,Ritika Chatterjee,2,0,3.0,3.0,15,0.0,100.0
2025-W23,chat,Indore,Chat Frontline,1.0,Night,A3001,Zoya Mehta,1,0,2.0,2.0,15,0.0,100.0
2025-W23,chat,Indore,Chat Frontline,1.0,Night,A3003,Harpreet Deshpande,2,0,9.0,9.0,15,0.0,100.0
2025-W23,chat,Indore,Email Frontline,1.0,Night,A3017,Shreya Bhatt,2,0,3.0,3.0,15,0.0,100.0
2025-W23,chat,Indore,Escalations & Warranty,2.0,Day,A3041,Riya Fernandes,1,0,4.0,4.0,15,0.0,100.0
2025-W23,chat,Indore,Logistics,1.0,Morning,A3028,Krishna Kaur,4,1,7.75,5.5,15,25.0,75.0
2025-W23,email,Bengaluru,Billing,1.0,Day,A3034,Thomas Patel,2,0,103.5,103.5,480,0.0,100.0
2025-W23,email,Bengaluru,Billing,1.0,Morning,A3033,Amit Kulkarni,2,1,394.0,394.0,480,50.0,50.0
2025-W23,email,Bengaluru,Email Frontline,1.0,Day,A3020,Ramesh Ghosh,1,0,74.0,74.0,480,0.0,100.0
2025-W23,email,Bengaluru,Email Frontline,1.0,Day,A3021,Aditya Dhillon,2,0,82.0,82.0,480,0.0,100.0
2025-W23,email,Bengaluru,Email Frontline,1.0,Morning,A3019,Sai Sandhu,4,1,234.0,128.5,480,25.0,75.0
2025-W23,email,Bengaluru,Escalations & Warranty,2.0,Morning,A3043,Rohit Jain,2,1,463.5,463.5,480,50.0,50.0
2025-W23,email,Bengaluru,Logistics,1.0,Day,A3030,Sunita Srivastava,1,0,86.0,86.0,480,0.0,100.0
2025-W23,email,Bengaluru,Logistics,1.0,Morning,A3031,Om Malhotra,3,0,144.33333333333334,123.0,480,0.0,100.0
2025-W23,email,Bengaluru,Returns Desk,1.0,Morning,A3037,Rahul Sen,1,0,107.0,107.0,480,0.0,100.0
2025-W23,email,Indore,Billing,1.0,Morning,A3032,Aadhya Sheikh,1,0,307.0,307.0,480,0.0,100.0
2025-W23,email,Indore,Chat Frontline,1.0,Night,A3001,Zoya Mehta,2,0,311.0,311.0,480,0.0,100.0
2025-W23,email,Indore,Chat Frontline,1.0,Night,A3002,Tarun Mishra,1,0,242.0,242.0,480,0.0,100.0
2025-W23,email,Indore,Chat Frontline,1.0,Night,A3003,Harpreet Deshpande,1,0,188.0,188.0,480,0.0,100.0
2025-W23,email,Indore,Email Frontline,1.0,Night,A3016,Deepak Jadhav,3,0,116.33333333333333,89.0,480,0.0,100.0
2025-W23,email,Indore,Logistics,1.0,Morning,A3028,Krishna Kaur,1,0,119.0,119.0,480,0.0,100.0
2025-W23,social,Bengaluru,Chat Frontline,1.0,Day,A3012,Lakshmi Sethi,1,0,95.0,95.0,240,0.0,100.0
2025-W23,social,Bengaluru,Chat Frontline,1.0,Morning,A3007,Neha Gaikwad,1,0,57.0,57.0,240,0.0,100.0
2025-W23,social,Bengaluru,Email Frontline,1.0,Day,A3021,Aditya Dhillon,1,0,31.0,31.0,240,0.0,100.0
2025-W23,social,Bengaluru,Email Frontline,1.0,Day,A3022,Steven Tiwari,1,0,36.0,36.0,240,0.0,100.0
2025-W23,social,Indore,Chat Frontline,1.0,Night,A3003,Harpreet Deshpande,1,0,111.0,111.0,240,0.0,100.0
2025-W23,voice,Bengaluru,Billing,1.0,Day,A3034,Thomas Patel,1,0,23.0,23.0,120,0.0,100.0
2025-W23,voice,Bengaluru,Escalations & Warranty,2.0,Morning,A3043,Rohit Jain,1,0,13.0,13.0,120,0.0,100.0
2025-W23,voice,Bengaluru,Logistics,1.0,Day,A3030,Sunita Srivastava,1,0,5.0,5.0,120,0.0,100.0
2025-W23,voice,Bengaluru,Logistics,1.0,Morning,A3031,Om Malhotra,1,0,19.0,19.0,120,0.0,100.0
2025-W23,voice,Bengaluru,Returns Desk,1.0,Day,A3036,Rohit Shinde,1,0,46.0,46.0,120,0.0,100.0
2025-W23,voice,Bengaluru,Voice Frontline,1.0,Day,A3023,Rahul Khanna,4,0,24.0,14.5,120,0.0,100.0
2025-W23,voice,Bengaluru,Voice Frontline,1.0,Day,A3026,Lakshmi Qureshi,1,0,20.0,20.0,120,0.0,100.0
2025-W23,voice,Bengaluru,Voice Frontline,1.0,Morning,A3025,Lobsang Rao,1,0,71.0,71.0,120,0.0,100.0
2025-W23,voice,Indore,Chat Frontline,1.0,Night,A3001,Zoya Mehta,1,0,13.0,13.0,120,0.0,100.0
2025-W23,voice,Indore,Logistics,1.0,Day,A3027,Dev Chatterjee,1,0,23.0,23.0,120,0.0,100.0
2025-W23,voice,Indore,Logistics,1.0,Morning,A3028,Krishna Kaur,1,0,26.0,26.0,120,0.0,100.0
2025-W24,chat,Bengaluru,Billing,1.0,Day,A3034,Thomas Patel,4,0,5.5,5.0,15,0.0,100.0
2025-W24,chat,Bengaluru,Chat Frontline,1.0,Day,A3004,Krishna Naidu,5,0,5.8,6.0,15,0.0,100.0
2025-W24,chat,Bengaluru,Chat Frontline,1.0,Day,A3006,Lakshmi Reddy,1,0,1.0,1.0,15,0.0,100.0
2025-W24,chat,Bengaluru,Chat Frontline,1.0,Day,A3012,Lakshmi Sethi,3,0,7.333333333333333,10.0,15,0.0,100.0
2025-W24,chat,Bengaluru,Chat Frontline,1.0,Day,A3015,Yash Agarwal,4,1,8.25,6.0,15,25.0,75.0
2025-W24,chat,Bengaluru,Chat Frontline,1.0,Morning,A3005,Sameer Joshi,2,1,22.5,22.5,15,50.0,50.0
2025-W24,chat,Bengaluru,Email Frontline,1.0,Day,A3020,Ramesh Ghosh,1,0,2.0,2.0,15,0.0,100.0
2025-W24,chat,Bengaluru,Escalations & Warranty,2.0,Day,A3040,Thomas Arora,1,0,2.0,2.0,15,0.0,100.0
2025-W24,chat,Bengaluru,Escalations & Warranty,2.0,Morning,A3043,Rohit Jain,1,0,6.0,6.0,15,0.0,100.0
2025-W24,chat,Bengaluru,Logistics,1.0,Day,A3029,Rajat Iyer,1,0,1.0,1.0,15,0.0,100.0
2025-W24,chat,Bengaluru,Logistics,1.0,Morning,A3031,Om Malhotra,1,0,3.0,3.0,15,0.0,100.0
2025-W24,chat,Bengaluru,Returns Desk,1.0,Day,A3036,Rohit Shinde,1,0,4.0,4.0,15,0.0,100.0
2025-W24,chat,Bengaluru,Returns Desk,1.0,Day,A3038,Amit Yadav,1,0,5.0,5.0,15,0.0,100.0
2025-W24,chat,Bengaluru,Returns Desk,1.0,Morning,A3037,Rahul Sen,6,1,5.666666666666667,3.0,15,16.666666666666664,83.33333333333334
2025-W24,chat,Indore,Chat Frontline,1.0,Morning,A3008,Steven Kaur,1,0,1.0,1.0,15,0.0,100.0
2025-W24,chat,Indore,Chat Frontline,1.0,Morning,A3010,Neha Chatterjee,1,0,2.0,2.0,15,0.0,100.0
2025-W24,chat,Indore,Chat Frontline,1.0,Morning,A3011,Karan Roy,1,1,29.0,29.0,15,100.0,0.0
2025-W24,chat,Indore,Chat Frontline,1.0,Morning,A3013,Ritika Chatterjee,1,0,3.0,3.0,15,0.0,100.0
2025-W24,chat,Indore,Chat Frontline,1.0,Night,A3003,Harpreet Deshpande,2,0,3.5,3.5,15,0.0,100.0
2025-W24,chat,Indore,Email Frontline,1.0,Night,A3016,Deepak Jadhav,1,0,3.0,3.0,15,0.0,100.0
2025-W24,chat,Indore,Email Frontline,1.0,Night,A3017,Shreya Bhatt,1,0,1.0,1.0,15,0.0,100.0
2025-W24,chat,Indore,Logistics,1.0,Day,A3027,Dev Chatterjee,1,0,3.0,3.0,15,0.0,100.0
2025-W24,chat,Indore,Logistics,1.0,Morning,A3028,Krishna Kaur,2,0,7.0,7.0,15,0.0,100.0
2025-W24,email,Bengaluru,Billing,1.0,Day,A3034,Thomas Patel,2,0,205.0,205.0,480,0.0,100.0
2025-W24,email,Bengaluru,Billing,1.0,Morning,A3035,Rohit Mukherjee,2,1,390.5,390.5,480,50.0,50.0
2025-W24,email,Bengaluru,Email Frontline,1.0,Day,A3020,Ramesh Ghosh,2,0,146.5,146.5,480,0.0,100.0
2025-W24,email,Bengaluru,Email Frontline,1.0,Day,A3021,Aditya Dhillon,4,0,136.0,146.5,480,0.0,100.0
2025-W24,email,Bengaluru,Email Frontline,1.0,Day,A3022,Steven Tiwari,4,1,319.25,240.0,480,25.0,75.0
2025-W24,email,Bengaluru,Email Frontline,1.0,Morning,A3018,Farah Sheikh,1,0,424.0,424.0,480,0.0,100.0
2025-W24,email,Bengaluru,Email Frontline,1.0,Morning,A3019,Sai Sandhu,1,0,58.0,58.0,480,0.0,100.0
2025-W24,email,Bengaluru,Escalations & Warranty,2.0,Day,A3042,Steven Chopra,1,0,332.0,332.0,480,0.0,100.0
2025-W24,email,Bengaluru,Logistics,1.0,Day,A3029,Rajat Iyer,1,0,164.0,164.0,480,0.0,100.0
2025-W24,email,Bengaluru,Logistics,1.0,Day,A3030,Sunita Srivastava,1,0,275.0,275.0,480,0.0,100.0
2025-W24,email,Bengaluru,Logistics,1.0,Morning,A3031,Om Malhotra,2,0,136.5,136.5,480,0.0,100.0
2025-W24,email,Bengaluru,Returns Desk,1.0,Day,A3036,Rohit Shinde,1,0,322.0,322.0,480,0.0,100.0
2025-W24,email,Bengaluru,Returns Desk,1.0,Day,A3038,Amit Yadav,1,0,165.0,165.0,480,0.0,100.0
2025-W24,email,Bengaluru,Returns Desk,1.0,Morning,A3037,Rahul Sen,2,0,186.0,186.0,480,0.0,100.0
2025-W24,email,Indore,Billing,1.0,Morning,A3032,Aadhya Sheikh,1,0,224.0,224.0,480,0.0,100.0
2025-W24,email,Indore,Chat Frontline,1.0,Night,A3002,Tarun Mishra,1,0,147.0,147.0,480,0.0,100.0
2025-W24,email,Indore,Email Frontline,1.0,Night,A3017,Shreya Bhatt,1,0,311.0,311.0,480,0.0,100.0
2025-W24,email,Indore,Logistics,1.0,Morning,A3028,Krishna Kaur,4,0,83.0,91.5,480,0.0,100.0
2025-W24,social,Bengaluru,Chat Frontline,1.0,Day,A3004,Krishna Naidu,2,0,32.0,32.0,240,0.0,100.0
2025-W24,social,Bengaluru,Chat Frontline,1.0,Day,A3006,Lakshmi Reddy,1,0,65.0,65.0,240,0.0,100.0
2025-W24,social,Bengaluru,Chat Frontline,1.0,Day,A3012,Lakshmi Sethi,1,0,156.0,156.0,240,0.0,100.0
2025-W24,social,Indore,Chat Frontline,1.0,Night,A3002,Tarun Mishra,2,0,52.0,52.0,240,0.0,100.0
2025-W24,voice,Bengaluru,Logistics,1.0,Day,A3029,Rajat Iyer,1,0,57.0,57.0,120,0.0,100.0
2025-W24,voice,Bengaluru,Returns Desk,1.0,Day,A3038,Amit Yadav,1,0,33.0,33.0,120,0.0,100.0
2025-W24,voice,Bengaluru,Returns Desk,1.0,Morning,A3037,Rahul Sen,1,0,83.0,83.0,120,0.0,100.0
2025-W24,voice,Bengaluru,Voice Frontline,1.0,Day,A3023,Rahul Khanna,1,0,51.0,51.0,120,0.0,100.0
2025-W24,voice,Bengaluru,Voice Frontline,1.0,Day,A3026,Lakshmi Qureshi,1,0,37.0,37.0,120,0.0,100.0
2025-W24,voice,Bengaluru,Voice Frontline,1.0,Morning,A3024,Kunal Khanna,1,0,71.0,71.0,120,0.0,100.0
2025-W25,chat,Bengaluru,Billing,1.0,Morning,A3033,Amit Kulkarni,2,0,3.0,3.0,15,0.0,100.0
2025-W25,chat,Bengaluru,Billing,1.0,Morning,A3035,Rohit Mukherjee,1,0,4.0,4.0,15,0.0,100.0
2025-W25,chat,Bengaluru,Chat Frontline,1.0,Day,A3004,Krishna Naidu,2,0,2.5,2.5,15,0.0,100.0
2025-W25,chat,Bengaluru,Chat Frontline,1.0,Day,A3006,Lakshmi Reddy,3,0,4.333333333333333,5.0,15,0.0,100.0
2025-W25,chat,Bengaluru,Chat Frontline,1.0,Day,A3015,Yash Agarwal,2,0,8.0,8.0,15,0.0,100.0
2025-W25,chat,Bengaluru,Chat Frontline,1.0,Morning,A3005,Sameer Joshi,2,0,2.5,2.5,15,0.0,100.0
2025-W25,chat,Bengaluru,Chat Frontline,1.0,Morning,A3009,Ramesh Patel,1,0,0.0,0.0,15,0.0,100.0
2025-W25,chat,Bengaluru,Chat Frontline,1.0,Morning,A3014,Diya Patil,1,0,6.0,6.0,15,0.0,100.0
2025-W25,chat,Bengaluru,Escalations & Warranty,2.0,Day,A3040,Thomas Arora,1,0,8.0,8.0,15,0.0,100.0
2025-W25,chat,Bengaluru,Escalations & Warranty,2.0,Morning,A3039,Riya Gaikwad,1,0,3.0,3.0,15,0.0,100.0
2025-W25,chat,Bengaluru,Escalations & Warranty,2.0,Morning,A3043,Rohit Jain,1,0,1.0,1.0,15,0.0,100.0
2025-W25,chat,Bengaluru,Logistics,1.0,Morning,A3031,Om Malhotra,1,0,5.0,5.0,15,0.0,100.0
2025-W25,chat,Bengaluru,Returns Desk,1.0,Day,A3036,Rohit Shinde,2,0,7.0,7.0,15,0.0,100.0
2025-W25,chat,Bengaluru,Returns Desk,1.0,Morning,A3037,Rahul Sen,3,0,3.0,3.0,15,0.0,100.0
2025-W25,chat,Indore,Billing,1.0,Morning,A3032,Aadhya Sheikh,1,0,6.0,6.0,15,0.0,100.0
2025-W25,chat,Indore,Chat Frontline,1.0,Morning,A3013,Ritika Chatterjee,2,0,5.0,5.0,15,0.0,100.0
2025-W25,chat,Indore,Chat Frontline,1.0,Night,A3001,Zoya Mehta,3,1,24.333333333333332,9.0,15,33.33333333333333,66.66666666666667
2025-W25,chat,Indore,Chat Frontline,1.0,Night,A3002,Tarun Mishra,1,0,3.0,3.0,15,0.0,100.0
2025-W25,chat,Indore,Chat Frontline,1.0,Night,A3003,Harpreet Deshpande,4,0,4.5,5.0,15,0.0,100.0
2025-W25,chat,Indore,Email Frontline,1.0,Night,A3016,Deepak Jadhav,2,0,7.0,7.0,15,0.0,100.0
2025-W25,chat,Indore,Escalations & Warranty,2.0,Day,A3041,Riya Fernandes,1,0,1.0,1.0,15,0.0,100.0
2025-W25,chat,Indore,Logistics,1.0,Day,A3027,Dev Chatterjee,1,0,3.0,3.0,15,0.0,100.0
2025-W25,chat,Indore,Logistics,1.0,Morning,A3028,Krishna Kaur,3,0,4.666666666666667,4.0,15,0.0,100.0
2025-W25,email,Bengaluru,Billing,1.0,Day,A3034,Thomas Patel,4,0,231.0,207.5,480,0.0,100.0
2025-W25,email,Bengaluru,Billing,1.0,Morning,A3033,Amit Kulkarni,1,1,891.0,891.0,480,100.0,0.0
2025-W25,email,Bengaluru,Billing,1.0,Morning,A3035,Rohit Mukherjee,1,0,121.0,121.0,480,0.0,100.0
2025-W25,email,Bengaluru,Email Frontline,1.0,Day,A3020,Ramesh Ghosh,2,0,170.5,170.5,480,0.0,100.0
2025-W25,email,Bengaluru,Email Frontline,1.0,Day,A3021,Aditya Dhillon,4,0,221.25,199.0,480,0.0,100.0
2025-W25,email,Bengaluru,Email Frontline,1.0,Day,A3022,Steven Tiwari,8,1,219.875,200.0,480,12.5,87.5
2025-W25,email,Bengaluru,Email Frontline,1.0,Morning,A3018,Farah Sheikh,2,0,264.0,264.0,480,0.0,100.0
2025-W25,email,Bengaluru,Email Frontline,1.0,Morning,A3019,Sai Sandhu,2,0,50.5,50.5,480,0.0,100.0
2025-W25,email,Bengaluru,Escalations & Warranty,2.0,Morning,A3039,Riya Gaikwad,1,0,25.0,25.0,480,0.0,100.0
2025-W25,email,Bengaluru,Escalations & Warranty,2.0,Morning,A3043,Rohit Jain,1,0,44.0,44.0,480,0.0,100.0
2025-W25,email,Bengaluru,Logistics,1.0,Day,A3029,Rajat Iyer,3,1,268.0,157.0,480,33.33333333333333,66.66666666666667
2025-W25,email,Bengaluru,Logistics,1.0,Day,A3030,Sunita Srivastava,1,0,92.0,92.0,480,0.0,100.0
2025-W25,email,Bengaluru,Logistics,1.0,Morning,A3031,Om Malhotra,3,0,204.0,298.0,480,0.0,100.0
2025-W25,email,Bengaluru,Returns Desk,1.0,Day,A3036,Rohit Shinde,1,0,246.0,246.0,480,0.0,100.0
2025-W25,email,Bengaluru,Returns Desk,1.0,Morning,A3037,Rahul Sen,6,0,110.16666666666667,84.5,480,0.0,100.0
2025-W25,email,Indore,Billing,1.0,Morning,A3032,Aadhya Sheikh,1,0,214.0,214.0,480,0.0,100.0
2025-W25,email,Indore,Chat Frontline,1.0,Night,A3001,Zoya Mehta,2,1,427.5,427.5,480,50.0,50.0
2025-W25,email,Indore,Chat Frontline,1.0,Night,A3002,Tarun Mishra,1,0,272.0,272.0,480,0.0,100.0
2025-W25,email,Indore,Chat Frontline,1.0,Night,A3003,Harpreet Deshpande,2,1,344.5,344.5,480,50.0,50.0
2025-W25,email,Indore,Email Frontline,1.0,Night,A3016,Deepak Jadhav,2,0,52.0,52.0,480,0.0,100.0
2025-W25,email,Indore,Logistics,1.0,Morning,A3028,Krishna Kaur,2,0,128.5,128.5,480,0.0,100.0
2025-W25,social,Bengaluru,Billing,1.0,Day,A3034,Thomas Patel,1,0,147.0,147.0,240,0.0,100.0
2025-W25,social,Bengaluru,Chat Frontline,1.0,Day,A3012,Lakshmi Sethi,1,0,40.0,40.0,240,0.0,100.0
2025-W25,social,Bengaluru,Chat Frontline,1.0,Morning,A3009,Ramesh Patel,1,0,144.0,144.0,240,0.0,100.0
2025-W25,social,Indore,Chat Frontline,1.0,Morning,A3008,Steven Kaur,1,0,11.0,11.0,240,0.0,100.0
2025-W25,social,Indore,Chat Frontline,1.0,Morning,A3010,Neha Chatterjee,1,0,158.0,158.0,240,0.0,100.0
2025-W25,social,Indore,Chat Frontline,1.0,Night,A3001,Zoya Mehta,1,0,62.0,62.0,240,0.0,100.0
2025-W25,social,Indore,Email Frontline,1.0,Night,A3016,Deepak Jadhav,1,1,241.0,241.0,240,100.0,0.0
2025-W25,social,Indore,Email Frontline,1.0,Night,A3017,Shreya Bhatt,1,0,84.0,84.0,240,0.0,100.0
2025-W25,social,Indore,Logistics,1.0,Morning,A3028,Krishna Kaur,1,0,150.0,150.0,240,0.0,100.0
2025-W25,voice,Bengaluru,Billing,1.0,Day,A3034,Thomas Patel,1,0,91.0,91.0,120,0.0,100.0
2025-W25,voice,Bengaluru,Billing,1.0,Morning,A3033,Amit Kulkarni,1,0,41.0,41.0,120,0.0,100.0
2025-W25,voice,Bengaluru,Billing,1.0,Morning,A3035,Rohit Mukherjee,1,0,27.0,27.0,120,0.0,100.0
2025-W25,voice,Bengaluru,Escalations & Warranty,2.0,Morning,A3043,Rohit Jain,2,0,32.5,32.5,120,0.0,100.0
2025-W25,voice,Bengaluru,Logistics,1.0,Day,A3030,Sunita Srivastava,1,0,8.0,8.0,120,0.0,100.0
2025-W25,voice,Bengaluru,Logistics,1.0,Morning,A3031,Om Malhotra,1,0,29.0,29.0,120,0.0,100.0
2025-W25,voice,Bengaluru,Returns Desk,1.0,Morning,A3037,Rahul Sen,2,0,41.5,41.5,120,0.0,100.0
2025-W25,voice,Bengaluru,Voice Frontline,1.0,Day,A3023,Rahul Khanna,1,0,84.0,84.0,120,0.0,100.0
2025-W25,voice,Bengaluru,Voice Frontline,1.0,Day,A3026,Lakshmi Qureshi,2,0,23.5,23.5,120,0.0,100.0
2025-W25,voice,Bengaluru,Voice Frontline,1.0,Morning,A3024,Kunal Khanna,4,0,29.25,23.5,120,0.0,100.0
2025-W25,voice,Indore,Billing,1.0,Morning,A3032,Aadhya Sheikh,1,0,91.0,91.0,120,0.0,100.0
2025-W25,voice,Indore,Logistics,1.0,Day,A3027,Dev Chatterjee,1,0,91.0,91.0,120,0.0,100.0
2025-W26,chat,Bengaluru,Billing,1.0,Day,A3034,Thomas Patel,2,0,9.5,9.5,15,0.0,100.0
2025-W26,chat,Bengaluru,Billing,1.0,Morning,A3035,Rohit Mukherjee,1,0,5.0,5.0,15,0.0,100.0
2025-W26,chat,Bengaluru,Chat Frontline,1.0,Day,A3004,Krishna Naidu,3,1,9.0,5.0,15,33.33333333333333,66.66666666666667
2025-W26,chat,Bengaluru,Chat Frontline,1.0,Day,A3006,Lakshmi Reddy,2,0,6.5,6.5,15,0.0,100.0
2025-W26,chat,Bengaluru,Chat Frontline,1.0,Day,A3012,Lakshmi Sethi,2,0,4.0,4.0,15,0.0,100.0
2025-W26,chat,Bengaluru,Chat Frontline,1.0,Day,A3015,Yash Agarwal,2,1,32.5,32.5,15,50.0,50.0
2025-W26,chat,Bengaluru,Chat Frontline,1.0,Morning,A3005,Sameer Joshi,3,0,5.333333333333333,6.0,15,0.0,100.0
2025-W26,chat,Bengaluru,Chat Frontline,1.0,Morning,A3009,Ramesh Patel,1,0,8.0,8.0,15,0.0,100.0
2025-W26,chat,Bengaluru,Chat Frontline,1.0,Morning,A3014,Diya Patil,1,0,8.0,8.0,15,0.0,100.0
2025-W26,chat,Bengaluru,Email Frontline,1.0,Morning,A3018,Farah Sheikh,1,0,7.0,7.0,15,0.0,100.0
2025-W26,chat,Bengaluru,Escalations & Warranty,2.0,Day,A3044,Kunal Malhotra,1,0,12.0,12.0,15,0.0,100.0
2025-W26,chat,Bengaluru,Escalations & Warranty,2.0,Morning,A3039,Riya Gaikwad,2,2,23.0,23.0,15,100.0,0.0
2025-W26,chat,Bengaluru,Logistics,1.0,Day,A3029,Rajat Iyer,4,1,6.75,1.5,15,25.0,75.0
2025-W26,chat,Bengaluru,Logistics,1.0,Day,A3030,Sunita Srivastava,1,0,7.0,7.0,15,0.0,100.0
2025-W26,chat,Bengaluru,Logistics,1.0,Morning,A3031,Om Malhotra,2,0,2.5,2.5,15,0.0,100.0
2025-W26,chat,Bengaluru,Returns Desk,1.0,Day,A3036,Rohit Shinde,2,0,2.5,2.5,15,0.0,100.0
2025-W26,chat,Bengaluru,Returns Desk,1.0,Morning,A3037,Rahul Sen,1,0,3.0,3.0,15,0.0,100.0
2025-W26,chat,Indore,Billing,1.0,Morning,A3032,Aadhya Sheikh,3,0,6.0,6.0,15,0.0,100.0
2025-W26,chat,Indore,Chat Frontline,1.0,Morning,A3008,Steven Kaur,1,0,4.0,4.0,15,0.0,100.0
2025-W26,chat,Indore,Chat Frontline,1.0,Morning,A3011,Karan Roy,2,0,2.5,2.5,15,0.0,100.0
2025-W26,chat,Indore,Chat Frontline,1.0,Morning,A3013,Ritika Chatterjee,1,0,7.0,7.0,15,0.0,100.0
2025-W26,chat,Indore,Chat Frontline,1.0,Night,A3001,Zoya Mehta,1,0,1.0,1.0,15,0.0,100.0
2025-W26,chat,Indore,Chat Frontline,1.0,Night,A3003,Harpreet Deshpande,1,0,2.0,2.0,15,0.0,100.0
2025-W26,chat,Indore,Email Frontline,1.0,Night,A3016,Deepak Jadhav,1,0,2.0,2.0,15,0.0,100.0
2025-W26,chat,Indore,Logistics,1.0,Morning,A3028,Krishna Kaur,2,2,25.0,25.0,15,100.0,0.0
2025-W26,email,Bengaluru,Billing,1.0,Day,A3034,Thomas Patel,1,0,399.0,399.0,480,0.0,100.0
2025-W26,email,Bengaluru,Billing,1.0,Morning,A3033,Amit Kulkarni,1,0,233.0,233.0,480,0.0,100.0
2025-W26,email,Bengaluru,Billing,1.0,Morning,A3035,Rohit Mukherjee,1,0,143.0,143.0,480,0.0,100.0
2025-W26,email,Bengaluru,Chat Frontline,1.0,Day,A3012,Lakshmi Sethi,1,0,41.0,41.0,480,0.0,100.0
2025-W26,email,Bengaluru,Email Frontline,1.0,Day,A3020,Ramesh Ghosh,1,0,54.0,54.0,480,0.0,100.0
2025-W26,email,Bengaluru,Email Frontline,1.0,Day,A3021,Aditya Dhillon,1,0,96.0,96.0,480,0.0,100.0
2025-W26,email,Bengaluru,Email Frontline,1.0,Day,A3022,Steven Tiwari,1,0,179.0,179.0,480,0.0,100.0
2025-W26,email,Bengaluru,Email Frontline,1.0,Morning,A3018,Farah Sheikh,2,0,75.0,75.0,480,0.0,100.0
2025-W26,email,Bengaluru,Email Frontline,1.0,Morning,A3019,Sai Sandhu,2,1,310.5,310.5,480,50.0,50.0
2025-W26,email,Bengaluru,Escalations & Warranty,2.0,Morning,A3039,Riya Gaikwad,2,1,382.0,382.0,480,50.0,50.0
2025-W26,email,Bengaluru,Escalations & Warranty,2.0,Morning,A3043,Rohit Jain,1,0,202.0,202.0,480,0.0,100.0
2025-W26,email,Bengaluru,Logistics,1.0,Morning,A3031,Om Malhotra,2,0,216.5,216.5,480,0.0,100.0
2025-W26,email,Bengaluru,Returns Desk,1.0,Day,A3036,Rohit Shinde,1,0,20.0,20.0,480,0.0,100.0
2025-W26,email,Bengaluru,Returns Desk,1.0,Morning,A3037,Rahul Sen,2,0,201.0,201.0,480,0.0,100.0
2025-W26,email,Indore,Chat Frontline,1.0,Night,A3002,Tarun Mishra,1,0,358.0,358.0,480,0.0,100.0
2025-W26,email,Indore,Chat Frontline,1.0,Night,A3003,Harpreet Deshpande,1,0,99.0,99.0,480,0.0,100.0
2025-W26,email,Indore,Email Frontline,1.0,Night,A3016,Deepak Jadhav,2,0,129.0,129.0,480,0.0,100.0
2025-W26,email,Indore,Email Frontline,1.0,Night,A3017,Shreya Bhatt,1,0,108.0,108.0,480,0.0,100.0
2025-W26,email,Indore,Logistics,1.0,Day,A3027,Dev Chatterjee,1,0,114.0,114.0,480,0.0,100.0
2025-W26,email,Indore,Logistics,1.0,Morning,A3028,Krishna Kaur,1,0,98.0,98.0,480,0.0,100.0
2025-W26,social,Bengaluru,Billing,1.0,Day,A3034,Thomas Patel,2,0,151.5,151.5,240,0.0,100.0
2025-W26,social,Bengaluru,Billing,1.0,Morning,A3033,Amit Kulkarni,1,1,252.0,252.0,240,100.0,0.0
2025-W26,social,Bengaluru,Logistics,1.0,Day,A3029,Rajat Iyer,1,0,112.0,112.0,240,0.0,100.0
2025-W26,social,Bengaluru,Logistics,1.0,Morning,A3031,Om Malhotra,1,0,86.0,86.0,240,0.0,100.0
2025-W26,social,Bengaluru,Returns Desk,1.0,Day,A3036,Rohit Shinde,2,0,87.5,87.5,240,0.0,100.0
2025-W26,social,Bengaluru,Returns Desk,1.0,Day,A3038,Amit Yadav,1,1,388.0,388.0,240,100.0,0.0
2025-W26,social,Indore,Chat Frontline,1.0,Morning,A3010,Neha Chatterjee,1,0,122.0,122.0,240,0.0,100.0
2025-W26,social,Indore,Logistics,1.0,Morning,A3028,Krishna Kaur,1,1,420.0,420.0,240,100.0,0.0
2025-W26,voice,Bengaluru,Billing,1.0,Day,A3034,Thomas Patel,2,0,16.0,16.0,120,0.0,100.0
2025-W26,voice,Bengaluru,Billing,1.0,Morning,A3033,Amit Kulkarni,1,0,36.0,36.0,120,0.0,100.0
2025-W26,voice,Bengaluru,Billing,1.0,Morning,A3035,Rohit Mukherjee,1,0,18.0,18.0,120,0.0,100.0
2025-W26,voice,Bengaluru,Escalations & Warranty,2.0,Morning,A3043,Rohit Jain,1,0,9.0,9.0,120,0.0,100.0
2025-W26,voice,Bengaluru,Logistics,1.0,Day,A3030,Sunita Srivastava,1,0,13.0,13.0,120,0.0,100.0
2025-W26,voice,Bengaluru,Logistics,1.0,Morning,A3031,Om Malhotra,1,0,14.0,14.0,120,0.0,100.0
2025-W26,voice,Bengaluru,Voice Frontline,1.0,Day,A3023,Rahul Khanna,3,0,66.0,71.0,120,0.0,100.0
2025-W26,voice,Bengaluru,Voice Frontline,1.0,Day,A3026,Lakshmi Qureshi,2,0,47.0,47.0,120,0.0,100.0
2025-W26,voice,Bengaluru,Voice Frontline,1.0,Morning,A3024,Kunal Khanna,1,0,25.0,25.0,120,0.0,100.0
2025-W26,voice,Bengaluru,Voice Frontline,1.0,Morning,A3025,Lobsang Rao,1,0,13.0,13.0,120,0.0,100.0
2025-W26,voice,Indore,Chat Frontline,1.0,Night,A3003,Harpreet Deshpande,1,0,13.0,13.0,120,0.0,100.0
2025-W27,chat,Bengaluru,Billing,1.0,Day,A3034,Thomas Patel,6,1,6.833333333333333,4.5,15,16.666666666666664,83.33333333333334
2025-W27,chat,Bengaluru,Billing,1.0,Morning,A3033,Amit Kulkarni,2,0,3.5,3.5,15,0.0,100.0
2025-W27,chat,Bengaluru,Billing,1.0,Morning,A3035,Rohit Mukherjee,2,2,433.5,433.5,15,100.0,0.0
2025-W27,chat,Bengaluru,Chat Frontline,1.0,Day,A3004,Krishna Naidu,1,0,1.0,1.0,15,0.0,100.0
2025-W27,chat,Bengaluru,Chat Frontline,1.0,Day,A3006,Lakshmi Reddy,1,0,2.0,2.0,15,0.0,100.0
2025-W27,chat,Bengaluru,Chat Frontline,1.0,Day,A3015,Yash Agarwal,2,0,3.0,3.0,15,0.0,100.0
2025-W27,chat,Bengaluru,Chat Frontline,1.0,Morning,A3005,Sameer Joshi,4,3,384.5,499.0,15,75.0,25.0
2025-W27,chat,Bengaluru,Chat Frontline,1.0,Morning,A3007,Neha Gaikwad,1,0,2.0,2.0,15,0.0,100.0
2025-W27,chat,Bengaluru,Chat Frontline,1.0,Morning,A3014,Diya Patil,2,1,222.5,222.5,15,50.0,50.0
2025-W27,chat,Bengaluru,Escalations & Warranty,2.0,Day,A3044,Kunal Malhotra,2,0,3.5,3.5,15,0.0,100.0
2025-W27,chat,Bengaluru,Escalations & Warranty,2.0,Morning,A3039,Riya Gaikwad,1,0,0.0,0.0,15,0.0,100.0
2025-W27,chat,Bengaluru,Logistics,1.0,Morning,A3031,Om Malhotra,2,1,42.0,42.0,15,50.0,50.0
2025-W27,chat,Bengaluru,Returns Desk,1.0,Day,A3036,Rohit Shinde,2,0,8.0,8.0,15,0.0,100.0
2025-W27,chat,Bengaluru,Returns Desk,1.0,Morning,A3037,Rahul Sen,1,1,465.0,465.0,15,100.0,0.0
2025-W27,chat,Indore,Chat Frontline,1.0,Day,A3002,Tarun Mishra,1,0,8.0,8.0,15,0.0,100.0
2025-W27,chat,Indore,Chat Frontline,1.0,Morning,A3008,Steven Kaur,2,1,195.5,195.5,15,50.0,50.0
2025-W27,chat,Indore,Chat Frontline,1.0,Morning,A3010,Neha Chatterjee,1,1,427.0,427.0,15,100.0,0.0
2025-W27,chat,Indore,Chat Frontline,1.0,Morning,A3011,Karan Roy,2,2,84.5,84.5,15,100.0,0.0
2025-W27,chat,Indore,Chat Frontline,1.0,Morning,A3013,Ritika Chatterjee,2,1,229.5,229.5,15,50.0,50.0
2025-W27,chat,Indore,Logistics,1.0,Day,A3027,Dev Chatterjee,1,0,3.0,3.0,15,0.0,100.0
2025-W27,chat,Indore,Logistics,1.0,Morning,A3028,Krishna Kaur,6,3,178.16666666666666,143.5,15,50.0,50.0
2025-W27,email,Bengaluru,Billing,1.0,Day,A3034,Thomas Patel,2,0,139.0,139.0,480,0.0,100.0
2025-W27,email,Bengaluru,Billing,1.0,Morning,A3033,Amit Kulkarni,1,1,513.0,513.0,480,100.0,0.0
2025-W27,email,Bengaluru,Billing,1.0,Morning,A3035,Rohit Mukherjee,2,1,489.0,489.0,480,50.0,50.0
2025-W27,email,Bengaluru,Email Frontline,1.0,Day,A3020,Ramesh Ghosh,1,0,286.0,286.0,480,0.0,100.0
2025-W27,email,Bengaluru,Email Frontline,1.0,Day,A3021,Aditya Dhillon,2,0,168.0,168.0,480,0.0,100.0
2025-W27,email,Bengaluru,Email Frontline,1.0,Day,A3022,Steven Tiwari,1,0,100.0,100.0,480,0.0,100.0
2025-W27,email,Bengaluru,Email Frontline,1.0,Morning,A3018,Farah Sheikh,3,1,272.0,172.0,480,33.33333333333333,66.66666666666667
2025-W27,email,Bengaluru,Email Frontline,1.0,Morning,A3019,Sai Sandhu,3,1,274.6666666666667,102.0,480,33.33333333333333,66.66666666666667
2025-W27,email,Bengaluru,Escalations & Warranty,2.0,Day,A3044,Kunal Malhotra,1,0,56.0,56.0,480,0.0,100.0
2025-W27,email,Bengaluru,Escalations & Warranty,2.0,Morning,A3043,Rohit Jain,1,0,179.0,179.0,480,0.0,100.0
2025-W27,email,Bengaluru,Logistics,1.0,Morning,A3031,Om Malhotra,2,1,413.5,413.5,480,50.0,50.0
2025-W27,email,Bengaluru,Returns Desk,1.0,Day,A3036,Rohit Shinde,2,0,148.0,148.0,480,0.0,100.0
2025-W27,email,Bengaluru,Returns Desk,1.0,Day,A3038,Amit Yadav,1,0,44.0,44.0,480,0.0,100.0
2025-W27,email,Bengaluru,Returns Desk,1.0,Morning,A3037,Rahul Sen,1,0,129.0,129.0,480,0.0,100.0
2025-W27,email,Indore,Billing,1.0,Morning,A3032,Aadhya Sheikh,1,1,646.0,646.0,480,100.0,0.0
2025-W27,email,Indore,Logistics,1.0,Morning,A3028,Krishna Kaur,1,1,663.0,663.0,480,100.0,0.0
2025-W27,social,Bengaluru,Billing,1.0,Morning,A3035,Rohit Mukherjee,1,1,511.0,511.0,240,100.0,0.0
2025-W27,social,Bengaluru,Chat Frontline,1.0,Day,A3004,Krishna Naidu,1,0,28.0,28.0,240,0.0,100.0
2025-W27,social,Bengaluru,Returns Desk,1.0,Day,A3038,Amit Yadav,1,0,22.0,22.0,240,0.0,100.0
2025-W27,social,Indore,Chat Frontline,1.0,Day,A3002,Tarun Mishra,2,0,57.5,57.5,240,0.0,100.0
2025-W27,social,Indore,Chat Frontline,1.0,Day,A3003,Harpreet Deshpande,1,1,406.0,406.0,240,100.0,0.0
2025-W27,social,Indore,Chat Frontline,1.0,Morning,A3013,Ritika Chatterjee,1,1,400.0,400.0,240,100.0,0.0
2025-W27,voice,Bengaluru,Billing,1.0,Day,A3034,Thomas Patel,2,0,9.5,9.5,120,0.0,100.0
2025-W27,voice,Bengaluru,Email Frontline,1.0,Day,A3022,Steven Tiwari,1,0,89.0,89.0,120,0.0,100.0
2025-W27,voice,Bengaluru,Escalations & Warranty,2.0,Day,A3040,Thomas Arora,1,0,43.0,43.0,120,0.0,100.0
2025-W27,voice,Bengaluru,Escalations & Warranty,2.0,Morning,A3039,Riya Gaikwad,1,1,126.0,126.0,120,100.0,0.0
2025-W27,voice,Bengaluru,Returns Desk,1.0,Morning,A3037,Rahul Sen,1,0,30.0,30.0,120,0.0,100.0
2025-W27,voice,Bengaluru,Voice Frontline,1.0,Day,A3023,Rahul Khanna,2,0,33.0,33.0,120,0.0,100.0
2025-W27,voice,Bengaluru,Voice Frontline,1.0,Morning,A3024,Kunal Khanna,4,0,44.5,34.0,120,0.0,100.0
2025-W27,voice,Bengaluru,Voice Frontline,1.0,Morning,A3025,Lobsang Rao,2,0,31.5,31.5,120,0.0,100.0
2025-W27,voice,Indore,Billing,1.0,Morning,A3032,Aadhya Sheikh,1,0,72.0,72.0,120,0.0,100.0
2025-W27,voice,Indore,Escalations & Warranty,2.0,Day,A3041,Riya Fernandes,1,0,88.0,88.0,120,0.0,100.0
2025-W28,chat,Bengaluru,Billing,1.0,Day,A3034,Thomas Patel,2,0,3.0,3.0,15,0.0,100.0
2025-W28,chat,Bengaluru,Billing,1.0,Morning,A3033,Amit Kulkarni,1,1,390.0,390.0,15,100.0,0.0
2025-W28,chat,Bengaluru,Billing,1.0,Morning,A3035,Rohit Mukherjee,2,2,474.0,474.0,15,100.0,0.0
2025-W28,chat,Bengaluru,Chat Frontline,1.0,Day,A3004,Krishna Naidu,3,1,8.666666666666666,3.0,15,33.33333333333333,66.66666666666667
2025-W28,chat,Bengaluru,Chat Frontline,1.0,Day,A3006,Lakshmi Reddy,2,0,1.5,1.5,15,0.0,100.0
2025-W28,chat,Bengaluru,Chat Frontline,1.0,Day,A3012,Lakshmi Sethi,3,0,5.666666666666667,4.0,15,0.0,100.0
2025-W28,chat,Bengaluru,Chat Frontline,1.0,Morning,A3005,Sameer Joshi,2,1,222.0,222.0,15,50.0,50.0
2025-W28,chat,Bengaluru,Chat Frontline,1.0,Morning,A3014,Diya Patil,2,2,484.5,484.5,15,100.0,0.0
2025-W28,chat,Bengaluru,Escalations & Warranty,2.0,Morning,A3039,Riya Gaikwad,2,2,468.5,468.5,15,100.0,0.0
2025-W28,chat,Bengaluru,Escalations & Warranty,2.0,Morning,A3043,Rohit Jain,2,0,3.5,3.5,15,0.0,100.0
2025-W28,chat,Bengaluru,Logistics,1.0,Day,A3029,Rajat Iyer,1,0,4.0,4.0,15,0.0,100.0
2025-W28,chat,Bengaluru,Returns Desk,1.0,Day,A3036,Rohit Shinde,2,0,5.5,5.5,15,0.0,100.0
2025-W28,chat,Bengaluru,Returns Desk,1.0,Day,A3038,Amit Yadav,2,0,3.0,3.0,15,0.0,100.0
2025-W28,chat,Bengaluru,Returns Desk,1.0,Morning,A3037,Rahul Sen,2,0,2.0,2.0,15,0.0,100.0
2025-W28,chat,Indore,Billing,1.0,Morning,A3032,Aadhya Sheikh,1,1,17.0,17.0,15,100.0,0.0
2025-W28,chat,Indore,Chat Frontline,1.0,Morning,A3008,Steven Kaur,1,1,478.0,478.0,15,100.0,0.0
2025-W28,chat,Indore,Chat Frontline,1.0,Morning,A3010,Neha Chatterjee,2,0,2.5,2.5,15,0.0,100.0
2025-W28,chat,Indore,Chat Frontline,1.0,Morning,A3011,Karan Roy,1,1,252.0,252.0,15,100.0,0.0
2025-W28,chat,Indore,Chat Frontline,1.0,Morning,A3013,Ritika Chatterjee,2,1,267.0,267.0,15,50.0,50.0
2025-W28,chat,Indore,Logistics,1.0,Morning,A3028,Krishna Kaur,3,3,369.3333333333333,474.0,15,100.0,0.0
2025-W28,email,Bengaluru,Billing,1.0,Day,A3034,Thomas Patel,1,0,306.0,306.0,480,0.0,100.0
2025-W28,email,Bengaluru,Billing,1.0,Morning,A3033,Amit Kulkarni,2,0,103.0,103.0,480,0.0,100.0
2025-W28,email,Bengaluru,Billing,1.0,Morning,A3035,Rohit Mukherjee,1,1,603.0,603.0,480,100.0,0.0
2025-W28,email,Bengaluru,Email Frontline,1.0,Day,A3020,Ramesh Ghosh,5,0,151.4,128.0,480,0.0,100.0
2025-W28,email,Bengaluru,Email Frontline,1.0,Day,A3021,Aditya Dhillon,4,0,171.25,162.5,480,0.0,100.0
2025-W28,email,Bengaluru,Email Frontline,1.0,Day,A3022,Steven Tiwari,1,0,101.0,101.0,480,0.0,100.0
2025-W28,email,Bengaluru,Email Frontline,1.0,Morning,A3018,Farah Sheikh,1,0,67.0,67.0,480,0.0,100.0
2025-W28,email,Bengaluru,Email Frontline,1.0,Morning,A3019,Sai Sandhu,7,2,355.42857142857144,369.0,480,28.57142857142857,71.42857142857143
2025-W28,email,Bengaluru,Escalations & Warranty,2.0,Morning,A3039,Riya Gaikwad,1,0,169.0,169.0,480,0.0,100.0
2025-W28,email,Bengaluru,Escalations & Warranty,2.0,Morning,A3043,Rohit Jain,1,1,593.0,593.0,480,100.0,0.0
2025-W28,email,Bengaluru,Logistics,1.0,Morning,A3031,Om Malhotra,3,0,400.6666666666667,398.0,480,0.0,100.0
2025-W28,email,Bengaluru,Returns Desk,1.0,Day,A3036,Rohit Shinde,1,0,188.0,188.0,480,0.0,100.0
2025-W28,email,Bengaluru,Returns Desk,1.0,Day,A3038,Amit Yadav,1,0,208.0,208.0,480,0.0,100.0
2025-W28,email,Bengaluru,Returns Desk,1.0,Morning,A3037,Rahul Sen,2,1,361.5,361.5,480,50.0,50.0
2025-W28,email,Indore,Billing,1.0,Morning,A3032,Aadhya Sheikh,3,0,176.66666666666666,159.0,480,0.0,100.0
2025-W28,email,Indore,Logistics,1.0,Morning,A3028,Krishna Kaur,1,0,177.0,177.0,480,0.0,100.0
2025-W28,social,Bengaluru,Billing,1.0,Morning,A3033,Amit Kulkarni,2,0,41.5,41.5,240,0.0,100.0
2025-W28,social,Bengaluru,Chat Frontline,1.0,Day,A3006,Lakshmi Reddy,2,0,120.0,120.0,240,0.0,100.0
2025-W28,social,Bengaluru,Chat Frontline,1.0,Morning,A3007,Neha Gaikwad,1,0,35.0,35.0,240,0.0,100.0
2025-W28,social,Bengaluru,Logistics,1.0,Day,A3030,Sunita Srivastava,1,0,78.0,78.0,240,0.0,100.0
2025-W28,social,Bengaluru,Logistics,1.0,Morning,A3031,Om Malhotra,1,0,220.0,220.0,240,0.0,100.0
2025-W28,social,Bengaluru,Returns Desk,1.0,Morning,A3037,Rahul Sen,2,0,49.0,49.0,240,0.0,100.0
2025-W28,social,Indore,Chat Frontline,1.0,Day,A3003,Harpreet Deshpande,1,1,595.0,595.0,240,100.0,0.0
2025-W28,social,Indore,Chat Frontline,1.0,Morning,A3011,Karan Roy,1,1,742.0,742.0,240,100.0,0.0
2025-W28,social,Indore,Chat Frontline,1.0,Morning,A3013,Ritika Chatterjee,1,1,263.0,263.0,240,100.0,0.0
2025-W28,social,Indore,Logistics,1.0,Day,A3027,Dev Chatterjee,1,0,48.0,48.0,240,0.0,100.0
2025-W28,voice,Bengaluru,Billing,1.0,Day,A3034,Thomas Patel,2,0,51.5,51.5,120,0.0,100.0
2025-W28,voice,Bengaluru,Chat Frontline,1.0,Morning,A3014,Diya Patil,1,0,31.0,31.0,120,0.0,100.0
2025-W28,voice,Bengaluru,Escalations & Warranty,2.0,Day,A3040,Thomas Arora,1,0,30.0,30.0,120,0.0,100.0
2025-W28,voice,Bengaluru,Escalations & Warranty,2.0,Day,A3042,Steven Chopra,1,0,8.0,8.0,120,0.0,100.0
2025-W28,voice,Bengaluru,Logistics,1.0,Day,A3029,Rajat Iyer,1,0,14.0,14.0,120,0.0,100.0
2025-W28,voice,Bengaluru,Returns Desk,1.0,Day,A3036,Rohit Shinde,1,0,33.0,33.0,120,0.0,100.0
2025-W28,voice,Bengaluru,Voice Frontline,1.0,Day,A3023,Rahul Khanna,1,0,43.0,43.0,120,0.0,100.0
2025-W28,voice,Bengaluru,Voice Frontline,1.0,Day,A3026,Lakshmi Qureshi,2,0,67.0,67.0,120,0.0,100.0
2025-W28,voice,Bengaluru,Voice Frontline,1.0,Morning,A3024,Kunal Khanna,2,1,131.0,131.0,120,50.0,50.0
2025-W28,voice,Indore,Logistics,1.0,Day,A3027,Dev Chatterjee,1,0,62.0,62.0,120,0.0,100.0
2025-W28,voice,Indore,Logistics,1.0,Morning,A3028,Krishna Kaur,1,0,8.0,8.0,120,0.0,100.0
2025-W29,chat,Bengaluru,Billing,1.0,Day,A3034,Thomas Patel,3,0,6.0,5.0,15,0.0,100.0
2025-W29,chat,Bengaluru,Billing,1.0,Morning,A3035,Rohit Mukherjee,3,0,3.3333333333333335,3.0,15,0.0,100.0
2025-W29,chat,Bengaluru,Chat Frontline,1.0,Day,A3006,Lakshmi Reddy,2,0,8.5,8.5,15,0.0,100.0
2025-W29,chat,Bengaluru,Chat Frontline,1.0,Day,A3012,Lakshmi Sethi,2,0,5.0,5.0,15,0.0,100.0
2025-W29,chat,Bengaluru,Chat Frontline,1.0,Day,A3015,Yash Agarwal,1,0,4.0,4.0,15,0.0,100.0
2025-W29,chat,Bengaluru,Chat Frontline,1.0,Morning,A3005,Sameer Joshi,1,0,9.0,9.0,15,0.0,100.0
2025-W29,chat,Bengaluru,Chat Frontline,1.0,Morning,A3007,Neha Gaikwad,2,1,261.5,261.5,15,50.0,50.0
2025-W29,chat,Bengaluru,Chat Frontline,1.0,Morning,A3009,Ramesh Patel,5,2,154.8,15.0,15,40.0,60.0
2025-W29,chat,Bengaluru,Chat Frontline,1.0,Morning,A3014,Diya Patil,1,0,3.0,3.0,15,0.0,100.0
2025-W29,chat,Bengaluru,Email Frontline,1.0,Day,A3021,Aditya Dhillon,1,0,12.0,12.0,15,0.0,100.0
2025-W29,chat,Bengaluru,Escalations & Warranty,2.0,Day,A3040,Thomas Arora,2,0,11.0,11.0,15,0.0,100.0
2025-W29,chat,Bengaluru,Escalations & Warranty,2.0,Morning,A3043,Rohit Jain,1,0,15.0,15.0,15,0.0,100.0
2025-W29,chat,Bengaluru,Logistics,1.0,Day,A3029,Rajat Iyer,2,0,5.0,5.0,15,0.0,100.0
2025-W29,chat,Bengaluru,Logistics,1.0,Day,A3030,Sunita Srivastava,1,0,2.0,2.0,15,0.0,100.0
2025-W29,chat,Bengaluru,Logistics,1.0,Morning,A3031,Om Malhotra,1,0,3.0,3.0,15,0.0,100.0
2025-W29,chat,Bengaluru,Returns Desk,1.0,Day,A3036,Rohit Shinde,3,0,4.0,3.0,15,0.0,100.0
2025-W29,chat,Bengaluru,Returns Desk,1.0,Day,A3038,Amit Yadav,3,0,11.0,12.0,15,0.0,100.0
2025-W29,chat,Bengaluru,Returns Desk,1.0,Morning,A3037,Rahul Sen,3,0,5.0,4.0,15,0.0,100.0
2025-W29,chat,Indore,Billing,1.0,Morning,A3032,Aadhya Sheikh,1,0,3.0,3.0,15,0.0,100.0
2025-W29,chat,Indore,Chat Frontline,1.0,Day,A3002,Tarun Mishra,1,0,1.0,1.0,15,0.0,100.0
2025-W29,chat,Indore,Chat Frontline,1.0,Day,A3003,Harpreet Deshpande,2,0,3.5,3.5,15,0.0,100.0
2025-W29,chat,Indore,Chat Frontline,1.0,Morning,A3010,Neha Chatterjee,2,2,237.5,237.5,15,100.0,0.0
2025-W29,chat,Indore,Chat Frontline,1.0,Morning,A3011,Karan Roy,2,1,175.5,175.5,15,50.0,50.0
2025-W29,chat,Indore,Chat Frontline,1.0,Morning,A3013,Ritika Chatterjee,2,1,211.5,211.5,15,50.0,50.0
2025-W29,email,Bengaluru,Billing,1.0,Day,A3034,Thomas Patel,1,0,315.0,315.0,480,0.0,100.0
2025-W29,email,Bengaluru,Billing,1.0,Morning,A3033,Amit Kulkarni,1,1,497.0,497.0,480,100.0,0.0
2025-W29,email,Bengaluru,Billing,1.0,Morning,A3035,Rohit Mukherjee,2,1,398.0,398.0,480,50.0,50.0
2025-W29,email,Bengaluru,Email Frontline,1.0,Day,A3020,Ramesh Ghosh,1,0,265.0,265.0,480,0.0,100.0
2025-W29,email,Bengaluru,Email Frontline,1.0,Day,A3021,Aditya Dhillon,4,0,208.0,182.5,480,0.0,100.0
2025-W29,email,Bengaluru,Email Frontline,1.0,Day,A3022,Steven Tiwari,1,0,163.0,163.0,480,0.0,100.0
2025-W29,email,Bengaluru,Email Frontline,1.0,Morning,A3018,Farah Sheikh,3,1,389.6666666666667,255.0,480,33.33333333333333,66.66666666666667
2025-W29,email,Bengaluru,Email Frontline,1.0,Morning,A3019,Sai Sandhu,5,3,402.4,514.0,480,60.0,40.0
2025-W29,email,Bengaluru,Escalations & Warranty,2.0,Morning,A3039,Riya Gaikwad,1,0,105.0,105.0,480,0.0,100.0
2025-W29,email,Bengaluru,Returns Desk,1.0,Day,A3036,Rohit Shinde,1,0,70.0,70.0,480,0.0,100.0
2025-W29,email,Bengaluru,Returns Desk,1.0,Morning,A3037,Rahul Sen,2,1,520.0,520.0,480,50.0,50.0
2025-W29,email,Indore,Logistics,1.0,Morning,A3028,Krishna Kaur,2,1,502.0,502.0,480,50.0,50.0
2025-W29,social,Bengaluru,Billing,1.0,Day,A3034,Thomas Patel,1,0,40.0,40.0,240,0.0,100.0
2025-W29,social,Bengaluru,Chat Frontline,1.0,Day,A3012,Lakshmi Sethi,1,0,15.0,15.0,240,0.0,100.0
2025-W29,social,Bengaluru,Chat Frontline,1.0,Morning,A3007,Neha Gaikwad,1,0,50.0,50.0,240,0.0,100.0
2025-W29,social,Bengaluru,Escalations & Warranty,2.0,Day,A3044,Kunal Malhotra,1,0,83.0,83.0,240,0.0,100.0
2025-W29,social,Bengaluru,Logistics,1.0,Day,A3029,Rajat Iyer,1,0,67.0,67.0,240,0.0,100.0
2025-W29,social,Bengaluru,Logistics,1.0,Day,A3030,Sunita Srivastava,1,0,58.0,58.0,240,0.0,100.0
2025-W29,social,Bengaluru,Logistics,1.0,Morning,A3031,Om Malhotra,1,0,86.0,86.0,240,0.0,100.0
2025-W29,social,Indore,Chat Frontline,1.0,Morning,A3008,Steven Kaur,1,0,10.0,10.0,240,0.0,100.0
2025-W29,social,Indore,Chat Frontline,1.0,Morning,A3010,Neha Chatterjee,1,0,23.0,23.0,240,0.0,100.0
2025-W29,social,Indore,Logistics,1.0,Day,A3027,Dev Chatterjee,2,0,73.0,73.0,240,0.0,100.0
2025-W29,social,Indore,Logistics,1.0,Morning,A3028,Krishna Kaur,1,0,56.0,56.0,240,0.0,100.0
2025-W29,voice,Bengaluru,Billing,1.0,Day,A3034,Thomas Patel,1,0,18.0,18.0,120,0.0,100.0
2025-W29,voice,Bengaluru,Billing,1.0,Morning,A3035,Rohit Mukherjee,1,0,25.0,25.0,120,0.0,100.0
2025-W29,voice,Bengaluru,Escalations & Warranty,2.0,Day,A3042,Steven Chopra,1,0,51.0,51.0,120,0.0,100.0
2025-W29,voice,Bengaluru,Escalations & Warranty,2.0,Morning,A3039,Riya Gaikwad,2,0,35.0,35.0,120,0.0,100.0
2025-W29,voice,Bengaluru,Logistics,1.0,Day,A3029,Rajat Iyer,1,0,37.0,37.0,120,0.0,100.0
2025-W29,voice,Bengaluru,Logistics,1.0,Day,A3030,Sunita Srivastava,1,0,31.0,31.0,120,0.0,100.0
2025-W29,voice,Bengaluru,Logistics,1.0,Morning,A3031,Om Malhotra,1,0,66.0,66.0,120,0.0,100.0
2025-W29,voice,Bengaluru,Returns Desk,1.0,Morning,A3037,Rahul Sen,1,0,69.0,69.0,120,0.0,100.0
2025-W29,voice,Bengaluru,Voice Frontline,1.0,Day,A3023,Rahul Khanna,3,0,38.666666666666664,37.0,120,0.0,100.0
2025-W29,voice,Bengaluru,Voice Frontline,1.0,Day,A3026,Lakshmi Qureshi,1,0,22.0,22.0,120,0.0,100.0
2025-W29,voice,Bengaluru,Voice Frontline,1.0,Morning,A3024,Kunal Khanna,1,0,102.0,102.0,120,0.0,100.0
2025-W29,voice,Bengaluru,Voice Frontline,1.0,Morning,A3025,Lobsang Rao,1,0,55.0,55.0,120,0.0,100.0
2025-W29,voice,Indore,Logistics,1.0,Day,A3027,Dev Chatterjee,1,0,49.0,49.0,120,0.0,100.0
2025-W29,voice,Indore,Logistics,1.0,Morning,A3028,Krishna Kaur,1,0,44.0,44.0,120,0.0,100.0
2025-W30,chat,Bengaluru,Billing,1.0,Day,A3034,Thomas Patel,3,0,1.6666666666666667,2.0,15,0.0,100.0
2025-W30,chat,Bengaluru,Billing,1.0,Morning,A3035,Rohit Mukherjee,2,1,115.0,115.0,15,50.0,50.0
2025-W30,chat,Bengaluru,Chat Frontline,1.0,Day,A3004,Krishna Naidu,1,0,11.0,11.0,15,0.0,100.0
2025-W30,chat,Bengaluru,Chat Frontline,1.0,Day,A3006,Lakshmi Reddy,3,0,3.0,4.0,15,0.0,100.0
2025-W30,chat,Bengaluru,Chat Frontline,1.0,Day,A3012,Lakshmi Sethi,1,0,7.0,7.0,15,0.0,100.0
2025-W30,chat,Bengaluru,Chat Frontline,1.0,Morning,A3005,Sameer Joshi,1,0,9.0,9.0,15,0.0,100.0
2025-W30,chat,Bengaluru,Chat Frontline,1.0,Morning,A3007,Neha Gaikwad,3,1,158.66666666666666,0.0,15,33.33333333333333,66.66666666666667
2025-W30,chat,Bengaluru,Chat Frontline,1.0,Morning,A3014,Diya Patil,2,0,2.0,2.0,15,0.0,100.0
2025-W30,chat,Bengaluru,Email Frontline,1.0,Morning,A3018,Farah Sheikh,1,0,1.0,1.0,15,0.0,100.0
2025-W30,chat,Bengaluru,Escalations & Warranty,2.0,Morning,A3043,Rohit Jain,3,2,104.66666666666667,18.0,15,66.66666666666666,33.33333333333334
2025-W30,chat,Bengaluru,Logistics,1.0,Day,A3029,Rajat Iyer,1,0,7.0,7.0,15,0.0,100.0
2025-W30,chat,Bengaluru,Logistics,1.0,Day,A3030,Sunita Srivastava,2,0,1.0,1.0,15,0.0,100.0
2025-W30,chat,Bengaluru,Logistics,1.0,Morning,A3031,Om Malhotra,2,0,1.0,1.0,15,0.0,100.0
2025-W30,chat,Bengaluru,Returns Desk,1.0,Day,A3036,Rohit Shinde,2,0,2.0,2.0,15,0.0,100.0
2025-W30,chat,Bengaluru,Returns Desk,1.0,Morning,A3037,Rahul Sen,2,1,22.0,22.0,15,50.0,50.0
2025-W30,chat,Indore,Billing,1.0,Morning,A3032,Aadhya Sheikh,3,2,159.33333333333334,23.0,15,66.66666666666666,33.33333333333334
2025-W30,chat,Indore,Chat Frontline,1.0,Day,A3002,Tarun Mishra,2,0,4.5,4.5,15,0.0,100.0
2025-W30,chat,Indore,Chat Frontline,1.0,Day,A3003,Harpreet Deshpande,2,0,2.5,2.5,15,0.0,100.0
2025-W30,chat,Indore,Chat Frontline,1.0,Morning,A3008,Steven Kaur,1,1,465.0,465.0,15,100.0,0.0
2025-W30,chat,Indore,Chat Frontline,1.0,Morning,A3010,Neha Chatterjee,1,1,58.0,58.0,15,100.0,0.0
2025-W30,chat,Indore,Chat Frontline,1.0,Morning,A3011,Karan Roy,3,2,238.66666666666666,184.0,15,66.66666666666666,33.33333333333334
2025-W30,chat,Indore,Chat Frontline,1.0,Morning,A3013,Ritika Chatterjee,2,0,3.0,3.0,15,0.0,100.0
2025-W30,chat,Indore,Logistics,1.0,Day,A3027,Dev Chatterjee,5,1,10.8,9.0,15,20.0,80.0
2025-W30,chat,Indore,Logistics,1.0,Morning,A3028,Krishna Kaur,3,1,143.33333333333334,8.0,15,33.33333333333333,66.66666666666667
2025-W30,email,Bengaluru,Billing,1.0,Morning,A3033,Amit Kulkarni,1,0,164.0,164.0,480,0.0,100.0
2025-W30,email,Bengaluru,Email Frontline,1.0,Day,A3020,Ramesh Ghosh,2,0,135.0,135.0,480,0.0,100.0
2025-W30,email,Bengaluru,Email Frontline,1.0,Day,A3021,Aditya Dhillon,5,0,106.6,70.0,480,0.0,100.0
2025-W30,email,Bengaluru,Email Frontline,1.0,Day,A3022,Steven Tiwari,1,0,65.0,65.0,480,0.0,100.0
2025-W30,email,Bengaluru,Email Frontline,1.0,Morning,A3018,Farah Sheikh,9,2,271.1111111111111,192.0,480,22.22222222222222,77.77777777777777
2025-W30,email,Bengaluru,Email Frontline,1.0,Morning,A3019,Sai Sandhu,4,2,399.5,401.5,480,50.0,50.0
2025-W30,email,Bengaluru,Escalations & Warranty,2.0,Day,A3044,Kunal Malhotra,2,0,173.0,173.0,480,0.0,100.0
2025-W30,email,Bengaluru,Escalations & Warranty,2.0,Morning,A3039,Riya Gaikwad,2,1,277.5,277.5,480,50.0,50.0
2025-W30,email,Bengaluru,Logistics,1.0,Day,A3029,Rajat Iyer,1,0,299.0,299.0,480,0.0,100.0
2025-W30,email,Bengaluru,Logistics,1.0,Day,A3030,Sunita Srivastava,2,0,225.5,225.5,480,0.0,100.0
2025-W30,email,Bengaluru,Logistics,1.0,Morning,A3031,Om Malhotra,4,0,199.25,201.5,480,0.0,100.0
2025-W30,email,Bengaluru,Returns Desk,1.0,Day,A3036,Rohit Shinde,1,1,535.0,535.0,480,100.0,0.0
2025-W30,email,Bengaluru,Returns Desk,1.0,Day,A3038,Amit Yadav,1,1,490.0,490.0,480,100.0,0.0
2025-W30,email,Bengaluru,Returns Desk,1.0,Morning,A3037,Rahul Sen,3,2,1084.0,674.0,480,66.66666666666666,33.33333333333334
2025-W30,email,Indore,Billing,1.0,Morning,A3032,Aadhya Sheikh,2,1,312.5,312.5,480,50.0,50.0
2025-W30,email,Indore,Escalations & Warranty,2.0,Day,A3041,Riya Fernandes,1,0,42.0,42.0,480,0.0,100.0
2025-W30,email,Indore,Logistics,1.0,Day,A3027,Dev Chatterjee,1,0,45.0,45.0,480,0.0,100.0
2025-W30,email,Indore,Logistics,1.0,Morning,A3028,Krishna Kaur,4,1,358.25,353.5,480,25.0,75.0
2025-W30,social,Bengaluru,Billing,1.0,Day,A3034,Thomas Patel,2,1,212.0,212.0,240,50.0,50.0
2025-W30,social,Bengaluru,Billing,1.0,Morning,A3035,Rohit Mukherjee,1,0,117.0,117.0,240,0.0,100.0
2025-W30,social,Bengaluru,Chat Frontline,1.0,Day,A3012,Lakshmi Sethi,2,0,114.0,114.0,240,0.0,100.0
2025-W30,social,Bengaluru,Logistics,1.0,Day,A3029,Rajat Iyer,1,1,276.0,276.0,240,100.0,0.0
2025-W30,social,Bengaluru,Logistics,1.0,Day,A3030,Sunita Srivastava,1,0,106.0,106.0,240,0.0,100.0
2025-W30,social,Bengaluru,Logistics,1.0,Morning,A3031,Om Malhotra,1,1,428.0,428.0,240,100.0,0.0
2025-W30,social,Indore,Chat Frontline,1.0,Day,A3002,Tarun Mishra,1,0,65.0,65.0,240,0.0,100.0
2025-W30,social,Indore,Chat Frontline,1.0,Morning,A3011,Karan Roy,2,1,279.0,279.0,240,50.0,50.0
2025-W30,social,Indore,Chat Frontline,1.0,Morning,A3013,Ritika Chatterjee,1,1,511.0,511.0,240,100.0,0.0
2025-W30,voice,Bengaluru,Billing,1.0,Day,A3034,Thomas Patel,2,1,95.0,95.0,120,50.0,50.0
2025-W30,voice,Bengaluru,Email Frontline,1.0,Morning,A3019,Sai Sandhu,1,0,41.0,41.0,120,0.0,100.0
2025-W30,voice,Bengaluru,Logistics,1.0,Day,A3029,Rajat Iyer,1,0,64.0,64.0,120,0.0,100.0
2025-W30,voice,Bengaluru,Voice Frontline,1.0,Day,A3023,Rahul Khanna,4,0,49.0,43.0,120,0.0,100.0
2025-W30,voice,Bengaluru,Voice Frontline,1.0,Day,A3026,Lakshmi Qureshi,1,0,63.0,63.0,120,0.0,100.0
2025-W30,voice,Bengaluru,Voice Frontline,1.0,Morning,A3024,Kunal Khanna,4,0,64.0,58.5,120,0.0,100.0
2025-W30,voice,Bengaluru,Voice Frontline,1.0,Morning,A3025,Lobsang Rao,1,0,15.0,15.0,120,0.0,100.0
2025-W30,voice,Indore,Logistics,1.0,Day,A3027,Dev Chatterjee,1,0,30.0,30.0,120,0.0,100.0
2025-W31,chat,Bengaluru,Billing,1.0,Day,A3034,Thomas Patel,4,0,2.25,2.0,15,0.0,100.0
2025-W31,chat,Bengaluru,Billing,1.0,Morning,A3033,Amit Kulkarni,1,0,1.0,1.0,15,0.0,100.0
2025-W31,chat,Bengaluru,Chat Frontline,1.0,Day,A3004,Krishna Naidu,1,0,3.0,3.0,15,0.0,100.0
2025-W31,chat,Bengaluru,Chat Frontline,1.0,Day,A3012,Lakshmi Sethi,2,0,2.5,2.5,15,0.0,100.0
2025-W31,chat,Bengaluru,Chat Frontline,1.0,Day,A3015,Yash Agarwal,1,0,5.0,5.0,15,0.0,100.0
2025-W31,chat,Bengaluru,Chat Frontline,1.0,Morning,A3005,Sameer Joshi,1,0,2.0,2.0,15,0.0,100.0
2025-W31,chat,Bengaluru,Chat Frontline,1.0,Morning,A3007,Neha Gaikwad,1,0,3.0,3.0,15,0.0,100.0
2025-W31,chat,Bengaluru,Chat Frontline,1.0,Morning,A3009,Ramesh Patel,2,0,5.0,5.0,15,0.0,100.0
2025-W31,chat,Bengaluru,Chat Frontline,1.0,Morning,A3014,Diya Patil,1,1,432.0,432.0,15,100.0,0.0
2025-W31,chat,Bengaluru,Escalations & Warranty,2.0,Morning,A3039,Riya Gaikwad,2,2,399.5,399.5,15,100.0,0.0
2025-W31,chat,Bengaluru,Logistics,1.0,Day,A3029,Rajat Iyer,6,3,81.0,12.0,15,50.0,50.0
2025-W31,chat,Bengaluru,Logistics,1.0,Day,A3030,Sunita Srivastava,3,0,1.6666666666666667,1.0,15,0.0,100.0
2025-W31,chat,Bengaluru,Logistics,1.0,Morning,A3031,Om Malhotra,6,2,143.0,7.5,15,33.33333333333333,66.66666666666667
2025-W31,chat,Bengaluru,Returns Desk,1.0,Day,A3036,Rohit Shinde,2,0,3.0,3.0,15,0.0,100.0
2025-W31,chat,Bengaluru,Returns Desk,1.0,Day,A3038,Amit Yadav,3,0,8.333333333333334,9.0,15,0.0,100.0
2025-W31,chat,Bengaluru,Returns Desk,1.0,Morning,A3037,Rahul Sen,1,1,474.0,474.0,15,100.0,0.0
2025-W31,chat,Indore,Chat Frontline,1.0,Day,A3002,Tarun Mishra,3,0,4.0,3.0,15,0.0,100.0
2025-W31,chat,Indore,Chat Frontline,1.0,Day,A3003,Harpreet Deshpande,1,0,7.0,7.0,15,0.0,100.0
2025-W31,chat,Indore,Chat Frontline,1.0,Morning,A3008,Steven Kaur,2,1,247.5,247.5,15,50.0,50.0
2025-W31,chat,Indore,Chat Frontline,1.0,Morning,A3010,Neha Chatterjee,2,1,254.0,254.0,15,50.0,50.0
2025-W31,chat,Indore,Chat Frontline,1.0,Morning,A3011,Karan Roy,1,1,449.0,449.0,15,100.0,0.0
2025-W31,chat,Indore,Chat Frontline,1.0,Morning,A3013,Ritika Chatterjee,4,1,119.5,8.5,15,25.0,75.0
2025-W31,chat,Indore,Logistics,1.0,Day,A3027,Dev Chatterjee,2,0,8.5,8.5,15,0.0,100.0
2025-W31,chat,Indore,Logistics,1.0,Morning,A3028,Krishna Kaur,5,3,216.6,142.0,15,60.0,40.0
2025-W31,email,Bengaluru,Billing,1.0,Day,A3034,Thomas Patel,2,1,666.0,666.0,480,50.0,50.0
2025-W31,email,Bengaluru,Billing,1.0,Morning,A3033,Amit Kulkarni,4,1,218.25,142.5,480,25.0,75.0
2025-W31,email,Bengaluru,Billing,1.0,Morning,A3035,Rohit Mukherjee,3,0,217.0,188.0,480,0.0,100.0
2025-W31,email,Bengaluru,Email Frontline,1.0,Day,A3020,Ramesh Ghosh,1,0,152.0,152.0,480,0.0,100.0
2025-W31,email,Bengaluru,Email Frontline,1.0,Day,A3021,Aditya Dhillon,2,0,120.0,120.0,480,0.0,100.0
2025-W31,email,Bengaluru,Email Frontline,1.0,Morning,A3018,Farah Sheikh,8,3,378.625,237.0,480,37.5,62.5
2025-W31,email,Bengaluru,Email Frontline,1.0,Morning,A3019,Sai Sandhu,10,7,602.7,610.5,480,70.0,30.0
2025-W31,email,Bengaluru,Escalations & Warranty,2.0,Day,A3042,Steven Chopra,1,0,373.0,373.0,480,0.0,100.0
2025-W31,email,Bengaluru,Escalations & Warranty,2.0,Morning,A3043,Rohit Jain,2,0,75.5,75.5,480,0.0,100.0
2025-W31,email,Bengaluru,Logistics,1.0,Day,A3030,Sunita Srivastava,2,0,71.5,71.5,480,0.0,100.0
2025-W31,email,Bengaluru,Logistics,1.0,Morning,A3031,Om Malhotra,3,1,353.6666666666667,301.0,480,33.33333333333333,66.66666666666667
2025-W31,email,Bengaluru,Returns Desk,1.0,Day,A3036,Rohit Shinde,3,0,130.0,128.0,480,0.0,100.0
2025-W31,email,Bengaluru,Returns Desk,1.0,Day,A3038,Amit Yadav,1,0,282.0,282.0,480,0.0,100.0
2025-W31,email,Bengaluru,Returns Desk,1.0,Morning,A3037,Rahul Sen,1,1,626.0,626.0,480,100.0,0.0
2025-W31,email,Indore,Billing,1.0,Morning,A3032,Aadhya Sheikh,1,0,218.0,218.0,480,0.0,100.0
2025-W31,email,Indore,Logistics,1.0,Day,A3027,Dev Chatterjee,2,0,251.0,251.0,480,0.0,100.0
2025-W31,email,Indore,Logistics,1.0,Morning,A3028,Krishna Kaur,3,2,443.3333333333333,595.0,480,66.66666666666666,33.33333333333334
2025-W31,social,Bengaluru,Chat Frontline,1.0,Day,A3004,Krishna Naidu,1,0,60.0,60.0,240,0.0,100.0
2025-W31,social,Bengaluru,Chat Frontline,1.0,Day,A3012,Lakshmi Sethi,1,0,109.0,109.0,240,0.0,100.0
2025-W31,social,Bengaluru,Chat Frontline,1.0,Morning,A3009,Ramesh Patel,1,1,481.0,481.0,240,100.0,0.0
2025-W31,social,Bengaluru,Returns Desk,1.0,Day,A3036,Rohit Shinde,1,0,21.0,21.0,240,0.0,100.0
2025-W31,social,Bengaluru,Returns Desk,1.0,Day,A3038,Amit Yadav,1,0,151.0,151.0,240,0.0,100.0
2025-W31,social,Indore,Chat Frontline,1.0,Day,A3002,Tarun Mishra,1,0,191.0,191.0,240,0.0,100.0
2025-W31,social,Indore,Chat Frontline,1.0,Morning,A3008,Steven Kaur,1,0,71.0,71.0,240,0.0,100.0
2025-W31,social,Indore,Logistics,1.0,Day,A3027,Dev Chatterjee,1,0,32.0,32.0,240,0.0,100.0
2025-W31,voice,Bengaluru,Billing,1.0,Day,A3034,Thomas Patel,3,0,22.0,27.0,120,0.0,100.0
2025-W31,voice,Bengaluru,Escalations & Warranty,2.0,Day,A3040,Thomas Arora,1,0,10.0,10.0,120,0.0,100.0
2025-W31,voice,Bengaluru,Escalations & Warranty,2.0,Day,A3044,Kunal Malhotra,1,0,16.0,16.0,120,0.0,100.0
2025-W31,voice,Bengaluru,Logistics,1.0,Morning,A3031,Om Malhotra,2,0,26.0,26.0,120,0.0,100.0
2025-W31,voice,Bengaluru,Returns Desk,1.0,Morning,A3037,Rahul Sen,2,0,42.5,42.5,120,0.0,100.0
2025-W31,voice,Bengaluru,Voice Frontline,1.0,Day,A3023,Rahul Khanna,2,0,46.0,46.0,120,0.0,100.0
2025-W31,voice,Bengaluru,Voice Frontline,1.0,Day,A3026,Lakshmi Qureshi,3,1,90.33333333333333,39.0,120,33.33333333333333,66.66666666666667
2025-W31,voice,Bengaluru,Voice Frontline,1.0,Morning,A3024,Kunal Khanna,2,0,39.0,39.0,120,0.0,100.0
2025-W31,voice,Bengaluru,Voice Frontline,1.0,Morning,A3025,Lobsang Rao,3,0,37.333333333333336,47.0,120,0.0,100.0
2025-W31,voice,Indore,Logistics,1.0,Day,A3027,Dev Chatterjee,2,0,22.5,22.5,120,0.0,100.0
2025-W31,voice,Indore,Logistics,1.0,Morning,A3028,Krishna Kaur,1,0,26.0,26.0,120,0.0,100.0
2025-W32,chat,Bengaluru,Billing,1.0,Day,A3034,Thomas Patel,2,0,7.0,7.0,15,0.0,100.0
2025-W32,chat,Bengaluru,Billing,1.0,Morning,A3033,Amit Kulkarni,3,1,127.33333333333333,9.0,15,33.33333333333333,66.66666666666667
2025-W32,chat,Bengaluru,Billing,1.0,Morning,A3035,Rohit Mukherjee,2,1,120.0,120.0,15,50.0,50.0
2025-W32,chat,Bengaluru,Chat Frontline,1.0,Day,A3004,Krishna Naidu,4,0,3.25,3.0,15,0.0,100.0
2025-W32,chat,Bengaluru,Chat Frontline,1.0,Day,A3012,Lakshmi Sethi,2,0,4.0,4.0,15,0.0,100.0
2025-W32,chat,Bengaluru,Chat Frontline,1.0,Day,A3015,Yash Agarwal,1,0,6.0,6.0,15,0.0,100.0
2025-W32,chat,Bengaluru,Chat Frontline,1.0,Morning,A3005,Sameer Joshi,2,1,240.0,240.0,15,50.0,50.0
2025-W32,chat,Bengaluru,Chat Frontline,1.0,Morning,A3007,Neha Gaikwad,3,1,99.0,6.0,15,33.33333333333333,66.66666666666667
2025-W32,chat,Bengaluru,Chat Frontline,1.0,Morning,A3009,Ramesh Patel,3,1,76.33333333333333,9.0,15,33.33333333333333,66.66666666666667
2025-W32,chat,Bengaluru,Chat Frontline,1.0,Morning,A3014,Diya Patil,1,0,1.0,1.0,15,0.0,100.0
2025-W32,chat,Bengaluru,Email Frontline,1.0,Day,A3021,Aditya Dhillon,1,0,6.0,6.0,15,0.0,100.0
2025-W32,chat,Bengaluru,Escalations & Warranty,2.0,Day,A3044,Kunal Malhotra,1,0,5.0,5.0,15,0.0,100.0
2025-W32,chat,Bengaluru,Escalations & Warranty,2.0,Morning,A3039,Riya Gaikwad,1,1,293.0,293.0,15,100.0,0.0
2025-W32,chat,Bengaluru,Escalations & Warranty,2.0,Morning,A3043,Rohit Jain,2,1,233.0,233.0,15,50.0,50.0
2025-W32,chat,Bengaluru,Logistics,1.0,Day,A3030,Sunita Srivastava,2,0,1.5,1.5,15,0.0,100.0
2025-W32,chat,Bengaluru,Logistics,1.0,Morning,A3031,Om Malhotra,6,4,226.83333333333334,228.5,15,66.66666666666666,33.33333333333334
2025-W32,chat,Bengaluru,Returns Desk,1.0,Day,A3038,Amit Yadav,1,0,8.0,8.0,15,0.0,100.0
2025-W32,chat,Bengaluru,Returns Desk,1.0,Morning,A3037,Rahul Sen,2,0,6.0,6.0,15,0.0,100.0
2025-W32,chat,Indore,Billing,1.0,Morning,A3032,Aadhya Sheikh,3,2,334.6666666666667,475.0,15,66.66666666666666,33.33333333333334
2025-W32,chat,Indore,Chat Frontline,1.0,Day,A3003,Harpreet Deshpande,1,0,1.0,1.0,15,0.0,100.0
2025-W32,chat,Indore,Chat Frontline,1.0,Morning,A3008,Steven Kaur,3,0,4.0,5.0,15,0.0,100.0
2025-W32,chat,Indore,Chat Frontline,1.0,Morning,A3011,Karan Roy,3,2,298.0,407.0,15,66.66666666666666,33.33333333333334
2025-W32,chat,Indore,Chat Frontline,1.0,Morning,A3013,Ritika Chatterjee,5,2,142.0,9.0,15,40.0,60.0
2025-W32,chat,Indore,Logistics,1.0,Day,A3027,Dev Chatterjee,2,0,9.0,9.0,15,0.0,100.0
2025-W32,chat,Indore,Logistics,1.0,Morning,A3028,Krishna Kaur,1,0,2.0,2.0,15,0.0,100.0
2025-W32,email,Bengaluru,Billing,1.0,Day,A3034,Thomas Patel,5,0,197.0,249.0,480,0.0,100.0
2025-W32,email,Bengaluru,Billing,1.0,Morning,A3033,Amit Kulkarni,3,1,253.0,177.0,480,33.33333333333333,66.66666666666667
2025-W32,email,Bengaluru,Email Frontline,1.0,Day,A3020,Ramesh Ghosh,2,0,114.5,114.5,480,0.0,100.0
2025-W32,email,Bengaluru,Email Frontline,1.0,Day,A3021,Aditya Dhillon,2,0,249.5,249.5,480,0.0,100.0
2025-W32,email,Bengaluru,Email Frontline,1.0,Morning,A3018,Farah Sheikh,8,3,384.875,384.0,480,37.5,62.5
2025-W32,email,Bengaluru,Email Frontline,1.0,Morning,A3019,Sai Sandhu,9,4,582.7777777777778,319.0,480,44.44444444444444,55.55555555555556
2025-W32,email,Bengaluru,Escalations & Warranty,2.0,Day,A3042,Steven Chopra,2,0,231.0,231.0,480,0.0,100.0
2025-W32,email,Bengaluru,Logistics,1.0,Day,A3029,Rajat Iyer,3,0,215.0,195.0,480,0.0,100.0
2025-W32,email,Bengaluru,Logistics,1.0,Morning,A3031,Om Malhotra,3,1,489.6666666666667,99.0,480,33.33333333333333,66.66666666666667
2025-W32,email,Bengaluru,Returns Desk,1.0,Day,A3036,Rohit Shinde,1,0,165.0,165.0,480,0.0,100.0
2025-W32,email,Bengaluru,Returns Desk,1.0,Morning,A3037,Rahul Sen,2,1,365.5,365.5,480,50.0,50.0
2025-W32,email,Indore,Billing,1.0,Morning,A3032,Aadhya Sheikh,2,1,397.0,397.0,480,50.0,50.0
2025-W32,email,Indore,Escalations & Warranty,2.0,Day,A3041,Riya Fernandes,2,1,336.5,336.5,480,50.0,50.0
2025-W32,email,Indore,Logistics,1.0,Day,A3027,Dev Chatterjee,2,0,181.5,181.5,480,0.0,100.0
2025-W32,email,Indore,Logistics,1.0,Morning,A3028,Krishna Kaur,5,2,428.8,369.0,480,40.0,60.0
2025-W32,social,Bengaluru,Billing,1.0,Day,A3034,Thomas Patel,1,1,264.0,264.0,240,100.0,0.0
2025-W32,social,Bengaluru,Billing,1.0,Morning,A3033,Amit Kulkarni,1,1,401.0,401.0,240,100.0,0.0
2025-W32,social,Bengaluru,Chat Frontline,1.0,Day,A3015,Yash Agarwal,1,0,133.0,133.0,240,0.0,100.0
2025-W32,social,Indore,Chat Frontline,1.0,Day,A3002,Tarun Mishra,2,0,110.5,110.5,240,0.0,100.0
2025-W32,social,Indore,Chat Frontline,1.0,Morning,A3008,Steven Kaur,2,0,37.5,37.5,240,0.0,100.0
2025-W32,social,Indore,Chat Frontline,1.0,Morning,A3010,Neha Chatterjee,1,1,443.0,443.0,240,100.0,0.0
2025-W32,social,Indore,Chat Frontline,1.0,Morning,A3013,Ritika Chatterjee,2,1,178.5,178.5,240,50.0,50.0
2025-W32,social,Indore,Logistics,1.0,Day,A3027,Dev Chatterjee,2,0,104.0,104.0,240,0.0,100.0
2025-W32,social,Indore,Logistics,1.0,Morning,A3028,Krishna Kaur,1,0,230.0,230.0,240,0.0,100.0
2025-W32,voice,Bengaluru,Billing,1.0,Day,A3034,Thomas Patel,2,0,26.5,26.5,120,0.0,100.0
2025-W32,voice,Bengaluru,Billing,1.0,Morning,A3033,Amit Kulkarni,1,0,29.0,29.0,120,0.0,100.0
2025-W32,voice,Bengaluru,Billing,1.0,Morning,A3035,Rohit Mukherjee,1,0,90.0,90.0,120,0.0,100.0
2025-W32,voice,Bengaluru,Email Frontline,1.0,Day,A3020,Ramesh Ghosh,1,0,17.0,17.0,120,0.0,100.0
2025-W32,voice,Bengaluru,Logistics,1.0,Day,A3030,Sunita Srivastava,2,0,27.5,27.5,120,0.0,100.0
2025-W32,voice,Bengaluru,Returns Desk,1.0,Day,A3036,Rohit Shinde,1,0,45.0,45.0,120,0.0,100.0
2025-W32,voice,Bengaluru,Returns Desk,1.0,Day,A3038,Amit Yadav,2,0,31.0,31.0,120,0.0,100.0
2025-W32,voice,Bengaluru,Returns Desk,1.0,Morning,A3037,Rahul Sen,2,0,19.5,19.5,120,0.0,100.0
2025-W32,voice,Bengaluru,Voice Frontline,1.0,Day,A3023,Rahul Khanna,3,0,39.333333333333336,38.0,120,0.0,100.0
2025-W32,voice,Bengaluru,Voice Frontline,1.0,Day,A3026,Lakshmi Qureshi,3,0,33.333333333333336,12.0,120,0.0,100.0
2025-W32,voice,Bengaluru,Voice Frontline,1.0,Morning,A3024,Kunal Khanna,2,0,61.5,61.5,120,0.0,100.0
2025-W32,voice,Bengaluru,Voice Frontline,1.0,Morning,A3025,Lobsang Rao,1,0,71.0,71.0,120,0.0,100.0
2025-W32,voice,Indore,Chat Frontline,1.0,Morning,A3008,Steven Kaur,1,0,29.0,29.0,120,0.0,100.0
2025-W32,voice,Indore,Logistics,1.0,Day,A3027,Dev Chatterjee,1,1,128.0,128.0,120,100.0,0.0
2025-W32,voice,Indore,Logistics,1.0,Morning,A3028,Krishna Kaur,2,0,71.0,71.0,120,0.0,100.0
2025-W33,chat,Bengaluru,Billing,1.0,Day,A3034,Thomas Patel,4,0,3.0,2.5,15,0.0,100.0
2025-W33,chat,Bengaluru,Billing,1.0,Morning,A3033,Amit Kulkarni,2,1,214.0,214.0,15,50.0,50.0
2025-W33,chat,Bengaluru,Chat Frontline,1.0,Day,A3004,Krishna Naidu,3,0,2.3333333333333335,1.0,15,0.0,100.0
2025-W33,chat,Bengaluru,Chat Frontline,1.0,Day,A3006,Lakshmi Reddy,3,1,7.0,2.0,15,33.33333333333333,66.66666666666667
2025-W33,chat,Bengaluru,Chat Frontline,1.0,Day,A3012,Lakshmi Sethi,1,0,2.0,2.0,15,0.0,100.0
2025-W33,chat,Bengaluru,Chat Frontline,1.0,Day,A3015,Yash Agarwal,2,0,5.5,5.5,15,0.0,100.0
2025-W33,chat,Bengaluru,Chat Frontline,1.0,Morning,A3005,Sameer Joshi,3,2,281.0,332.0,15,66.66666666666666,33.33333333333334
2025-W33,chat,Bengaluru,Chat Frontline,1.0,Morning,A3007,Neha Gaikwad,3,2,311.3333333333333,435.0,15,66.66666666666666,33.33333333333334
2025-W33,chat,Bengaluru,Chat Frontline,1.0,Morning,A3009,Ramesh Patel,4,3,322.0,411.5,15,75.0,25.0
2025-W33,chat,Bengaluru,Chat Frontline,1.0,Morning,A3014,Diya Patil,3,2,89.0,19.0,15,66.66666666666666,33.33333333333334
2025-W33,chat,Bengaluru,Email Frontline,1.0,Day,A3020,Ramesh Ghosh,1,0,1.0,1.0,15,0.0,100.0
2025-W33,chat,Bengaluru,Email Frontline,1.0,Morning,A3019,Sai Sandhu,1,0,4.0,4.0,15,0.0,100.0
2025-W33,chat,Bengaluru,Logistics,1.0,Day,A3029,Rajat Iyer,3,1,10.0,7.0,15,33.33333333333333,66.66666666666667
2025-W33,chat,Bengaluru,Logistics,1.0,Day,A3030,Sunita Srivastava,1,0,1.0,1.0,15,0.0,100.0
2025-W33,chat,Bengaluru,Logistics,1.0,Morning,A3031,Om Malhotra,8,3,130.875,8.0,15,37.5,62.5
2025-W33,chat,Bengaluru,Returns Desk,1.0,Day,A3036,Rohit Shinde,2,0,7.5,7.5,15,0.0,100.0
2025-W33,chat,Bengaluru,Returns Desk,1.0,Morning,A3037,Rahul Sen,3,2,318.6666666666667,446.0,15,66.66666666666666,33.33333333333334
2025-W33,chat,Indore,Billing,1.0,Morning,A3032,Aadhya Sheikh,4,3,262.25,299.0,15,75.0,25.0
2025-W33,chat,Indore,Chat Frontline,1.0,Day,A3002,Tarun Mishra,2,0,3.0,3.0,15,0.0,100.0
2025-W33,chat,Indore,Chat Frontline,1.0,Day,A3003,Harpreet Deshpande,1,0,2.0,2.0,15,0.0,100.0
2025-W33,chat,Indore,Chat Frontline,1.0,Morning,A3008,Steven Kaur,2,2,190.0,190.0,15,100.0,0.0
2025-W33,chat,Indore,Chat Frontline,1.0,Morning,A3010,Neha Chatterjee,2,1,10.0,10.0,15,50.0,50.0
2025-W33,chat,Indore,Chat Frontline,1.0,Morning,A3011,Karan Roy,6,3,185.5,106.5,15,50.0,50.0
2025-W33,chat,Indore,Chat Frontline,1.0,Morning,A3013,Ritika Chatterjee,4,1,136.0,4.0,15,25.0,75.0
2025-W33,chat,Indore,Logistics,1.0,Day,A3027,Dev Chatterjee,1,0,2.0,2.0,15,0.0,100.0
2025-W33,chat,Indore,Logistics,1.0,Morning,A3028,Krishna Kaur,6,3,142.83333333333334,13.5,15,50.0,50.0
2025-W33,email,Bengaluru,Billing,1.0,Day,A3034,Thomas Patel,3,0,115.66666666666667,73.0,480,0.0,100.0
2025-W33,email,Bengaluru,Billing,1.0,Morning,A3033,Amit Kulkarni,1,0,167.0,167.0,480,0.0,100.0
2025-W33,email,Bengaluru,Billing,1.0,Morning,A3035,Rohit Mukherjee,3,1,199.66666666666666,41.0,480,33.33333333333333,66.66666666666667
2025-W33,email,Bengaluru,Email Frontline,1.0,Day,A3020,Ramesh Ghosh,1,0,106.0,106.0,480,0.0,100.0
2025-W33,email,Bengaluru,Email Frontline,1.0,Day,A3021,Aditya Dhillon,1,0,139.0,139.0,480,0.0,100.0
2025-W33,email,Bengaluru,Email Frontline,1.0,Day,A3022,Steven Tiwari,1,0,366.0,366.0,480,0.0,100.0
2025-W33,email,Bengaluru,Email Frontline,1.0,Morning,A3018,Farah Sheikh,2,0,252.0,252.0,480,0.0,100.0
2025-W33,email,Bengaluru,Email Frontline,1.0,Morning,A3019,Sai Sandhu,10,3,391.2,339.0,480,30.0,70.0
2025-W33,email,Bengaluru,Escalations & Warranty,2.0,Day,A3040,Thomas Arora,1,0,336.0,336.0,480,0.0,100.0
2025-W33,email,Bengaluru,Escalations & Warranty,2.0,Morning,A3043,Rohit Jain,2,0,115.0,115.0,480,0.0,100.0
2025-W33,email,Bengaluru,Logistics,1.0,Day,A3030,Sunita Srivastava,1,0,329.0,329.0,480,0.0,100.0
2025-W33,email,Bengaluru,Logistics,1.0,Morning,A3031,Om Malhotra,4,1,307.75,262.5,480,25.0,75.0
2025-W33,email,Bengaluru,Returns Desk,1.0,Morning,A3037,Rahul Sen,5,5,629.4,618.0,480,100.0,0.0
2025-W33,email,Indore,Logistics,1.0,Day,A3027,Dev Chatterjee,2,0,226.5,226.5,480,0.0,100.0
2025-W33,email,Indore,Logistics,1.0,Morning,A3028,Krishna Kaur,4,1,413.75,287.0,480,25.0,75.0
2025-W33,social,Bengaluru,Chat Frontline,1.0,Day,A3015,Yash Agarwal,1,0,39.0,39.0,240,0.0,100.0
2025-W33,social,Bengaluru,Chat Frontline,1.0,Morning,A3005,Sameer Joshi,1,0,79.0,79.0,240,0.0,100.0
2025-W33,social,Bengaluru,Chat Frontline,1.0,Morning,A3007,Neha Gaikwad,1,0,83.0,83.0,240,0.0,100.0
2025-W33,social,Bengaluru,Chat Frontline,1.0,Morning,A3009,Ramesh Patel,1,1,565.0,565.0,240,100.0,0.0
2025-W33,social,Bengaluru,Email Frontline,1.0,Day,A3020,Ramesh Ghosh,1,1,458.0,458.0,240,100.0,0.0
2025-W33,social,Bengaluru,Escalations & Warranty,2.0,Morning,A3039,Riya Gaikwad,1,1,527.0,527.0,240,100.0,0.0
2025-W33,social,Bengaluru,Escalations & Warranty,2.0,Morning,A3043,Rohit Jain,1,0,38.0,38.0,240,0.0,100.0
2025-W33,social,Bengaluru,Logistics,1.0,Day,A3030,Sunita Srivastava,2,0,132.5,132.5,240,0.0,100.0
2025-W33,social,Bengaluru,Returns Desk,1.0,Morning,A3037,Rahul Sen,1,1,485.0,485.0,240,100.0,0.0
2025-W33,social,Indore,Billing,1.0,Morning,A3032,Aadhya Sheikh,3,1,231.66666666666666,182.0,240,33.33333333333333,66.66666666666667
2025-W33,social,Indore,Chat Frontline,1.0,Day,A3003,Harpreet Deshpande,1,1,357.0,357.0,240,100.0,0.0
2025-W33,social,Indore,Chat Frontline,1.0,Morning,A3008,Steven Kaur,1,1,479.0,479.0,240,100.0,0.0
2025-W33,social,Indore,Chat Frontline,1.0,Morning,A3010,Neha Chatterjee,1,0,104.0,104.0,240,0.0,100.0
2025-W33,social,Indore,Chat Frontline,1.0,Morning,A3013,Ritika Chatterjee,1,0,56.0,56.0,240,0.0,100.0
2025-W33,social,Indore,Logistics,1.0,Day,A3027,Dev Chatterjee,1,0,31.0,31.0,240,0.0,100.0
2025-W33,social,Indore,Logistics,1.0,Morning,A3028,Krishna Kaur,2,1,289.0,289.0,240,50.0,50.0
2025-W33,voice,Bengaluru,Billing,1.0,Day,A3034,Thomas Patel,2,0,25.0,25.0,120,0.0,100.0
2025-W33,voice,Bengaluru,Billing,1.0,Morning,A3033,Amit Kulkarni,1,0,62.0,62.0,120,0.0,100.0
2025-W33,voice,Bengaluru,Billing,1.0,Morning,A3035,Rohit Mukherjee,1,0,18.0,18.0,120,0.0,100.0
2025-W33,voice,Bengaluru,Chat Frontline,1.0,Day,A3012,Lakshmi Sethi,1,0,58.0,58.0,120,0.0,100.0
2025-W33,voice,Bengaluru,Logistics,1.0,Day,A3029,Rajat Iyer,1,0,70.0,70.0,120,0.0,100.0
2025-W33,voice,Bengaluru,Logistics,1.0,Morning,A3031,Om Malhotra,1,0,28.0,28.0,120,0.0,100.0
2025-W33,voice,Bengaluru,Returns Desk,1.0,Day,A3036,Rohit Shinde,1,0,16.0,16.0,120,0.0,100.0
2025-W33,voice,Bengaluru,Returns Desk,1.0,Morning,A3037,Rahul Sen,1,0,30.0,30.0,120,0.0,100.0
2025-W33,voice,Bengaluru,Voice Frontline,1.0,Day,A3023,Rahul Khanna,6,0,27.333333333333332,29.0,120,0.0,100.0
2025-W33,voice,Bengaluru,Voice Frontline,1.0,Morning,A3024,Kunal Khanna,1,0,35.0,35.0,120,0.0,100.0
2025-W33,voice,Bengaluru,Voice Frontline,1.0,Morning,A3025,Lobsang Rao,3,0,41.666666666666664,43.0,120,0.0,100.0
2025-W33,voice,Indore,Logistics,1.0,Day,A3027,Dev Chatterjee,1,0,29.0,29.0,120,0.0,100.0
2025-W34,chat,Bengaluru,Billing,1.0,Day,A3034,Thomas Patel,3,0,4.333333333333333,3.0,15,0.0,100.0
2025-W34,chat,Bengaluru,Billing,1.0,Morning,A3035,Rohit Mukherjee,2,1,217.0,217.0,15,50.0,50.0
2025-W34,chat,Bengaluru,Chat Frontline,1.0,Day,A3004,Krishna Naidu,2,1,9.5,9.5,15,50.0,50.0
2025-W34,chat,Bengaluru,Chat Frontline,1.0,Day,A3006,Lakshmi Reddy,1,1,18.0,18.0,15,100.0,0.0
2025-W34,chat,Bengaluru,Chat Frontline,1.0,Day,A3012,Lakshmi Sethi,3,0,7.333333333333333,9.0,15,0.0,100.0
2025-W34,chat,Bengaluru,Chat Frontline,1.0,Day,A3015,Yash Agarwal,2,0,2.0,2.0,15,0.0,100.0
2025-W34,chat,Bengaluru,Chat Frontline,1.0,Morning,A3005,Sameer Joshi,2,0,3.0,3.0,15,0.0,100.0
2025-W34,chat,Bengaluru,Chat Frontline,1.0,Morning,A3007,Neha Gaikwad,2,1,14.0,14.0,15,50.0,50.0
2025-W34,chat,Bengaluru,Chat Frontline,1.0,Morning,A3009,Ramesh Patel,1,1,403.0,403.0,15,100.0,0.0
2025-W34,chat,Bengaluru,Chat Frontline,1.0,Morning,A3014,Diya Patil,2,2,446.5,446.5,15,100.0,0.0
2025-W34,chat,Bengaluru,Escalations & Warranty,2.0,Morning,A3039,Riya Gaikwad,1,0,9.0,9.0,15,0.0,100.0
2025-W34,chat,Bengaluru,Escalations & Warranty,2.0,Morning,A3043,Rohit Jain,3,0,6.333333333333333,4.0,15,0.0,100.0
2025-W34,chat,Bengaluru,Logistics,1.0,Day,A3030,Sunita Srivastava,1,0,10.0,10.0,15,0.0,100.0
2025-W34,chat,Bengaluru,Logistics,1.0,Morning,A3031,Om Malhotra,2,1,158.0,158.0,15,50.0,50.0
2025-W34,chat,Bengaluru,Returns Desk,1.0,Day,A3036,Rohit Shinde,2,0,7.0,7.0,15,0.0,100.0
2025-W34,chat,Bengaluru,Returns Desk,1.0,Day,A3038,Amit Yadav,3,0,2.0,2.0,15,0.0,100.0
2025-W34,chat,Bengaluru,Returns Desk,1.0,Morning,A3037,Rahul Sen,4,2,239.75,211.5,15,50.0,50.0
2025-W34,chat,Indore,Billing,1.0,Morning,A3032,Aadhya Sheikh,2,0,3.5,3.5,15,0.0,100.0
2025-W34,chat,Indore,Chat Frontline,1.0,Day,A3002,Tarun Mishra,2,0,2.0,2.0,15,0.0,100.0
2025-W34,chat,Indore,Chat Frontline,1.0,Day,A3003,Harpreet Deshpande,3,1,13.666666666666666,9.0,15,33.33333333333333,66.66666666666667
2025-W34,chat,Indore,Chat Frontline,1.0,Morning,A3008,Steven Kaur,1,1,476.0,476.0,15,100.0,0.0
2025-W34,chat,Indore,Chat Frontline,1.0,Morning,A3010,Neha Chatterjee,3,2,313.3333333333333,392.0,15,66.66666666666666,33.33333333333334
2025-W34,chat,Indore,Logistics,1.0,Morning,A3028,Krishna Kaur,4,3,335.75,400.0,15,75.0,25.0
2025-W34,email,Bengaluru,Billing,1.0,Morning,A3035,Rohit Mukherjee,4,1,301.0,233.0,480,25.0,75.0
2025-W34,email,Bengaluru,Email Frontline,1.0,Day,A3020,Ramesh Ghosh,3,1,343.6666666666667,457.0,480,33.33333333333333,66.66666666666667
2025-W34,email,Bengaluru,Email Frontline,1.0,Day,A3021,Aditya Dhillon,5,0,199.4,193.0,480,0.0,100.0
2025-W34,email,Bengaluru,Email Frontline,1.0,Day,A3022,Steven Tiwari,3,0,191.66666666666666,222.0,480,0.0,100.0
2025-W34,email,Bengaluru,Email Frontline,1.0,Morning,A3018,Farah Sheikh,7,3,418.85714285714283,318.0,480,42.857142857142854,57.142857142857146
2025-W34,email,Bengaluru,Email Frontline,1.0,Morning,A3019,Sai Sandhu,10,3,405.2,463.5,480,30.0,70.0
2025-W34,email,Bengaluru,Escalations & Warranty,2.0,Day,A3042,Steven Chopra,1,0,153.0,153.0,480,0.0,100.0
2025-W34,email,Bengaluru,Escalations & Warranty,2.0,Morning,A3039,Riya Gaikwad,1,0,437.0,437.0,480,0.0,100.0
2025-W34,email,Bengaluru,Logistics,1.0,Day,A3029,Rajat Iyer,1,0,112.0,112.0,480,0.0,100.0
2025-W34,email,Bengaluru,Logistics,1.0,Day,A3030,Sunita Srivastava,1,0,242.0,242.0,480,0.0,100.0
2025-W34,email,Bengaluru,Logistics,1.0,Morning,A3031,Om Malhotra,2,2,589.0,589.0,480,100.0,0.0
2025-W34,email,Bengaluru,Returns Desk,1.0,Day,A3036,Rohit Shinde,2,1,271.0,271.0,480,50.0,50.0
2025-W34,email,Bengaluru,Returns Desk,1.0,Day,A3038,Amit Yadav,2,0,302.0,302.0,480,0.0,100.0
2025-W34,email,Bengaluru,Returns Desk,1.0,Morning,A3037,Rahul Sen,6,3,438.3333333333333,467.0,480,50.0,50.0
2025-W34,email,Indore,Billing,1.0,Morning,A3032,Aadhya Sheikh,1,0,95.0,95.0,480,0.0,100.0
2025-W34,email,Indore,Chat Frontline,1.0,Day,A3002,Tarun Mishra,1,1,1637.0,1637.0,480,100.0,0.0
2025-W34,email,Indore,Logistics,1.0,Day,A3027,Dev Chatterjee,1,0,62.0,62.0,480,0.0,100.0
2025-W34,email,Indore,Logistics,1.0,Morning,A3028,Krishna Kaur,5,1,322.0,328.0,480,20.0,80.0
2025-W34,social,Bengaluru,Billing,1.0,Day,A3034,Thomas Patel,1,0,82.0,82.0,240,0.0,100.0
2025-W34,social,Bengaluru,Chat Frontline,1.0,Day,A3006,Lakshmi Reddy,1,0,68.0,68.0,240,0.0,100.0
2025-W34,social,Bengaluru,Chat Frontline,1.0,Day,A3012,Lakshmi Sethi,1,1,307.0,307.0,240,100.0,0.0
2025-W34,social,Bengaluru,Chat Frontline,1.0,Morning,A3007,Neha Gaikwad,1,1,365.0,365.0,240,100.0,0.0
2025-W34,social,Bengaluru,Logistics,1.0,Day,A3030,Sunita Srivastava,1,1,313.0,313.0,240,100.0,0.0
2025-W34,social,Bengaluru,Returns Desk,1.0,Morning,A3037,Rahul Sen,1,0,48.0,48.0,240,0.0,100.0
2025-W34,social,Indore,Billing,1.0,Morning,A3032,Aadhya Sheikh,1,1,561.0,561.0,240,100.0,0.0
2025-W34,social,Indore,Chat Frontline,1.0,Morning,A3010,Neha Chatterjee,1,0,100.0,100.0,240,0.0,100.0
2025-W34,social,Indore,Chat Frontline,1.0,Morning,A3013,Ritika Chatterjee,1,0,129.0,129.0,240,0.0,100.0
2025-W34,social,Indore,Logistics,1.0,Morning,A3028,Krishna Kaur,1,0,15.0,15.0,240,0.0,100.0
2025-W34,voice,Bengaluru,Billing,1.0,Day,A3034,Thomas Patel,2,0,32.0,32.0,120,0.0,100.0
2025-W34,voice,Bengaluru,Escalations & Warranty,2.0,Day,A3040,Thomas Arora,1,0,18.0,18.0,120,0.0,100.0
2025-W34,voice,Bengaluru,Escalations & Warranty,2.0,Morning,A3039,Riya Gaikwad,1,0,34.0,34.0,120,0.0,100.0
2025-W34,voice,Bengaluru,Logistics,1.0,Day,A3030,Sunita Srivastava,2,0,24.0,24.0,120,0.0,100.0
2025-W34,voice,Bengaluru,Logistics,1.0,Morning,A3031,Om Malhotra,2,0,36.0,36.0,120,0.0,100.0
2025-W34,voice,Bengaluru,Returns Desk,1.0,Morning,A3037,Rahul Sen,2,0,29.0,29.0,120,0.0,100.0
2025-W34,voice,Bengaluru,Voice Frontline,1.0,Day,A3023,Rahul Khanna,3,0,36.0,24.0,120,0.0,100.0
2025-W34,voice,Bengaluru,Voice Frontline,1.0,Day,A3026,Lakshmi Qureshi,1,0,43.0,43.0,120,0.0,100.0
2025-W34,voice,Bengaluru,Voice Frontline,1.0,Morning,A3025,Lobsang Rao,3,0,19.666666666666668,21.0,120,0.0,100.0
2025-W34,voice,Indore,Chat Frontline,1.0,Day,A3002,Tarun Mishra,1,0,19.0,19.0,120,0.0,100.0
2025-W34,voice,Indore,Logistics,1.0,Day,A3027,Dev Chatterjee,1,1,235.0,235.0,120,100.0,0.0
2025-W34,voice,Indore,Logistics,1.0,Morning,A3028,Krishna Kaur,1,0,31.0,31.0,120,0.0,100.0
2025-W35,chat,Bengaluru,Billing,1.0,Day,A3034,Thomas Patel,1,1,43.0,43.0,15,100.0,0.0
2025-W35,chat,Bengaluru,Billing,1.0,Morning,A3033,Amit Kulkarni,4,2,231.5,218.0,15,50.0,50.0
2025-W35,chat,Bengaluru,Billing,1.0,Morning,A3035,Rohit Mukherjee,3,1,130.66666666666666,4.0,15,33.33333333333333,66.66666666666667
2025-W35,chat,Bengaluru,Chat Frontline,1.0,Day,A3004,Krishna Naidu,3,0,4.666666666666667,3.0,15,0.0,100.0
2025-W35,chat,Bengaluru,Chat Frontline,1.0,Day,A3006,Lakshmi Reddy,4,0,3.0,3.0,15,0.0,100.0
2025-W35,chat,Bengaluru,Chat Frontline,1.0,Day,A3012,Lakshmi Sethi,2,0,5.0,5.0,15,0.0,100.0
2025-W35,chat,Bengaluru,Chat Frontline,1.0,Day,A3015,Yash Agarwal,1,0,5.0,5.0,15,0.0,100.0
2025-W35,chat,Bengaluru,Chat Frontline,1.0,Morning,A3005,Sameer Joshi,3,0,3.6666666666666665,3.0,15,0.0,100.0
2025-W35,chat,Bengaluru,Chat Frontline,1.0,Morning,A3007,Neha Gaikwad,3,1,87.0,1.0,15,33.33333333333333,66.66666666666667
2025-W35,chat,Bengaluru,Chat Frontline,1.0,Morning,A3009,Ramesh Patel,1,0,2.0,2.0,15,0.0,100.0
2025-W35,chat,Bengaluru,Chat Frontline,1.0,Morning,A3014,Diya Patil,2,2,438.5,438.5,15,100.0,0.0
2025-W35,chat,Bengaluru,Email Frontline,1.0,Day,A3020,Ramesh Ghosh,1,0,1.0,1.0,15,0.0,100.0
2025-W35,chat,Bengaluru,Escalations & Warranty,2.0,Day,A3042,Steven Chopra,1,0,2.0,2.0,15,0.0,100.0
2025-W35,chat,Bengaluru,Escalations & Warranty,2.0,Morning,A3039,Riya Gaikwad,2,2,286.0,286.0,15,100.0,0.0
2025-W35,chat,Bengaluru,Logistics,1.0,Day,A3029,Rajat Iyer,2,0,4.0,4.0,15,0.0,100.0
2025-W35,chat,Bengaluru,Logistics,1.0,Day,A3030,Sunita Srivastava,2,0,8.5,8.5,15,0.0,100.0
2025-W35,chat,Bengaluru,Logistics,1.0,Morning,A3031,Om Malhotra,7,6,300.14285714285717,368.0,15,85.71428571428571,14.285714285714292
2025-W35,chat,Bengaluru,Returns Desk,1.0,Day,A3036,Rohit Shinde,2,1,231.5,231.5,15,50.0,50.0
2025-W35,chat,Bengaluru,Returns Desk,1.0,Morning,A3037,Rahul Sen,5,3,280.0,415.0,15,60.0,40.0
2025-W35,chat,Indore,Billing,1.0,Morning,A3032,Aadhya Sheikh,3,1,115.66666666666667,9.0,15,33.33333333333333,66.66666666666667
2025-W35,chat,Indore,Chat Frontline,1.0,Day,A3002,Tarun Mishra,2,0,5.0,5.0,15,0.0,100.0
2025-W35,chat,Indore,Chat Frontline,1.0,Day,A3003,Harpreet Deshpande,2,1,14.5,14.5,15,50.0,50.0
2025-W35,chat,Indore,Chat Frontline,1.0,Morning,A3008,Steven Kaur,4,2,224.5,189.0,15,50.0,50.0
2025-W35,chat,Indore,Chat Frontline,1.0,Morning,A3010,Neha Chatterjee,5,2,93.6,9.0,15,40.0,60.0
2025-W35,chat,Indore,Chat Frontline,1.0,Morning,A3011,Karan Roy,1,1,87.0,87.0,15,100.0,0.0
2025-W35,chat,Indore,Chat Frontline,1.0,Morning,A3013,Ritika Chatterjee,4,2,239.25,236.5,15,50.0,50.0
2025-W35,chat,Indore,Escalations & Warranty,2.0,Day,A3041,Riya Fernandes,1,0,1.0,1.0,15,0.0,100.0
2025-W35,chat,Indore,Logistics,1.0,Morning,A3028,Krishna Kaur,7,3,146.57142857142858,5.0,15,42.857142857142854,57.142857142857146
2025-W35,email,Bengaluru,Billing,1.0,Day,A3034,Thomas Patel,6,0,176.66666666666666,122.0,480,0.0,100.0
2025-W35,email,Bengaluru,Billing,1.0,Morning,A3033,Amit Kulkarni,4,1,294.0,271.0,480,25.0,75.0
2025-W35,email,Bengaluru,Email Frontline,1.0,Day,A3020,Ramesh Ghosh,5,0,111.4,62.0,480,0.0,100.0
2025-W35,email,Bengaluru,Email Frontline,1.0,Day,A3021,Aditya Dhillon,12,1,349.3333333333333,281.0,480,8.333333333333332,91.66666666666667
2025-W35,email,Bengaluru,Email Frontline,1.0,Day,A3022,Steven Tiwari,2,0,227.0,227.0,480,0.0,100.0
2025-W35,email,Bengaluru,Email Frontline,1.0,Morning,A3018,Farah Sheikh,3,3,542.3333333333334,515.0,480,100.0,0.0
2025-W35,email,Bengaluru,Email Frontline,1.0,Morning,A3019,Sai Sandhu,7,2,374.85714285714283,444.0,480,28.57142857142857,71.42857142857143
2025-W35,email,Bengaluru,Escalations & Warranty,2.0,Day,A3040,Thomas Arora,1,0,41.0,41.0,480,0.0,100.0
2025-W35,email,Bengaluru,Logistics,1.0,Day,A3029,Rajat Iyer,2,1,444.0,444.0,480,50.0,50.0
2025-W35,email,Bengaluru,Logistics,1.0,Morning,A3031,Om Malhotra,5,0,212.0,206.0,480,0.0,100.0
2025-W35,email,Bengaluru,Returns Desk,1.0,Day,A3036,Rohit Shinde,1,1,565.0,565.0,480,100.0,0.0
2025-W35,email,Bengaluru,Returns Desk,1.0,Day,A3038,Amit Yadav,2,0,86.5,86.5,480,0.0,100.0
2025-W35,email,Bengaluru,Returns Desk,1.0,Morning,A3037,Rahul Sen,4,0,154.75,154.0,480,0.0,100.0
2025-W35,email,Indore,Billing,1.0,Morning,A3032,Aadhya Sheikh,2,1,409.0,409.0,480,50.0,50.0
2025-W35,email,Indore,Logistics,1.0,Day,A3027,Dev Chatterjee,1,0,228.0,228.0,480,0.0,100.0
2025-W35,email,Indore,Logistics,1.0,Morning,A3028,Krishna Kaur,3,1,301.3333333333333,153.0,480,33.33333333333333,66.66666666666667
2025-W35,social,Bengaluru,Billing,1.0,Day,A3034,Thomas Patel,1,0,84.0,84.0,240,0.0,100.0
2025-W35,social,Bengaluru,Billing,1.0,Morning,A3033,Amit Kulkarni,2,0,53.5,53.5,240,0.0,100.0
2025-W35,social,Bengaluru,Billing,1.0,Morning,A3035,Rohit Mukherjee,1,0,15.0,15.0,240,0.0,100.0
2025-W35,social,Bengaluru,Chat Frontline,1.0,Day,A3006,Lakshmi Reddy,1,0,80.0,80.0,240,0.0,100.0
2025-W35,social,Bengaluru,Chat Frontline,1.0,Day,A3012,Lakshmi Sethi,1,0,55.0,55.0,240,0.0,100.0
2025-W35,social,Bengaluru,Chat Frontline,1.0,Morning,A3005,Sameer Joshi,1,0,127.0,127.0,240,0.0,100.0
2025-W35,social,Bengaluru,Chat Frontline,1.0,Morning,A3007,Neha Gaikwad,2,0,66.0,66.0,240,0.0,100.0
2025-W35,social,Bengaluru,Chat Frontline,1.0,Morning,A3014,Diya Patil,2,1,277.5,277.5,240,50.0,50.0
2025-W35,social,Bengaluru,Escalations & Warranty,2.0,Morning,A3039,Riya Gaikwad,1,0,140.0,140.0,240,0.0,100.0
2025-W35,social,Bengaluru,Escalations & Warranty,2.0,Morning,A3043,Rohit Jain,3,0,103.33333333333333,66.0,240,0.0,100.0
2025-W35,social,Bengaluru,Logistics,1.0,Day,A3029,Rajat Iyer,1,0,160.0,160.0,240,0.0,100.0
2025-W35,social,Bengaluru,Returns Desk,1.0,Day,A3038,Amit Yadav,1,0,158.0,158.0,240,0.0,100.0
2025-W35,social,Bengaluru,Returns Desk,1.0,Morning,A3037,Rahul Sen,1,0,125.0,125.0,240,0.0,100.0
2025-W35,social,Indore,Chat Frontline,1.0,Day,A3002,Tarun Mishra,2,1,294.0,294.0,240,50.0,50.0
2025-W35,social,Indore,Logistics,1.0,Morning,A3028,Krishna Kaur,1,1,356.0,356.0,240,100.0,0.0
2025-W35,voice,Bengaluru,Billing,1.0,Day,A3034,Thomas Patel,1,0,34.0,34.0,120,0.0,100.0
2025-W35,voice,Bengaluru,Email Frontline,1.0,Morning,A3018,Farah Sheikh,1,0,63.0,63.0,120,0.0,100.0
2025-W35,voice,Bengaluru,Escalations & Warranty,2.0,Day,A3044,Kunal Malhotra,1,0,13.0,13.0,120,0.0,100.0
2025-W35,voice,Bengaluru,Escalations & Warranty,2.0,Morning,A3043,Rohit Jain,1,0,70.0,70.0,120,0.0,100.0
2025-W35,voice,Bengaluru,Logistics,1.0,Day,A3029,Rajat Iyer,1,1,133.0,133.0,120,100.0,0.0
2025-W35,voice,Bengaluru,Logistics,1.0,Morning,A3031,Om Malhotra,1,0,24.0,24.0,120,0.0,100.0
2025-W35,voice,Bengaluru,Returns Desk,1.0,Day,A3038,Amit Yadav,1,0,10.0,10.0,120,0.0,100.0
2025-W35,voice,Bengaluru,Returns Desk,1.0,Morning,A3037,Rahul Sen,2,0,58.5,58.5,120,0.0,100.0
2025-W35,voice,Bengaluru,Voice Frontline,1.0,Day,A3023,Rahul Khanna,2,0,62.5,62.5,120,0.0,100.0
2025-W35,voice,Bengaluru,Voice Frontline,1.0,Day,A3026,Lakshmi Qureshi,5,0,28.4,24.0,120,0.0,100.0
2025-W35,voice,Bengaluru,Voice Frontline,1.0,Morning,A3024,Kunal Khanna,4,0,42.75,46.0,120,0.0,100.0
2025-W35,voice,Indore,Billing,1.0,Morning,A3032,Aadhya Sheikh,1,0,15.0,15.0,120,0.0,100.0
2025-W35,voice,Indore,Chat Frontline,1.0,Morning,A3008,Steven Kaur,1,0,16.0,16.0,120,0.0,100.0
2025-W35,voice,Indore,Logistics,1.0,Morning,A3028,Krishna Kaur,1,0,31.0,31.0,120,0.0,100.0
2025-W36,chat,Bengaluru,Billing,1.0,Day,A3034,Thomas Patel,1,1,17.0,17.0,15,100.0,0.0
2025-W36,chat,Bengaluru,Billing,1.0,Morning,A3033,Amit Kulkarni,2,1,211.0,211.0,15,50.0,50.0
2025-W36,chat,Bengaluru,Billing,1.0,Morning,A3035,Rohit Mukherjee,3,3,266.6666666666667,298.0,15,100.0,0.0
2025-W36,chat,Bengaluru,Chat Frontline,1.0,Day,A3004,Krishna Naidu,2,0,5.5,5.5,15,0.0,100.0
2025-W36,chat,Bengaluru,Chat Frontline,1.0,Day,A3006,Lakshmi Reddy,3,0,5.333333333333333,6.0,15,0.0,100.0
2025-W36,chat,Bengaluru,Chat Frontline,1.0,Day,A3012,Lakshmi Sethi,6,2,11.166666666666666,4.5,15,33.33333333333333,66.66666666666667
2025-W36,chat,Bengaluru,Chat Frontline,1.0,Morning,A3005,Sameer Joshi,2,2,290.5,290.5,15,100.0,0.0
2025-W36,chat,Bengaluru,Chat Frontline,1.0,Morning,A3007,Neha Gaikwad,2,1,249.0,249.0,15,50.0,50.0
2025-W36,chat,Bengaluru,Chat Frontline,1.0,Morning,A3014,Diya Patil,5,3,162.8,136.0,15,60.0,40.0
2025-W36,chat,Bengaluru,Escalations & Warranty,2.0,Day,A3042,Steven Chopra,1,0,9.0,9.0,15,0.0,100.0
2025-W36,chat,Bengaluru,Escalations & Warranty,2.0,Morning,A3039,Riya Gaikwad,2,1,242.5,242.5,15,50.0,50.0
2025-W36,chat,Bengaluru,Escalations & Warranty,2.0,Morning,A3043,Rohit Jain,5,4,314.6,421.0,15,80.0,20.0
2025-W36,chat,Bengaluru,Logistics,1.0,Day,A3029,Rajat Iyer,2,0,1.0,1.0,15,0.0,100.0
2025-W36,chat,Bengaluru,Logistics,1.0,Day,A3030,Sunita Srivastava,2,0,7.5,7.5,15,0.0,100.0
2025-W36,chat,Bengaluru,Logistics,1.0,Morning,A3031,Om Malhotra,5,2,197.6,9.0,15,40.0,60.0
2025-W36,chat,Bengaluru,Returns Desk,1.0,Day,A3036,Rohit Shinde,2,1,256.5,256.5,15,50.0,50.0
2025-W36,chat,Bengaluru,Returns Desk,1.0,Day,A3038,Amit Yadav,3,0,6.0,4.0,15,0.0,100.0
2025-W36,chat,Bengaluru,Returns Desk,1.0,Morning,A3037,Rahul Sen,6,3,179.0,127.0,15,50.0,50.0
2025-W36,chat,Indore,Billing,1.0,Morning,A3032,Aadhya Sheikh,1,1,395.0,395.0,15,100.0,0.0
2025-W36,chat,Indore,Chat Frontline,1.0,Day,A3002,Tarun Mishra,1,0,11.0,11.0,15,0.0,100.0
2025-W36,chat,Indore,Chat Frontline,1.0,Day,A3003,Harpreet Deshpande,3,0,4.0,2.0,15,0.0,100.0
2025-W36,chat,Indore,Chat Frontline,1.0,Morning,A3008,Steven Kaur,4,2,170.75,166.0,15,50.0,50.0
2025-W36,chat,Indore,Chat Frontline,1.0,Morning,A3010,Neha Chatterjee,7,5,320.85714285714283,485.0,15,71.42857142857143,28.57142857142857
2025-W36,chat,Indore,Chat Frontline,1.0,Morning,A3011,Karan Roy,3,3,195.0,72.0,15,100.0,0.0
2025-W36,chat,Indore,Chat Frontline,1.0,Morning,A3013,Ritika Chatterjee,3,2,229.0,201.0,15,66.66666666666666,33.33333333333334
2025-W36,chat,Indore,Logistics,1.0,Morning,A3028,Krishna Kaur,3,2,273.6666666666667,382.0,15,66.66666666666666,33.33333333333334
2025-W36,email,Bengaluru,Billing,1.0,Day,A3034,Thomas Patel,3,0,203.0,273.0,480,0.0,100.0
2025-W36,email,Bengaluru,Billing,1.0,Morning,A3035,Rohit Mukherjee,2,1,420.0,420.0,480,50.0,50.0
2025-W36,email,Bengaluru,Email Frontline,1.0,Day,A3020,Ramesh Ghosh,3,0,139.0,105.0,480,0.0,100.0
2025-W36,email,Bengaluru,Email Frontline,1.0,Day,A3021,Aditya Dhillon,2,0,86.0,86.0,480,0.0,100.0
2025-W36,email,Bengaluru,Email Frontline,1.0,Day,A3022,Steven Tiwari,1,0,113.0,113.0,480,0.0,100.0
2025-W36,email,Bengaluru,Email Frontline,1.0,Morning,A3018,Farah Sheikh,7,2,298.85714285714283,314.0,480,28.57142857142857,71.42857142857143
2025-W36,email,Bengaluru,Email Frontline,1.0,Morning,A3019,Sai Sandhu,7,2,256.42857142857144,197.0,480,28.57142857142857,71.42857142857143
2025-W36,email,Bengaluru,Escalations & Warranty,2.0,Day,A3040,Thomas Arora,1,1,494.0,494.0,480,100.0,0.0
2025-W36,email,Bengaluru,Escalations & Warranty,2.0,Day,A3042,Steven Chopra,1,1,627.0,627.0,480,100.0,0.0
2025-W36,email,Bengaluru,Escalations & Warranty,2.0,Morning,A3039,Riya Gaikwad,2,1,588.0,588.0,480,50.0,50.0
2025-W36,email,Bengaluru,Escalations & Warranty,2.0,Morning,A3043,Rohit Jain,3,0,235.0,154.0,480,0.0,100.0
2025-W36,email,Bengaluru,Logistics,1.0,Day,A3029,Rajat Iyer,1,0,152.0,152.0,480,0.0,100.0
2025-W36,email,Bengaluru,Logistics,1.0,Morning,A3031,Om Malhotra,2,0,190.5,190.5,480,0.0,100.0
2025-W36,email,Bengaluru,Returns Desk,1.0,Day,A3036,Rohit Shinde,1,0,120.0,120.0,480,0.0,100.0
2025-W36,email,Bengaluru,Returns Desk,1.0,Day,A3038,Amit Yadav,1,0,36.0,36.0,480,0.0,100.0
2025-W36,email,Indore,Billing,1.0,Morning,A3032,Aadhya Sheikh,1,0,259.0,259.0,480,0.0,100.0
2025-W36,email,Indore,Logistics,1.0,Day,A3027,Dev Chatterjee,1,0,38.0,38.0,480,0.0,100.0
2025-W36,email,Indore,Logistics,1.0,Morning,A3028,Krishna Kaur,6,1,249.16666666666666,188.0,480,16.666666666666664,83.33333333333334
2025-W36,social,Bengaluru,Billing,1.0,Day,A3034,Thomas Patel,1,0,105.0,105.0,240,0.0,100.0
2025-W36,social,Bengaluru,Chat Frontline,1.0,Day,A3004,Krishna Naidu,1,0,31.0,31.0,240,0.0,100.0
2025-W36,social,Bengaluru,Chat Frontline,1.0,Day,A3006,Lakshmi Reddy,1,0,125.0,125.0,240,0.0,100.0
2025-W36,social,Bengaluru,Chat Frontline,1.0,Day,A3015,Yash Agarwal,1,0,15.0,15.0,240,0.0,100.0
2025-W36,social,Bengaluru,Chat Frontline,1.0,Morning,A3007,Neha Gaikwad,1,1,530.0,530.0,240,100.0,0.0
2025-W36,social,Bengaluru,Chat Frontline,1.0,Morning,A3014,Diya Patil,1,0,37.0,37.0,240,0.0,100.0
2025-W36,social,Bengaluru,Escalations & Warranty,2.0,Morning,A3043,Rohit Jain,1,0,15.0,15.0,240,0.0,100.0
2025-W36,social,Bengaluru,Logistics,1.0,Morning,A3031,Om Malhotra,1,0,88.0,88.0,240,0.0,100.0
2025-W36,social,Bengaluru,Returns Desk,1.0,Day,A3036,Rohit Shinde,1,0,21.0,21.0,240,0.0,100.0
2025-W36,social,Bengaluru,Returns Desk,1.0,Morning,A3037,Rahul Sen,1,0,18.0,18.0,240,0.0,100.0
2025-W36,social,Indore,Billing,1.0,Morning,A3032,Aadhya Sheikh,3,2,310.0,250.0,240,66.66666666666666,33.33333333333334
2025-W36,social,Indore,Chat Frontline,1.0,Morning,A3008,Steven Kaur,2,0,76.5,76.5,240,0.0,100.0
2025-W36,social,Indore,Chat Frontline,1.0,Morning,A3011,Karan Roy,2,2,390.5,390.5,240,100.0,0.0
2025-W36,voice,Bengaluru,Billing,1.0,Day,A3034,Thomas Patel,2,0,35.5,35.5,120,0.0,100.0
2025-W36,voice,Bengaluru,Escalations & Warranty,2.0,Day,A3040,Thomas Arora,1,0,63.0,63.0,120,0.0,100.0
2025-W36,voice,Bengaluru,Escalations & Warranty,2.0,Day,A3042,Steven Chopra,1,0,43.0,43.0,120,0.0,100.0
2025-W36,voice,Bengaluru,Returns Desk,1.0,Day,A3038,Amit Yadav,1,0,89.0,89.0,120,0.0,100.0
2025-W36,voice,Bengaluru,Voice Frontline,1.0,Day,A3023,Rahul Khanna,4,0,59.25,58.0,120,0.0,100.0
2025-W36,voice,Bengaluru,Voice Frontline,1.0,Day,A3026,Lakshmi Qureshi,2,0,55.5,55.5,120,0.0,100.0
2025-W36,voice,Bengaluru,Voice Frontline,1.0,Morning,A3024,Kunal Khanna,1,0,4.0,4.0,120,0.0,100.0
2025-W36,voice,Bengaluru,Voice Frontline,1.0,Morning,A3025,Lobsang Rao,2,0,21.5,21.5,120,0.0,100.0
2025-W36,voice,Indore,Logistics,1.0,Day,A3027,Dev Chatterjee,2,0,68.0,68.0,120,0.0,100.0
2025-W37,chat,Bengaluru,Billing,1.0,Day,A3034,Thomas Patel,3,0,2.3333333333333335,3.0,15,0.0,100.0
2025-W37,chat,Bengaluru,Billing,1.0,Morning,A3033,Amit Kulkarni,2,1,246.5,246.5,15,50.0,50.0
2025-W37,chat,Bengaluru,Billing,1.0,Morning,A3035,Rohit Mukherjee,5,2,124.2,5.0,15,40.0,60.0
2025-W37,chat,Bengaluru,Chat Frontline,1.0,Day,A3004,Krishna Naidu,2,0,4.0,4.0,15,0.0,100.0
2025-W37,chat,Bengaluru,Chat Frontline,1.0,Day,A3006,Lakshmi Reddy,2,0,8.0,8.0,15,0.0,100.0
2025-W37,chat,Bengaluru,Chat Frontline,1.0,Day,A3012,Lakshmi Sethi,5,0,3.0,3.0,15,0.0,100.0
2025-W37,chat,Bengaluru,Chat Frontline,1.0,Day,A3015,Yash Agarwal,1,0,8.0,8.0,15,0.0,100.0
2025-W37,chat,Bengaluru,Chat Frontline,1.0,Morning,A3005,Sameer Joshi,4,3,254.5,257.5,15,75.0,25.0
2025-W37,chat,Bengaluru,Chat Frontline,1.0,Morning,A3007,Neha Gaikwad,2,2,349.5,349.5,15,100.0,0.0
2025-W37,chat,Bengaluru,Chat Frontline,1.0,Morning,A3009,Ramesh Patel,1,1,18.0,18.0,15,100.0,0.0
2025-W37,chat,Bengaluru,Chat Frontline,1.0,Morning,A3014,Diya Patil,4,3,140.25,133.5,15,75.0,25.0
2025-W37,chat,Bengaluru,Email Frontline,1.0,Day,A3020,Ramesh Ghosh,1,1,214.0,214.0,15,100.0,0.0
2025-W37,chat,Bengaluru,Escalations & Warranty,2.0,Day,A3044,Kunal Malhotra,1,0,3.0,3.0,15,0.0,100.0
2025-W37,chat,Bengaluru,Escalations & Warranty,2.0,Morning,A3039,Riya Gaikwad,1,1,17.0,17.0,15,100.0,0.0
2025-W37,chat,Bengaluru,Logistics,1.0,Morning,A3031,Om Malhotra,6,4,325.3333333333333,456.0,15,66.66666666666666,33.33333333333334
2025-W37,chat,Bengaluru,Returns Desk,1.0,Day,A3036,Rohit Shinde,3,1,162.33333333333334,9.0,15,33.33333333333333,66.66666666666667
2025-W37,chat,Bengaluru,Returns Desk,1.0,Day,A3038,Amit Yadav,4,0,3.75,3.0,15,0.0,100.0
2025-W37,chat,Bengaluru,Returns Desk,1.0,Morning,A3037,Rahul Sen,4,3,259.25,262.0,15,75.0,25.0
2025-W37,chat,Indore,Billing,1.0,Morning,A3032,Aadhya Sheikh,3,1,29.0,3.0,15,33.33333333333333,66.66666666666667
2025-W37,chat,Indore,Chat Frontline,1.0,Day,A3002,Tarun Mishra,2,0,6.0,6.0,15,0.0,100.0
2025-W37,chat,Indore,Chat Frontline,1.0,Day,A3003,Harpreet Deshpande,3,1,10.666666666666666,9.0,15,33.33333333333333,66.66666666666667
2025-W37,chat,Indore,Chat Frontline,1.0,Morning,A3008,Steven Kaur,3,0,10.0,10.0,15,0.0,100.0
2025-W37,chat,Indore,Chat Frontline,1.0,Morning,A3010,Neha Chatterjee,4,1,75.25,9.5,15,25.0,75.0
2025-W37,chat,Indore,Chat Frontline,1.0,Morning,A3013,Ritika Chatterjee,2,1,148.0,148.0,15,50.0,50.0
2025-W37,chat,Indore,Logistics,1.0,Day,A3027,Dev Chatterjee,1,1,19.0,19.0,15,100.0,0.0
2025-W37,chat,Indore,Logistics,1.0,Morning,A3028,Krishna Kaur,4,2,13.75,14.0,15,50.0,50.0
2025-W37,email,Bengaluru,Billing,1.0,Day,A3034,Thomas Patel,1,0,237.0,237.0,480,0.0,100.0
2025-W37,email,Bengaluru,Billing,1.0,Morning,A3033,Amit Kulkarni,6,1,175.33333333333334,76.5,480,16.666666666666664,83.33333333333334
2025-W37,email,Bengaluru,Billing,1.0,Morning,A3035,Rohit Mukherjee,1,1,819.0,819.0,480,100.0,0.0
2025-W37,email,Bengaluru,Email Frontline,1.0,Day,A3020,Ramesh Ghosh,4,1,237.0,193.0,480,25.0,75.0
2025-W37,email,Bengaluru,Email Frontline,1.0,Day,A3021,Aditya Dhillon,1,0,117.0,117.0,480,0.0,100.0
2025-W37,email,Bengaluru,Email Frontline,1.0,Day,A3022,Steven Tiwari,5,0,267.6,265.0,480,0.0,100.0
2025-W37,email,Bengaluru,Email Frontline,1.0,Morning,A3018,Farah Sheikh,12,3,346.6666666666667,388.5,480,25.0,75.0
2025-W37,email,Bengaluru,Email Frontline,1.0,Morning,A3019,Sai Sandhu,9,1,338.55555555555554,456.0,480,11.11111111111111,88.88888888888889
2025-W37,email,Bengaluru,Escalations & Warranty,2.0,Day,A3040,Thomas Arora,1,0,372.0,372.0,480,0.0,100.0
2025-W37,email,Bengaluru,Escalations & Warranty,2.0,Morning,A3039,Riya Gaikwad,1,1,879.0,879.0,480,100.0,0.0
2025-W37,email,Bengaluru,Logistics,1.0,Day,A3029,Rajat Iyer,1,0,29.0,29.0,480,0.0,100.0
2025-W37,email,Bengaluru,Logistics,1.0,Morning,A3031,Om Malhotra,3,1,347.3333333333333,369.0,480,33.33333333333333,66.66666666666667
2025-W37,email,Bengaluru,Returns Desk,1.0,Day,A3038,Amit Yadav,2,0,142.0,142.0,480,0.0,100.0
2025-W37,email,Bengaluru,Returns Desk,1.0,Morning,A3037,Rahul Sen,3,0,276.0,276.0,480,0.0,100.0
2025-W37,email,Indore,Billing,1.0,Morning,A3032,Aadhya Sheikh,5,4,588.2,510.0,480,80.0,20.0
2025-W37,email,Indore,Logistics,1.0,Day,A3027,Dev Chatterjee,2,0,236.0,236.0,480,0.0,100.0
2025-W37,email,Indore,Logistics,1.0,Morning,A3028,Krishna Kaur,4,0,213.0,225.0,480,0.0,100.0
2025-W37,social,Bengaluru,Billing,1.0,Morning,A3033,Amit Kulkarni,1,0,45.0,45.0,240,0.0,100.0
2025-W37,social,Bengaluru,Chat Frontline,1.0,Day,A3004,Krishna Naidu,1,0,112.0,112.0,240,0.0,100.0
2025-W37,social,Bengaluru,Chat Frontline,1.0,Day,A3012,Lakshmi Sethi,1,0,20.0,20.0,240,0.0,100.0
2025-W37,social,Bengaluru,Chat Frontline,1.0,Morning,A3007,Neha Gaikwad,1,1,494.0,494.0,240,100.0,0.0
2025-W37,social,Bengaluru,Chat Frontline,1.0,Morning,A3014,Diya Patil,1,0,158.0,158.0,240,0.0,100.0
2025-W37,social,Bengaluru,Escalations & Warranty,2.0,Morning,A3039,Riya Gaikwad,2,1,156.5,156.5,240,50.0,50.0
2025-W37,social,Bengaluru,Escalations & Warranty,2.0,Morning,A3043,Rohit Jain,1,1,291.0,291.0,240,100.0,0.0
2025-W37,social,Indore,Chat Frontline,1.0,Day,A3002,Tarun Mishra,2,0,72.5,72.5,240,0.0,100.0
2025-W37,social,Indore,Chat Frontline,1.0,Morning,A3008,Steven Kaur,2,1,318.0,318.0,240,50.0,50.0
2025-W37,social,Indore,Chat Frontline,1.0,Morning,A3013,Ritika Chatterjee,1,0,119.0,119.0,240,0.0,100.0
2025-W37,social,Indore,Logistics,1.0,Day,A3027,Dev Chatterjee,1,0,57.0,57.0,240,0.0,100.0
2025-W37,voice,Bengaluru,Billing,1.0,Day,A3034,Thomas Patel,1,0,10.0,10.0,120,0.0,100.0
2025-W37,voice,Bengaluru,Billing,1.0,Morning,A3033,Amit Kulkarni,1,1,124.0,124.0,120,100.0,0.0
2025-W37,voice,Bengaluru,Escalations & Warranty,2.0,Day,A3040,Thomas Arora,1,0,19.0,19.0,120,0.0,100.0
2025-W37,voice,Bengaluru,Escalations & Warranty,2.0,Morning,A3039,Riya Gaikwad,1,0,101.0,101.0,120,0.0,100.0
2025-W37,voice,Bengaluru,Logistics,1.0,Day,A3029,Rajat Iyer,1,0,28.0,28.0,120,0.0,100.0
2025-W37,voice,Bengaluru,Logistics,1.0,Day,A3030,Sunita Srivastava,1,0,16.0,16.0,120,0.0,100.0
2025-W37,voice,Bengaluru,Returns Desk,1.0,Day,A3036,Rohit Shinde,1,0,7.0,7.0,120,0.0,100.0
2025-W37,voice,Bengaluru,Returns Desk,1.0,Morning,A3037,Rahul Sen,1,0,35.0,35.0,120,0.0,100.0
2025-W37,voice,Bengaluru,Voice Frontline,1.0,Day,A3023,Rahul Khanna,4,0,24.5,23.5,120,0.0,100.0
2025-W37,voice,Bengaluru,Voice Frontline,1.0,Day,A3026,Lakshmi Qureshi,4,1,80.75,46.5,120,25.0,75.0
2025-W37,voice,Bengaluru,Voice Frontline,1.0,Morning,A3024,Kunal Khanna,5,1,67.6,44.0,120,20.0,80.0
2025-W37,voice,Bengaluru,Voice Frontline,1.0,Morning,A3025,Lobsang Rao,1,0,45.0,45.0,120,0.0,100.0
2025-W37,voice,Indore,Billing,1.0,Morning,A3032,Aadhya Sheikh,1,0,21.0,21.0,120,0.0,100.0
2025-W37,voice,Indore,Chat Frontline,1.0,Day,A3002,Tarun Mishra,1,0,17.0,17.0,120,0.0,100.0
2025-W37,voice,Indore,Escalations & Warranty,2.0,Day,A3041,Riya Fernandes,1,0,8.0,8.0,120,0.0,100.0
2025-W37,voice,Indore,Logistics,1.0,Day,A3027,Dev Chatterjee,1,0,57.0,57.0,120,0.0,100.0
2025-W38,chat,Bengaluru,Billing,1.0,Day,A3034,Thomas Patel,4,1,10.0,10.0,15,25.0,75.0
2025-W38,chat,Bengaluru,Billing,1.0,Morning,A3033,Amit Kulkarni,2,1,221.5,221.5,15,50.0,50.0
2025-W38,chat,Bengaluru,Billing,1.0,Morning,A3035,Rohit Mukherjee,1,0,3.0,3.0,15,0.0,100.0
2025-W38,chat,Bengaluru,Chat Frontline,1.0,Day,A3004,Krishna Naidu,2,1,9.5,9.5,15,50.0,50.0
2025-W38,chat,Bengaluru,Chat Frontline,1.0,Day,A3006,Lakshmi Reddy,2,1,28.5,28.5,15,50.0,50.0
2025-W38,chat,Bengaluru,Chat Frontline,1.0,Day,A3012,Lakshmi Sethi,3,0,1.6666666666666667,1.0,15,0.0,100.0
2025-W38,chat,Bengaluru,Chat Frontline,1.0,Day,A3015,Yash Agarwal,1,0,6.0,6.0,15,0.0,100.0
2025-W38,chat,Bengaluru,Chat Frontline,1.0,Morning,A3005,Sameer Joshi,2,1,243.5,243.5,15,50.0,50.0
2025-W38,chat,Bengaluru,Chat Frontline,1.0,Morning,A3007,Neha Gaikwad,3,1,12.333333333333334,14.0,15,33.33333333333333,66.66666666666667
2025-W38,chat,Bengaluru,Chat Frontline,1.0,Morning,A3009,Ramesh Patel,3,2,308.0,455.0,15,66.66666666666666,33.33333333333334
2025-W38,chat,Bengaluru,Chat Frontline,1.0,Morning,A3014,Diya Patil,1,0,8.0,8.0,15,0.0,100.0
2025-W38,chat,Bengaluru,Escalations & Warranty,2.0,Morning,A3039,Riya Gaikwad,1,1,471.0,471.0,15,100.0,0.0
2025-W38,chat,Bengaluru,Logistics,1.0,Day,A3029,Rajat Iyer,3,0,7.0,7.0,15,0.0,100.0
2025-W38,chat,Bengaluru,Logistics,1.0,Day,A3030,Sunita Srivastava,3,0,6.666666666666667,6.0,15,0.0,100.0
2025-W38,chat,Bengaluru,Logistics,1.0,Morning,A3031,Om Malhotra,4,1,6.25,2.5,15,25.0,75.0
2025-W38,chat,Bengaluru,Returns Desk,1.0,Day,A3036,Rohit Shinde,1,0,8.0,8.0,15,0.0,100.0
2025-W38,chat,Bengaluru,Returns Desk,1.0,Day,A3038,Amit Yadav,1,0,7.0,7.0,15,0.0,100.0
2025-W38,chat,Bengaluru,Returns Desk,1.0,Morning,A3037,Rahul Sen,6,3,234.33333333333334,201.0,15,50.0,50.0
2025-W38,chat,Indore,Billing,1.0,Morning,A3032,Aadhya Sheikh,1,1,486.0,486.0,15,100.0,0.0
2025-W38,chat,Indore,Chat Frontline,1.0,Day,A3002,Tarun Mishra,4,0,5.5,6.0,15,0.0,100.0
2025-W38,chat,Indore,Chat Frontline,1.0,Day,A3003,Harpreet Deshpande,3,1,6.666666666666667,4.0,15,33.33333333333333,66.66666666666667
2025-W38,chat,Indore,Chat Frontline,1.0,Morning,A3008,Steven Kaur,2,0,8.0,8.0,15,0.0,100.0
2025-W38,chat,Indore,Chat Frontline,1.0,Morning,A3010,Neha Chatterjee,1,0,0.0,0.0,15,0.0,100.0
2025-W38,chat,Indore,Chat Frontline,1.0,Morning,A3011,Karan Roy,4,1,102.0,6.0,15,25.0,75.0
2025-W38,chat,Indore,Chat Frontline,1.0,Morning,A3013,Ritika Chatterjee,2,0,5.0,5.0,15,0.0,100.0
2025-W38,chat,Indore,Logistics,1.0,Day,A3027,Dev Chatterjee,4,0,4.75,3.0,15,0.0,100.0
2025-W38,chat,Indore,Logistics,1.0,Morning,A3028,Krishna Kaur,2,1,231.0,231.0,15,50.0,50.0
2025-W38,email,Bengaluru,Billing,1.0,Day,A3034,Thomas Patel,2,1,448.0,448.0,480,50.0,50.0
2025-W38,email,Bengaluru,Billing,1.0,Morning,A3033,Amit Kulkarni,1,0,165.0,165.0,480,0.0,100.0
2025-W38,email,Bengaluru,Billing,1.0,Morning,A3035,Rohit Mukherjee,1,0,453.0,453.0,480,0.0,100.0
2025-W38,email,Bengaluru,Chat Frontline,1.0,Morning,A3005,Sameer Joshi,1,0,452.0,452.0,480,0.0,100.0
2025-W38,email,Bengaluru,Email Frontline,1.0,Day,A3020,Ramesh Ghosh,3,0,200.0,159.0,480,0.0,100.0
2025-W38,email,Bengaluru,Email Frontline,1.0,Day,A3021,Aditya Dhillon,4,0,129.25,122.5,480,0.0,100.0
2025-W38,email,Bengaluru,Email Frontline,1.0,Day,A3022,Steven Tiwari,2,0,70.0,70.0,480,0.0,100.0
2025-W38,email,Bengaluru,Email Frontline,1.0,Morning,A3018,Farah Sheikh,7,3,386.85714285714283,414.0,480,42.857142857142854,57.142857142857146
2025-W38,email,Bengaluru,Email Frontline,1.0,Morning,A3019,Sai Sandhu,5,2,520.2,373.0,480,40.0,60.0
2025-W38,email,Bengaluru,Escalations & Warranty,2.0,Day,A3042,Steven Chopra,1,0,122.0,122.0,480,0.0,100.0
2025-W38,email,Bengaluru,Escalations & Warranty,2.0,Morning,A3039,Riya Gaikwad,2,1,332.5,332.5,480,50.0,50.0
2025-W38,email,Bengaluru,Escalations & Warranty,2.0,Morning,A3043,Rohit Jain,3,0,121.0,94.0,480,0.0,100.0
2025-W38,email,Bengaluru,Logistics,1.0,Day,A3029,Rajat Iyer,1,0,78.0,78.0,480,0.0,100.0
2025-W38,email,Bengaluru,Logistics,1.0,Morning,A3031,Om Malhotra,4,1,385.25,410.0,480,25.0,75.0
2025-W38,email,Bengaluru,Returns Desk,1.0,Day,A3038,Amit Yadav,1,0,258.0,258.0,480,0.0,100.0
2025-W38,email,Bengaluru,Returns Desk,1.0,Morning,A3037,Rahul Sen,2,1,436.5,436.5,480,50.0,50.0
2025-W38,email,Indore,Billing,1.0,Morning,A3032,Aadhya Sheikh,2,2,601.0,601.0,480,100.0,0.0
2025-W38,email,Indore,Logistics,1.0,Day,A3027,Dev Chatterjee,3,0,202.33333333333334,213.0,480,0.0,100.0
2025-W38,email,Indore,Logistics,1.0,Morning,A3028,Krishna Kaur,4,1,173.75,95.0,480,25.0,75.0
2025-W38,social,Bengaluru,Billing,1.0,Day,A3034,Thomas Patel,1,1,305.0,305.0,240,100.0,0.0
2025-W38,social,Bengaluru,Chat Frontline,1.0,Day,A3012,Lakshmi Sethi,3,0,50.0,54.0,240,0.0,100.0
2025-W38,social,Bengaluru,Chat Frontline,1.0,Morning,A3009,Ramesh Patel,1,0,25.0,25.0,240,0.0,100.0
2025-W38,social,Bengaluru,Chat Frontline,1.0,Morning,A3014,Diya Patil,2,0,30.0,30.0,240,0.0,100.0
2025-W38,social,Bengaluru,Escalations & Warranty,2.0,Morning,A3039,Riya Gaikwad,1,1,280.0,280.0,240,100.0,0.0
2025-W38,social,Bengaluru,Logistics,1.0,Morning,A3031,Om Malhotra,1,0,13.0,13.0,240,0.0,100.0
2025-W38,social,Bengaluru,Returns Desk,1.0,Day,A3038,Amit Yadav,1,0,96.0,96.0,240,0.0,100.0
2025-W38,social,Bengaluru,Returns Desk,1.0,Morning,A3037,Rahul Sen,1,0,52.0,52.0,240,0.0,100.0
2025-W38,social,Indore,Chat Frontline,1.0,Morning,A3010,Neha Chatterjee,1,0,17.0,17.0,240,0.0,100.0
2025-W38,social,Indore,Chat Frontline,1.0,Morning,A3013,Ritika Chatterjee,1,1,329.0,329.0,240,100.0,0.0
2025-W38,social,Indore,Logistics,1.0,Morning,A3028,Krishna Kaur,1,1,296.0,296.0,240,100.0,0.0
2025-W38,voice,Bengaluru,Billing,1.0,Day,A3034,Thomas Patel,1,0,34.0,34.0,120,0.0,100.0
2025-W38,voice,Bengaluru,Billing,1.0,Morning,A3035,Rohit Mukherjee,1,0,10.0,10.0,120,0.0,100.0
2025-W38,voice,Bengaluru,Escalations & Warranty,2.0,Morning,A3039,Riya Gaikwad,1,0,21.0,21.0,120,0.0,100.0
2025-W38,voice,Bengaluru,Returns Desk,1.0,Day,A3036,Rohit Shinde,1,0,10.0,10.0,120,0.0,100.0
2025-W38,voice,Bengaluru,Returns Desk,1.0,Day,A3038,Amit Yadav,1,1,413.0,413.0,120,100.0,0.0
2025-W38,voice,Bengaluru,Returns Desk,1.0,Morning,A3037,Rahul Sen,1,0,113.0,113.0,120,0.0,100.0
2025-W38,voice,Bengaluru,Voice Frontline,1.0,Day,A3023,Rahul Khanna,4,0,27.0,28.0,120,0.0,100.0
2025-W38,voice,Bengaluru,Voice Frontline,1.0,Day,A3026,Lakshmi Qureshi,3,0,60.0,49.0,120,0.0,100.0
2025-W38,voice,Bengaluru,Voice Frontline,1.0,Morning,A3024,Kunal Khanna,4,0,38.0,38.5,120,0.0,100.0
2025-W38,voice,Bengaluru,Voice Frontline,1.0,Morning,A3025,Lobsang Rao,4,0,33.25,28.5,120,0.0,100.0
2025-W38,voice,Indore,Escalations & Warranty,2.0,Day,A3041,Riya Fernandes,1,0,62.0,62.0,120,0.0,100.0
2025-W38,voice,Indore,Logistics,1.0,Day,A3027,Dev Chatterjee,2,0,22.0,22.0,120,0.0,100.0
2025-W39,chat,Bengaluru,Billing,1.0,Day,A3034,Thomas Patel,3,0,4.0,4.0,15,0.0,100.0
2025-W39,chat,Bengaluru,Billing,1.0,Morning,A3033,Amit Kulkarni,1,1,444.0,444.0,15,100.0,0.0
2025-W39,chat,Bengaluru,Billing,1.0,Morning,A3035,Rohit Mukherjee,2,2,460.0,460.0,15,100.0,0.0
2025-W39,chat,Bengaluru,Chat Frontline,1.0,Day,A3004,Krishna Naidu,3,1,11.0,13.0,15,33.33333333333333,66.66666666666667
2025-W39,chat,Bengaluru,Chat Frontline,1.0,Day,A3006,Lakshmi Reddy,2,0,9.0,9.0,15,0.0,100.0
2025-W39,chat,Bengaluru,Chat Frontline,1.0,Day,A3012,Lakshmi Sethi,2,0,2.5,2.5,15,0.0,100.0
2025-W39,chat,Bengaluru,Chat Frontline,1.0,Day,A3015,Yash Agarwal,4,1,10.25,6.5,15,25.0,75.0
2025-W39,chat,Bengaluru,Chat Frontline,1.0,Morning,A3005,Sameer Joshi,3,0,4.0,4.0,15,0.0,100.0
2025-W39,chat,Bengaluru,Chat Frontline,1.0,Morning,A3007,Neha Gaikwad,3,1,148.66666666666666,5.0,15,33.33333333333333,66.66666666666667
2025-W39,chat,Bengaluru,Chat Frontline,1.0,Morning,A3009,Ramesh Patel,6,2,68.0,9.0,15,33.33333333333333,66.66666666666667
2025-W39,chat,Bengaluru,Chat Frontline,1.0,Morning,A3014,Diya Patil,2,1,229.0,229.0,15,50.0,50.0
2025-W39,chat,Bengaluru,Email Frontline,1.0,Day,A3020,Ramesh Ghosh,1,1,23.0,23.0,15,100.0,0.0
2025-W39,chat,Bengaluru,Email Frontline,1.0,Morning,A3018,Farah Sheikh,1,0,3.0,3.0,15,0.0,100.0
2025-W39,chat,Bengaluru,Escalations & Warranty,2.0,Morning,A3043,Rohit Jain,1,1,59.0,59.0,15,100.0,0.0
2025-W39,chat,Bengaluru,Logistics,1.0,Day,A3029,Rajat Iyer,1,0,7.0,7.0,15,0.0,100.0
2025-W39,chat,Bengaluru,Logistics,1.0,Day,A3030,Sunita Srivastava,1,0,1.0,1.0,15,0.0,100.0
2025-W39,chat,Bengaluru,Returns Desk,1.0,Day,A3038,Amit Yadav,1,0,8.0,8.0,15,0.0,100.0
2025-W39,chat,Bengaluru,Returns Desk,1.0,Morning,A3037,Rahul Sen,4,1,118.0,6.0,15,25.0,75.0
2025-W39,chat,Indore,Billing,1.0,Morning,A3032,Aadhya Sheikh,1,1,460.0,460.0,15,100.0,0.0
2025-W39,chat,Indore,Chat Frontline,1.0,Day,A3002,Tarun Mishra,4,0,3.25,3.5,15,0.0,100.0
2025-W39,chat,Indore,Chat Frontline,1.0,Day,A3003,Harpreet Deshpande,2,2,25.5,25.5,15,100.0,0.0
2025-W39,chat,Indore,Chat Frontline,1.0,Morning,A3010,Neha Chatterjee,5,2,85.2,4.0,15,40.0,60.0
2025-W39,chat,Indore,Chat Frontline,1.0,Morning,A3011,Karan Roy,3,0,4.0,4.0,15,0.0,100.0
2025-W39,chat,Indore,Chat Frontline,1.0,Morning,A3013,Ritika Chatterjee,2,1,188.5,188.5,15,50.0,50.0
2025-W39,chat,Indore,Escalations & Warranty,2.0,Day,A3041,Riya Fernandes,1,0,3.0,3.0,15,0.0,100.0
2025-W39,chat,Indore,Logistics,1.0,Day,A3027,Dev Chatterjee,4,1,10.25,3.5,15,25.0,75.0
2025-W39,chat,Indore,Logistics,1.0,Morning,A3028,Krishna Kaur,3,0,3.0,3.0,15,0.0,100.0
2025-W39,email,Bengaluru,Billing,1.0,Day,A3034,Thomas Patel,1,0,344.0,344.0,480,0.0,100.0
2025-W39,email,Bengaluru,Billing,1.0,Morning,A3033,Amit Kulkarni,3,1,340.0,395.0,480,33.33333333333333,66.66666666666667
2025-W39,email,Bengaluru,Billing,1.0,Morning,A3035,Rohit Mukherjee,2,0,33.0,33.0,480,0.0,100.0
2025-W39,email,Bengaluru,Email Frontline,1.0,Day,A3020,Ramesh Ghosh,3,0,265.0,197.0,480,0.0,100.0
2025-W39,email,Bengaluru,Email Frontline,1.0,Day,A3022,Steven Tiwari,3,0,112.0,126.0,480,0.0,100.0
2025-W39,email,Bengaluru,Email Frontline,1.0,Morning,A3018,Farah Sheikh,8,1,288.25,207.0,480,12.5,87.5
2025-W39,email,Bengaluru,Email Frontline,1.0,Morning,A3019,Sai Sandhu,12,4,372.0,361.0,480,33.33333333333333,66.66666666666667
2025-W39,email,Bengaluru,Escalations & Warranty,2.0,Morning,A3039,Riya Gaikwad,2,0,136.0,136.0,480,0.0,100.0
2025-W39,email,Bengaluru,Escalations & Warranty,2.0,Morning,A3043,Rohit Jain,1,0,440.0,440.0,480,0.0,100.0
2025-W39,email,Bengaluru,Logistics,1.0,Day,A3029,Rajat Iyer,3,0,133.33333333333334,91.0,480,0.0,100.0
2025-W39,email,Bengaluru,Logistics,1.0,Day,A3030,Sunita Srivastava,1,0,96.0,96.0,480,0.0,100.0
2025-W39,email,Bengaluru,Logistics,1.0,Morning,A3031,Om Malhotra,4,1,272.0,262.0,480,25.0,75.0
2025-W39,email,Bengaluru,Returns Desk,1.0,Day,A3036,Rohit Shinde,1,0,313.0,313.0,480,0.0,100.0
2025-W39,email,Bengaluru,Returns Desk,1.0,Day,A3038,Amit Yadav,1,0,404.0,404.0,480,0.0,100.0
2025-W39,email,Bengaluru,Returns Desk,1.0,Morning,A3037,Rahul Sen,3,2,359.0,524.0,480,66.66666666666666,33.33333333333334
2025-W39,email,Indore,Billing,1.0,Morning,A3032,Aadhya Sheikh,1,1,564.0,564.0,480,100.0,0.0
2025-W39,email,Indore,Logistics,1.0,Day,A3027,Dev Chatterjee,1,1,556.0,556.0,480,100.0,0.0
2025-W39,email,Indore,Logistics,1.0,Morning,A3028,Krishna Kaur,1,1,959.0,959.0,480,100.0,0.0
2025-W39,social,Bengaluru,Billing,1.0,Day,A3034,Thomas Patel,1,0,125.0,125.0,240,0.0,100.0
2025-W39,social,Bengaluru,Chat Frontline,1.0,Day,A3006,Lakshmi Reddy,1,0,64.0,64.0,240,0.0,100.0
2025-W39,social,Bengaluru,Chat Frontline,1.0,Day,A3012,Lakshmi Sethi,1,0,17.0,17.0,240,0.0,100.0
2025-W39,social,Bengaluru,Chat Frontline,1.0,Morning,A3007,Neha Gaikwad,1,0,18.0,18.0,240,0.0,100.0
2025-W39,social,Bengaluru,Chat Frontline,1.0,Morning,A3014,Diya Patil,1,0,103.0,103.0,240,0.0,100.0
2025-W39,social,Bengaluru,Escalations & Warranty,2.0,Morning,A3043,Rohit Jain,1,1,460.0,460.0,240,100.0,0.0
2025-W39,social,Bengaluru,Returns Desk,1.0,Morning,A3037,Rahul Sen,1,0,17.0,17.0,240,0.0,100.0
2025-W39,social,Indore,Billing,1.0,Morning,A3032,Aadhya Sheikh,1,0,79.0,79.0,240,0.0,100.0
2025-W39,social,Indore,Chat Frontline,1.0,Day,A3003,Harpreet Deshpande,1,0,29.0,29.0,240,0.0,100.0
2025-W39,social,Indore,Chat Frontline,1.0,Morning,A3010,Neha Chatterjee,1,0,107.0,107.0,240,0.0,100.0
2025-W39,social,Indore,Chat Frontline,1.0,Morning,A3011,Karan Roy,2,1,228.0,228.0,240,50.0,50.0
2025-W39,social,Indore,Chat Frontline,1.0,Morning,A3013,Ritika Chatterjee,1,0,201.0,201.0,240,0.0,100.0
2025-W39,social,Indore,Escalations & Warranty,2.0,Day,A3041,Riya Fernandes,1,0,30.0,30.0,240,0.0,100.0
2025-W39,social,Indore,Logistics,1.0,Day,A3027,Dev Chatterjee,2,0,56.0,56.0,240,0.0,100.0
2025-W39,voice,Bengaluru,Billing,1.0,Day,A3034,Thomas Patel,3,0,29.333333333333332,23.0,120,0.0,100.0
2025-W39,voice,Bengaluru,Billing,1.0,Morning,A3033,Amit Kulkarni,1,0,8.0,8.0,120,0.0,100.0
2025-W39,voice,Bengaluru,Billing,1.0,Morning,A3035,Rohit Mukherjee,1,0,22.0,22.0,120,0.0,100.0
2025-W39,voice,Bengaluru,Escalations & Warranty,2.0,Day,A3044,Kunal Malhotra,1,0,20.0,20.0,120,0.0,100.0
2025-W39,voice,Bengaluru,Escalations & Warranty,2.0,Morning,A3043,Rohit Jain,1,0,78.0,78.0,120,0.0,100.0
2025-W39,voice,Bengaluru,Logistics,1.0,Day,A3029,Rajat Iyer,1,0,32.0,32.0,120,0.0,100.0
2025-W39,voice,Bengaluru,Returns Desk,1.0,Morning,A3037,Rahul Sen,1,0,29.0,29.0,120,0.0,100.0
2025-W39,voice,Bengaluru,Voice Frontline,1.0,Day,A3023,Rahul Khanna,2,0,28.5,28.5,120,0.0,100.0
2025-W39,voice,Bengaluru,Voice Frontline,1.0,Day,A3026,Lakshmi Qureshi,4,0,34.5,28.5,120,0.0,100.0
2025-W39,voice,Bengaluru,Voice Frontline,1.0,Morning,A3024,Kunal Khanna,2,0,32.0,32.0,120,0.0,100.0
2025-W39,voice,Bengaluru,Voice Frontline,1.0,Morning,A3025,Lobsang Rao,2,0,31.0,31.0,120,0.0,100.0
2025-W39,voice,Indore,Billing,1.0,Morning,A3032,Aadhya Sheikh,1,0,21.0,21.0,120,0.0,100.0
2025-W39,voice,Indore,Escalations & Warranty,2.0,Day,A3041,Riya Fernandes,1,0,7.0,7.0,120,0.0,100.0
2025-W40,chat,Bengaluru,Billing,1.0,Day,A3034,Thomas Patel,7,0,3.142857142857143,3.0,15,0.0,100.0
2025-W40,chat,Bengaluru,Billing,1.0,Morning,A3033,Amit Kulkarni,5,5,291.8,420.0,15,100.0,0.0
2025-W40,chat,Bengaluru,Billing,1.0,Morning,A3035,Rohit Mukherjee,3,1,7.666666666666667,2.0,15,33.33333333333333,66.66666666666667
2025-W40,chat,Bengaluru,Chat Frontline,1.0,Day,A3004,Krishna Naidu,3,1,21.666666666666668,2.0,15,33.33333333333333,66.66666666666667
2025-W40,chat,Bengaluru,Chat Frontline,1.0,Day,A3006,Lakshmi Reddy,7,0,5.285714285714286,5.0,15,0.0,100.0
2025-W40,chat,Bengaluru,Chat Frontline,1.0,Day,A3015,Yash Agarwal,2,0,2.5,2.5,15,0.0,100.0
2025-W40,chat,Bengaluru,Chat Frontline,1.0,Morning,A3005,Sameer Joshi,2,1,197.0,197.0,15,50.0,50.0
2025-W40,chat,Bengaluru,Chat Frontline,1.0,Morning,A3009,Ramesh Patel,4,2,228.0,223.5,15,50.0,50.0
2025-W40,chat,Bengaluru,Chat Frontline,1.0,Morning,A3014,Diya Patil,5,3,158.0,23.0,15,60.0,40.0
2025-W40,chat,Bengaluru,Email Frontline,1.0,Day,A3021,Aditya Dhillon,1,0,7.0,7.0,15,0.0,100.0
2025-W40,chat,Bengaluru,Escalations & Warranty,2.0,Day,A3044,Kunal Malhotra,1,0,8.0,8.0,15,0.0,100.0
2025-W40,chat,Bengaluru,Escalations & Warranty,2.0,Morning,A3039,Riya Gaikwad,1,1,166.0,166.0,15,100.0,0.0
2025-W40,chat,Bengaluru,Escalations & Warranty,2.0,Morning,A3043,Rohit Jain,2,1,261.5,261.5,15,50.0,50.0
2025-W40,chat,Bengaluru,Logistics,1.0,Day,A3029,Rajat Iyer,1,0,1.0,1.0,15,0.0,100.0
2025-W40,chat,Bengaluru,Logistics,1.0,Morning,A3031,Om Malhotra,3,2,139.66666666666666,18.0,15,66.66666666666666,33.33333333333334
2025-W40,chat,Bengaluru,Returns Desk,1.0,Day,A3036,Rohit Shinde,2,1,270.0,270.0,15,50.0,50.0
2025-W40,chat,Bengaluru,Returns Desk,1.0,Day,A3038,Amit Yadav,1,0,5.0,5.0,15,0.0,100.0
2025-W40,chat,Bengaluru,Returns Desk,1.0,Morning,A3037,Rahul Sen,1,0,7.0,7.0,15,0.0,100.0
2025-W40,chat,Indore,Billing,1.0,Morning,A3032,Aadhya Sheikh,1,0,3.0,3.0,15,0.0,100.0
2025-W40,chat,Indore,Chat Frontline,1.0,Day,A3002,Tarun Mishra,3,0,5.0,5.0,15,0.0,100.0
2025-W40,chat,Indore,Chat Frontline,1.0,Day,A3003,Harpreet Deshpande,1,0,3.0,3.0,15,0.0,100.0
2025-W40,chat,Indore,Chat Frontline,1.0,Morning,A3008,Steven Kaur,2,0,6.0,6.0,15,0.0,100.0
2025-W40,chat,Indore,Chat Frontline,1.0,Morning,A3010,Neha Chatterjee,4,1,120.25,3.0,15,25.0,75.0
2025-W40,chat,Indore,Chat Frontline,1.0,Morning,A3011,Karan Roy,3,2,169.66666666666666,24.0,15,66.66666666666666,33.33333333333334
2025-W40,chat,Indore,Chat Frontline,1.0,Morning,A3013,Ritika Chatterjee,5,1,30.0,7.0,15,20.0,80.0
2025-W40,chat,Indore,Logistics,1.0,Morning,A3028,Krishna Kaur,3,0,7.0,5.0,15,0.0,100.0
2025-W40,email,Bengaluru,Billing,1.0,Day,A3034,Thomas Patel,1,0,219.0,219.0,480,0.0,100.0
2025-W40,email,Bengaluru,Billing,1.0,Morning,A3035,Rohit Mukherjee,2,0,292.5,292.5,480,0.0,100.0
2025-W40,email,Bengaluru,Email Frontline,1.0,Day,A3020,Ramesh Ghosh,4,1,323.5,312.5,480,25.0,75.0
2025-W40,email,Bengaluru,Email Frontline,1.0,Day,A3021,Aditya Dhillon,1,0,126.0,126.0,480,0.0,100.0
2025-W40,email,Bengaluru,Email Frontline,1.0,Day,A3022,Steven Tiwari,3,0,104.0,97.0,480,0.0,100.0
2025-W40,email,Bengaluru,Email Frontline,1.0,Morning,A3018,Farah Sheikh,6,1,329.6666666666667,327.0,480,16.666666666666664,83.33333333333334
2025-W40,email,Bengaluru,Email Frontline,1.0,Morning,A3019,Sai Sandhu,5,0,202.0,229.0,480,0.0,100.0
2025-W40,email,Bengaluru,Escalations & Warranty,2.0,Morning,A3039,Riya Gaikwad,5,0,174.6,145.0,480,0.0,100.0
2025-W40,email,Bengaluru,Escalations & Warranty,2.0,Morning,A3043,Rohit Jain,3,1,375.6666666666667,346.0,480,33.33333333333333,66.66666666666667
2025-W40,email,Bengaluru,Logistics,1.0,Day,A3029,Rajat Iyer,2,0,170.0,170.0,480,0.0,100.0
2025-W40,email,Bengaluru,Logistics,1.0,Morning,A3031,Om Malhotra,3,0,183.33333333333334,90.0,480,0.0,100.0
2025-W40,email,Bengaluru,Returns Desk,1.0,Day,A3038,Amit Yadav,2,0,156.5,156.5,480,0.0,100.0
2025-W40,email,Bengaluru,Returns Desk,1.0,Morning,A3037,Rahul Sen,5,1,353.2,260.0,480,20.0,80.0
2025-W40,email,Indore,Billing,1.0,Morning,A3032,Aadhya Sheikh,1,1,1207.0,1207.0,480,100.0,0.0
2025-W40,email,Indore,Logistics,1.0,Day,A3027,Dev Chatterjee,1,0,81.0,81.0,480,0.0,100.0
2025-W40,email,Indore,Logistics,1.0,Morning,A3028,Krishna Kaur,2,2,550.5,550.5,480,100.0,0.0
2025-W40,social,Bengaluru,Billing,1.0,Day,A3034,Thomas Patel,3,0,78.66666666666667,75.0,240,0.0,100.0
2025-W40,social,Bengaluru,Chat Frontline,1.0,Day,A3004,Krishna Naidu,1,0,44.0,44.0,240,0.0,100.0
2025-W40,social,Bengaluru,Chat Frontline,1.0,Morning,A3005,Sameer Joshi,1,1,274.0,274.0,240,100.0,0.0
2025-W40,social,Bengaluru,Chat Frontline,1.0,Morning,A3007,Neha Gaikwad,1,1,524.0,524.0,240,100.0,0.0
2025-W40,social,Bengaluru,Chat Frontline,1.0,Morning,A3009,Ramesh Patel,1,0,85.0,85.0,240,0.0,100.0
2025-W40,social,Bengaluru,Chat Frontline,1.0,Morning,A3014,Diya Patil,2,1,260.0,260.0,240,50.0,50.0
2025-W40,social,Bengaluru,Escalations & Warranty,2.0,Day,A3040,Thomas Arora,1,0,58.0,58.0,240,0.0,100.0
2025-W40,social,Bengaluru,Logistics,1.0,Day,A3029,Rajat Iyer,1,0,228.0,228.0,240,0.0,100.0
2025-W40,social,Bengaluru,Returns Desk,1.0,Morning,A3037,Rahul Sen,2,1,246.5,246.5,240,50.0,50.0
2025-W40,social,Indore,Chat Frontline,1.0,Day,A3002,Tarun Mishra,2,0,50.0,50.0,240,0.0,100.0
2025-W40,social,Indore,Chat Frontline,1.0,Day,A3003,Harpreet Deshpande,1,0,131.0,131.0,240,0.0,100.0
2025-W40,social,Indore,Chat Frontline,1.0,Morning,A3008,Steven Kaur,1,1,300.0,300.0,240,100.0,0.0
2025-W40,social,Indore,Chat Frontline,1.0,Morning,A3013,Ritika Chatterjee,2,1,208.0,208.0,240,50.0,50.0
2025-W40,social,Indore,Logistics,1.0,Day,A3027,Dev Chatterjee,1,0,75.0,75.0,240,0.0,100.0
2025-W40,voice,Bengaluru,Billing,1.0,Day,A3034,Thomas Patel,3,0,51.0,45.0,120,0.0,100.0
2025-W40,voice,Bengaluru,Logistics,1.0,Morning,A3031,Om Malhotra,1,0,16.0,16.0,120,0.0,100.0
2025-W40,voice,Bengaluru,Returns Desk,1.0,Day,A3036,Rohit Shinde,1,0,106.0,106.0,120,0.0,100.0
2025-W40,voice,Bengaluru,Returns Desk,1.0,Day,A3038,Amit Yadav,1,1,164.0,164.0,120,100.0,0.0
2025-W40,voice,Bengaluru,Returns Desk,1.0,Morning,A3037,Rahul Sen,3,2,121.0,121.0,120,66.66666666666666,33.33333333333334
2025-W40,voice,Bengaluru,Voice Frontline,1.0,Day,A3023,Rahul Khanna,2,0,6.5,6.5,120,0.0,100.0
2025-W40,voice,Bengaluru,Voice Frontline,1.0,Day,A3026,Lakshmi Qureshi,2,0,50.5,50.5,120,0.0,100.0
2025-W40,voice,Bengaluru,Voice Frontline,1.0,Morning,A3024,Kunal Khanna,3,0,34.666666666666664,31.0,120,0.0,100.0
2025-W40,voice,Bengaluru,Voice Frontline,1.0,Morning,A3025,Lobsang Rao,4,0,42.75,36.0,120,0.0,100.0
2025-W40,voice,Indore,Logistics,1.0,Morning,A3028,Krishna Kaur,2,0,75.0,75.0,120,0.0,100.0
2025-W41,chat,Bengaluru,Billing,1.0,Day,A3034,Thomas Patel,9,0,5.222222222222222,4.0,15,0.0,100.0
2025-W41,chat,Bengaluru,Billing,1.0,Morning,A3033,Amit Kulkarni,4,0,5.0,3.0,15,0.0,100.0
2025-W41,chat,Bengaluru,Billing,1.0,Morning,A3035,Rohit Mukherjee,3,1,160.66666666666666,7.0,15,33.33333333333333,66.66666666666667
2025-W41,chat,Bengaluru,Chat Frontline,1.0,Day,A3004,Krishna Naidu,1,0,1.0,1.0,15,0.0,100.0
2025-W41,chat,Bengaluru,Chat Frontline,1.0,Day,A3006,Lakshmi Reddy,2,1,11.5,11.5,15,50.0,50.0
2025-W41,chat,Bengaluru,Chat Frontline,1.0,Morning,A3005,Sameer Joshi,4,1,82.0,7.5,15,25.0,75.0
2025-W41,chat,Bengaluru,Chat Frontline,1.0,Morning,A3007,Neha Gaikwad,3,0,4.333333333333333,3.0,15,0.0,100.0
2025-W41,chat,Bengaluru,Chat Frontline,1.0,Morning,A3009,Ramesh Patel,5,4,299.0,338.0,15,80.0,20.0
2025-W41,chat,Bengaluru,Chat Frontline,1.0,Morning,A3014,Diya Patil,3,1,129.66666666666666,13.0,15,33.33333333333333,66.66666666666667
2025-W41,chat,Bengaluru,Escalations & Warranty,2.0,Morning,A3039,Riya Gaikwad,2,2,485.0,485.0,15,100.0,0.0
2025-W41,chat,Bengaluru,Escalations & Warranty,2.0,Morning,A3043,Rohit Jain,1,1,23.0,23.0,15,100.0,0.0
2025-W41,chat,Bengaluru,Logistics,1.0,Day,A3029,Rajat Iyer,2,1,238.0,238.0,15,50.0,50.0
2025-W41,chat,Bengaluru,Logistics,1.0,Day,A3030,Sunita Srivastava,1,0,2.0,2.0,15,0.0,100.0
2025-W41,chat,Bengaluru,Logistics,1.0,Morning,A3031,Om Malhotra,3,1,146.33333333333334,2.0,15,33.33333333333333,66.66666666666667
2025-W41,chat,Bengaluru,Returns Desk,1.0,Day,A3036,Rohit Shinde,2,0,5.5,5.5,15,0.0,100.0
2025-W41,chat,Bengaluru,Returns Desk,1.0,Day,A3038,Amit Yadav,3,0,2.3333333333333335,2.0,15,0.0,100.0
2025-W41,chat,Bengaluru,Returns Desk,1.0,Morning,A3037,Rahul Sen,1,0,7.0,7.0,15,0.0,100.0
2025-W41,chat,Indore,Billing,1.0,Morning,A3032,Aadhya Sheikh,6,3,154.83333333333334,12.5,15,50.0,50.0
2025-W41,chat,Indore,Chat Frontline,1.0,Day,A3002,Tarun Mishra,2,1,15.5,15.5,15,50.0,50.0
2025-W41,chat,Indore,Chat Frontline,1.0,Day,A3003,Harpreet Deshpande,3,1,8.666666666666666,9.0,15,33.33333333333333,66.66666666666667
2025-W41,chat,Indore,Chat Frontline,1.0,Morning,A3008,Steven Kaur,1,0,4.0,4.0,15,0.0,100.0
2025-W41,chat,Indore,Chat Frontline,1.0,Morning,A3010,Neha Chatterjee,1,0,2.0,2.0,15,0.0,100.0
2025-W41,chat,Indore,Chat Frontline,1.0,Morning,A3011,Karan Roy,1,0,5.0,5.0,15,0.0,100.0
2025-W41,chat,Indore,Chat Frontline,1.0,Morning,A3013,Ritika Chatterjee,3,3,128.33333333333334,16.0,15,100.0,0.0
2025-W41,chat,Indore,Logistics,1.0,Day,A3027,Dev Chatterjee,2,0,2.5,2.5,15,0.0,100.0
2025-W41,chat,Indore,Logistics,1.0,Morning,A3028,Krishna Kaur,5,3,238.6,343.0,15,60.0,40.0
2025-W41,email,Bengaluru,Billing,1.0,Day,A3034,Thomas Patel,2,1,285.5,285.5,480,50.0,50.0
2025-W41,email,Bengaluru,Billing,1.0,Morning,A3033,Amit Kulkarni,4,0,158.0,162.0,480,0.0,100.0
2025-W41,email,Bengaluru,Billing,1.0,Morning,A3035,Rohit Mukherjee,2,1,1405.0,1405.0,480,50.0,50.0
2025-W41,email,Bengaluru,Chat Frontline,1.0,Day,A3015,Yash Agarwal,1,0,315.0,315.0,480,0.0,100.0
2025-W41,email,Bengaluru,Email Frontline,1.0,Day,A3020,Ramesh Ghosh,6,1,199.0,97.0,480,16.666666666666664,83.33333333333334
2025-W41,email,Bengaluru,Email Frontline,1.0,Day,A3021,Aditya Dhillon,3,0,200.66666666666666,102.0,480,0.0,100.0
2025-W41,email,Bengaluru,Email Frontline,1.0,Day,A3022,Steven Tiwari,4,0,119.0,112.5,480,0.0,100.0
2025-W41,email,Bengaluru,Email Frontline,1.0,Morning,A3018,Farah Sheikh,11,1,193.45454545454547,140.0,480,9.090909090909092,90.9090909090909
2025-W41,email,Bengaluru,Email Frontline,1.0,Morning,A3019,Sai Sandhu,8,1,259.625,212.0,480,12.5,87.5
2025-W41,email,Bengaluru,Escalations & Warranty,2.0,Day,A3040,Thomas Arora,1,1,482.0,482.0,480,100.0,0.0
2025-W41,email,Bengaluru,Escalations & Warranty,2.0,Day,A3044,Kunal Malhotra,1,0,13.0,13.0,480,0.0,100.0
2025-W41,email,Bengaluru,Escalations & Warranty,2.0,Morning,A3039,Riya Gaikwad,2,0,153.0,153.0,480,0.0,100.0
2025-W41,email,Bengaluru,Escalations & Warranty,2.0,Morning,A3043,Rohit Jain,3,0,237.66666666666666,259.0,480,0.0,100.0
2025-W41,email,Bengaluru,Logistics,1.0,Day,A3029,Rajat Iyer,5,1,254.4,185.0,480,20.0,80.0
2025-W41,email,Bengaluru,Logistics,1.0,Day,A3030,Sunita Srivastava,1,0,128.0,128.0,480,0.0,100.0
2025-W41,email,Bengaluru,Logistics,1.0,Morning,A3031,Om Malhotra,5,1,311.2,201.0,480,20.0,80.0
2025-W41,email,Bengaluru,Returns Desk,1.0,Day,A3038,Amit Yadav,3,0,65.0,48.0,480,0.0,100.0
2025-W41,email,Bengaluru,Returns Desk,1.0,Morning,A3037,Rahul Sen,2,1,618.5,618.5,480,50.0,50.0
2025-W41,email,Indore,Billing,1.0,Morning,A3032,Aadhya Sheikh,1,1,920.0,920.0,480,100.0,0.0
2025-W41,email,Indore,Logistics,1.0,Day,A3027,Dev Chatterjee,2,0,135.0,135.0,480,0.0,100.0
2025-W41,email,Indore,Logistics,1.0,Morning,A3028,Krishna Kaur,3,0,256.3333333333333,285.0,480,0.0,100.0
2025-W41,social,Bengaluru,Billing,1.0,Day,A3034,Thomas Patel,1,0,25.0,25.0,240,0.0,100.0
2025-W41,social,Bengaluru,Billing,1.0,Morning,A3033,Amit Kulkarni,2,1,220.0,220.0,240,50.0,50.0
2025-W41,social,Bengaluru,Chat Frontline,1.0,Morning,A3005,Sameer Joshi,1,0,13.0,13.0,240,0.0,100.0
2025-W41,social,Bengaluru,Chat Frontline,1.0,Morning,A3009,Ramesh Patel,1,0,101.0,101.0,240,0.0,100.0
2025-W41,social,Bengaluru,Escalations & Warranty,2.0,Day,A3042,Steven Chopra,1,0,24.0,24.0,240,0.0,100.0
2025-W41,social,Bengaluru,Logistics,1.0,Day,A3029,Rajat Iyer,1,0,34.0,34.0,240,0.0,100.0
2025-W41,social,Bengaluru,Logistics,1.0,Morning,A3031,Om Malhotra,1,0,18.0,18.0,240,0.0,100.0
2025-W41,social,Bengaluru,Returns Desk,1.0,Day,A3036,Rohit Shinde,1,1,261.0,261.0,240,100.0,0.0
2025-W41,social,Bengaluru,Returns Desk,1.0,Day,A3038,Amit Yadav,2,0,19.0,19.0,240,0.0,100.0
2025-W41,social,Bengaluru,Returns Desk,1.0,Morning,A3037,Rahul Sen,1,0,108.0,108.0,240,0.0,100.0
2025-W41,social,Indore,Billing,1.0,Morning,A3032,Aadhya Sheikh,1,0,119.0,119.0,240,0.0,100.0
2025-W41,social,Indore,Chat Frontline,1.0,Day,A3003,Harpreet Deshpande,1,0,200.0,200.0,240,0.0,100.0
2025-W41,social,Indore,Chat Frontline,1.0,Morning,A3013,Ritika Chatterjee,1,0,173.0,173.0,240,0.0,100.0
2025-W41,social,Indore,Logistics,1.0,Day,A3027,Dev Chatterjee,1,0,30.0,30.0,240,0.0,100.0
2025-W41,social,Indore,Logistics,1.0,Morning,A3028,Krishna Kaur,2,1,176.0,176.0,240,50.0,50.0
2025-W41,voice,Bengaluru,Billing,1.0,Day,A3034,Thomas Patel,4,0,37.25,21.5,120,0.0,100.0
2025-W41,voice,Bengaluru,Logistics,1.0,Day,A3030,Sunita Srivastava,1,0,65.0,65.0,120,0.0,100.0
2025-W41,voice,Bengaluru,Returns Desk,1.0,Morning,A3037,Rahul Sen,1,0,102.0,102.0,120,0.0,100.0
2025-W41,voice,Bengaluru,Voice Frontline,1.0,Day,A3023,Rahul Khanna,4,2,127.0,136.0,120,50.0,50.0
2025-W41,voice,Bengaluru,Voice Frontline,1.0,Day,A3026,Lakshmi Qureshi,7,0,33.0,16.0,120,0.0,100.0
2025-W41,voice,Bengaluru,Voice Frontline,1.0,Morning,A3024,Kunal Khanna,1,0,6.0,6.0,120,0.0,100.0
2025-W41,voice,Bengaluru,Voice Frontline,1.0,Morning,A3025,Lobsang Rao,2,1,120.0,120.0,120,50.0,50.0
2025-W41,voice,Indore,Billing,1.0,Morning,A3032,Aadhya Sheikh,1,0,29.0,29.0,120,0.0,100.0
2025-W41,voice,Indore,Logistics,1.0,Day,A3027,Dev Chatterjee,1,0,26.0,26.0,120,0.0,100.0
2025-W41,voice,Indore,Logistics,1.0,Morning,A3028,Krishna Kaur,2,0,39.0,39.0,120,0.0,100.0
2025-W42,chat,Bengaluru,Billing,1.0,Day,A3034,Thomas Patel,5,0,5.0,3.0,15,0.0,100.0
2025-W42,chat,Bengaluru,Billing,1.0,Morning,A3033,Amit Kulkarni,1,0,3.0,3.0,15,0.0,100.0
2025-W42,chat,Bengaluru,Billing,1.0,Morning,A3035,Rohit Mukherjee,8,3,109.75,12.0,15,37.5,62.5
2025-W42,chat,Bengaluru,Chat Frontline,1.0,Day,A3004,Krishna Naidu,2,0,1.0,1.0,15,0.0,100.0
2025-W42,chat,Bengaluru,Chat Frontline,1.0,Day,A3006,Lakshmi Reddy,1,0,2.0,2.0,15,0.0,100.0
2025-W42,chat,Bengaluru,Chat Frontline,1.0,Day,A3012,Lakshmi Sethi,5,0,4.6,5.0,15,0.0,100.0
2025-W42,chat,Bengaluru,Chat Frontline,1.0,Day,A3015,Yash Agarwal,1,0,12.0,12.0,15,0.0,100.0
2025-W42,chat,Bengaluru,Chat Frontline,1.0,Morning,A3005,Sameer Joshi,4,1,54.25,8.0,15,25.0,75.0
2025-W42,chat,Bengaluru,Chat Frontline,1.0,Morning,A3007,Neha Gaikwad,6,0,5.666666666666667,5.5,15,0.0,100.0
2025-W42,chat,Bengaluru,Chat Frontline,1.0,Morning,A3009,Ramesh Patel,3,1,40.0,2.0,15,33.33333333333333,66.66666666666667
2025-W42,chat,Bengaluru,Chat Frontline,1.0,Morning,A3014,Diya Patil,4,2,236.75,233.5,15,50.0,50.0
2025-W42,chat,Bengaluru,Email Frontline,1.0,Day,A3021,Aditya Dhillon,1,0,4.0,4.0,15,0.0,100.0
2025-W42,chat,Bengaluru,Email Frontline,1.0,Day,A3022,Steven Tiwari,1,0,2.0,2.0,15,0.0,100.0
2025-W42,chat,Bengaluru,Escalations & Warranty,2.0,Day,A3044,Kunal Malhotra,2,0,5.0,5.0,15,0.0,100.0
2025-W42,chat,Bengaluru,Escalations & Warranty,2.0,Morning,A3039,Riya Gaikwad,2,1,63.0,63.0,15,50.0,50.0
2025-W42,chat,Bengaluru,Escalations & Warranty,2.0,Morning,A3043,Rohit Jain,2,1,221.0,221.0,15,50.0,50.0
2025-W42,chat,Bengaluru,Logistics,1.0,Day,A3029,Rajat Iyer,2,0,4.5,4.5,15,0.0,100.0
2025-W42,chat,Bengaluru,Logistics,1.0,Day,A3030,Sunita Srivastava,3,1,155.33333333333334,5.0,15,33.33333333333333,66.66666666666667
2025-W42,chat,Bengaluru,Logistics,1.0,Morning,A3031,Om Malhotra,2,1,243.5,243.5,15,50.0,50.0
2025-W42,chat,Bengaluru,Returns Desk,1.0,Day,A3036,Rohit Shinde,1,1,30.0,30.0,15,100.0,0.0
2025-W42,chat,Bengaluru,Returns Desk,1.0,Day,A3038,Amit Yadav,1,0,3.0,3.0,15,0.0,100.0
2025-W42,chat,Bengaluru,Returns Desk,1.0,Morning,A3037,Rahul Sen,5,3,301.8,455.0,15,60.0,40.0
2025-W42,chat,Indore,Billing,1.0,Morning,A3032,Aadhya Sheikh,6,2,8.833333333333334,5.5,15,33.33333333333333,66.66666666666667
2025-W42,chat,Indore,Chat Frontline,1.0,Day,A3002,Tarun Mishra,1,0,4.0,4.0,15,0.0,100.0
2025-W42,chat,Indore,Chat Frontline,1.0,Day,A3003,Harpreet Deshpande,4,0,3.25,2.0,15,0.0,100.0
2025-W42,chat,Indore,Chat Frontline,1.0,Morning,A3008,Steven Kaur,2,2,277.0,277.0,15,100.0,0.0
2025-W42,chat,Indore,Chat Frontline,1.0,Morning,A3010,Neha Chatterjee,2,1,12.0,12.0,15,50.0,50.0
2025-W42,chat,Indore,Chat Frontline,1.0,Morning,A3011,Karan Roy,2,1,162.0,162.0,15,50.0,50.0
2025-W42,chat,Indore,Chat Frontline,1.0,Morning,A3013,Ritika Chatterjee,4,0,3.5,3.5,15,0.0,100.0
2025-W42,chat,Indore,Escalations & Warranty,2.0,Day,A3041,Riya Fernandes,1,0,13.0,13.0,15,0.0,100.0
2025-W42,chat,Indore,Logistics,1.0,Day,A3027,Dev Chatterjee,5,2,109.4,10.0,15,40.0,60.0
2025-W42,chat,Indore,Logistics,1.0,Morning,A3028,Krishna Kaur,6,0,5.666666666666667,5.5,15,0.0,100.0
2025-W42,email,Bengaluru,Billing,1.0,Day,A3034,Thomas Patel,2,0,56.5,56.5,480,0.0,100.0
2025-W42,email,Bengaluru,Billing,1.0,Morning,A3033,Amit Kulkarni,3,1,510.0,144.0,480,33.33333333333333,66.66666666666667
2025-W42,email,Bengaluru,Billing,1.0,Morning,A3035,Rohit Mukherjee,2,1,336.0,336.0,480,50.0,50.0
2025-W42,email,Bengaluru,Chat Frontline,1.0,Day,A3012,Lakshmi Sethi,1,1,663.0,663.0,480,100.0,0.0
2025-W42,email,Bengaluru,Email Frontline,1.0,Day,A3020,Ramesh Ghosh,4,0,211.25,206.5,480,0.0,100.0
2025-W42,email,Bengaluru,Email Frontline,1.0,Day,A3021,Aditya Dhillon,4,1,219.5,97.0,480,25.0,75.0
2025-W42,email,Bengaluru,Email Frontline,1.0,Day,A3022,Steven Tiwari,5,0,142.6,129.0,480,0.0,100.0
2025-W42,email,Bengaluru,Email Frontline,1.0,Morning,A3018,Farah Sheikh,13,5,348.38461538461536,285.0,480,38.46153846153847,61.53846153846153
2025-W42,email,Bengaluru,Email Frontline,1.0,Morning,A3019,Sai Sandhu,6,1,293.3333333333333,254.0,480,16.666666666666664,83.33333333333334
2025-W42,email,Bengaluru,Escalations & Warranty,2.0,Morning,A3043,Rohit Jain,3,1,421.6666666666667,337.0,480,33.33333333333333,66.66666666666667
2025-W42,email,Bengaluru,Logistics,1.0,Day,A3030,Sunita Srivastava,3,0,143.33333333333334,117.0,480,0.0,100.0
2025-W42,email,Bengaluru,Logistics,1.0,Morning,A3031,Om Malhotra,5,2,373.0,242.0,480,40.0,60.0
2025-W42,email,Bengaluru,Returns Desk,1.0,Day,A3036,Rohit Shinde,1,0,191.0,191.0,480,0.0,100.0
2025-W42,email,Bengaluru,Returns Desk,1.0,Day,A3038,Amit Yadav,1,0,315.0,315.0,480,0.0,100.0
2025-W42,email,Bengaluru,Returns Desk,1.0,Morning,A3037,Rahul Sen,5,0,177.0,145.0,480,0.0,100.0
2025-W42,email,Indore,Billing,1.0,Morning,A3032,Aadhya Sheikh,1,1,640.0,640.0,480,100.0,0.0
2025-W42,email,Indore,Logistics,1.0,Day,A3027,Dev Chatterjee,4,0,238.0,206.5,480,0.0,100.0
2025-W42,email,Indore,Logistics,1.0,Morning,A3028,Krishna Kaur,5,3,472.4,575.0,480,60.0,40.0
2025-W42,social,Bengaluru,Billing,1.0,Day,A3034,Thomas Patel,1,0,23.0,23.0,240,0.0,100.0
2025-W42,social,Bengaluru,Billing,1.0,Morning,A3033,Amit Kulkarni,1,0,31.0,31.0,240,0.0,100.0
2025-W42,social,Bengaluru,Chat Frontline,1.0,Day,A3006,Lakshmi Reddy,1,0,103.0,103.0,240,0.0,100.0
2025-W42,social,Bengaluru,Chat Frontline,1.0,Day,A3015,Yash Agarwal,2,0,102.5,102.5,240,0.0,100.0
2025-W42,social,Bengaluru,Chat Frontline,1.0,Morning,A3005,Sameer Joshi,1,0,103.0,103.0,240,0.0,100.0
2025-W42,social,Bengaluru,Chat Frontline,1.0,Morning,A3007,Neha Gaikwad,3,1,200.33333333333334,216.0,240,33.33333333333333,66.66666666666667
2025-W42,social,Bengaluru,Logistics,1.0,Day,A3029,Rajat Iyer,1,0,29.0,29.0,240,0.0,100.0
2025-W42,social,Bengaluru,Returns Desk,1.0,Morning,A3037,Rahul Sen,2,0,75.5,75.5,240,0.0,100.0
2025-W42,social,Indore,Chat Frontline,1.0,Day,A3002,Tarun Mishra,1,0,70.0,70.0,240,0.0,100.0
2025-W42,social,Indore,Chat Frontline,1.0,Day,A3003,Harpreet Deshpande,1,0,209.0,209.0,240,0.0,100.0
2025-W42,social,Indore,Chat Frontline,1.0,Morning,A3010,Neha Chatterjee,4,2,311.75,320.0,240,50.0,50.0
2025-W42,social,Indore,Chat Frontline,1.0,Morning,A3011,Karan Roy,1,1,417.0,417.0,240,100.0,0.0
2025-W42,social,Indore,Chat Frontline,1.0,Morning,A3013,Ritika Chatterjee,1,1,482.0,482.0,240,100.0,0.0
2025-W42,social,Indore,Logistics,1.0,Day,A3027,Dev Chatterjee,1,0,156.0,156.0,240,0.0,100.0
2025-W42,voice,Bengaluru,Billing,1.0,Day,A3034,Thomas Patel,6,0,27.833333333333332,19.0,120,0.0,100.0
2025-W42,voice,Bengaluru,Billing,1.0,Morning,A3035,Rohit Mukherjee,1,0,89.0,89.0,120,0.0,100.0
2025-W42,voice,Bengaluru,Chat Frontline,1.0,Day,A3012,Lakshmi Sethi,1,0,16.0,16.0,120,0.0,100.0
2025-W42,voice,Bengaluru,Email Frontline,1.0,Morning,A3018,Farah Sheikh,1,0,47.0,47.0,120,0.0,100.0
2025-W42,voice,Bengaluru,Logistics,1.0,Day,A3029,Rajat Iyer,3,0,55.666666666666664,54.0,120,0.0,100.0
2025-W42,voice,Bengaluru,Returns Desk,1.0,Day,A3038,Amit Yadav,2,0,50.0,50.0,120,0.0,100.0
2025-W42,voice,Bengaluru,Returns Desk,1.0,Morning,A3037,Rahul Sen,1,0,35.0,35.0,120,0.0,100.0
2025-W42,voice,Bengaluru,Voice Frontline,1.0,Day,A3023,Rahul Khanna,6,0,28.0,24.0,120,0.0,100.0
2025-W42,voice,Bengaluru,Voice Frontline,1.0,Day,A3026,Lakshmi Qureshi,4,0,36.0,44.0,120,0.0,100.0
2025-W42,voice,Bengaluru,Voice Frontline,1.0,Morning,A3024,Kunal Khanna,2,0,42.0,42.0,120,0.0,100.0
2025-W42,voice,Bengaluru,Voice Frontline,1.0,Morning,A3025,Lobsang Rao,1,0,17.0,17.0,120,0.0,100.0
2025-W42,voice,Indore,Logistics,1.0,Day,A3027,Dev Chatterjee,1,0,117.0,117.0,120,0.0,100.0
2025-W43,chat,Bengaluru,Billing,1.0,Day,A3034,Thomas Patel,4,1,8.75,7.5,15,25.0,75.0
2025-W43,chat,Bengaluru,Billing,1.0,Morning,A3033,Amit Kulkarni,1,1,500.0,500.0,15,100.0,0.0
2025-W43,chat,Bengaluru,Billing,1.0,Morning,A3035,Rohit Mukherjee,2,1,252.0,252.0,15,50.0,50.0
2025-W43,chat,Bengaluru,Chat Frontline,1.0,Day,A3004,Krishna Naidu,1,0,2.0,2.0,15,0.0,100.0
2025-W43,chat,Bengaluru,Chat Frontline,1.0,Day,A3006,Lakshmi Reddy,1,0,0.0,0.0,15,0.0,100.0
2025-W43,chat,Bengaluru,Chat Frontline,1.0,Day,A3012,Lakshmi Sethi,3,0,5.0,5.0,15,0.0,100.0
2025-W43,chat,Bengaluru,Chat Frontline,1.0,Day,A3015,Yash Agarwal,3,1,7.333333333333333,3.0,15,33.33333333333333,66.66666666666667
2025-W43,chat,Bengaluru,Chat Frontline,1.0,Morning,A3005,Sameer Joshi,1,1,440.0,440.0,15,100.0,0.0
2025-W43,chat,Bengaluru,Chat Frontline,1.0,Morning,A3007,Neha Gaikwad,5,2,60.0,10.0,15,40.0,60.0
2025-W43,chat,Bengaluru,Chat Frontline,1.0,Morning,A3009,Ramesh Patel,3,1,176.66666666666666,9.0,15,33.33333333333333,66.66666666666667
2025-W43,chat,Bengaluru,Chat Frontline,1.0,Morning,A3014,Diya Patil,1,1,484.0,484.0,15,100.0,0.0
2025-W43,chat,Bengaluru,Email Frontline,1.0,Day,A3022,Steven Tiwari,1,0,4.0,4.0,15,0.0,100.0
2025-W43,chat,Bengaluru,Escalations & Warranty,2.0,Day,A3040,Thomas Arora,1,0,5.0,5.0,15,0.0,100.0
2025-W43,chat,Bengaluru,Escalations & Warranty,2.0,Day,A3044,Kunal Malhotra,2,0,5.5,5.5,15,0.0,100.0
2025-W43,chat,Bengaluru,Escalations & Warranty,2.0,Morning,A3043,Rohit Jain,1,1,400.0,400.0,15,100.0,0.0
2025-W43,chat,Bengaluru,Logistics,1.0,Day,A3030,Sunita Srivastava,2,1,12.5,12.5,15,50.0,50.0
2025-W43,chat,Bengaluru,Logistics,1.0,Morning,A3031,Om Malhotra,6,3,124.83333333333333,13.0,15,50.0,50.0
2025-W43,chat,Bengaluru,Returns Desk,1.0,Day,A3036,Rohit Shinde,2,0,7.5,7.5,15,0.0,100.0
2025-W43,chat,Bengaluru,Returns Desk,1.0,Morning,A3037,Rahul Sen,7,4,201.42857142857142,223.0,15,57.14285714285714,42.85714285714286
2025-W43,chat,Indore,Billing,1.0,Morning,A3032,Aadhya Sheikh,3,3,330.0,466.0,15,100.0,0.0
2025-W43,chat,Indore,Chat Frontline,1.0,Day,A3002,Tarun Mishra,3,0,9.0,11.0,15,0.0,100.0
2025-W43,chat,Indore,Chat Frontline,1.0,Day,A3003,Harpreet Deshpande,1,0,1.0,1.0,15,0.0,100.0
2025-W43,chat,Indore,Chat Frontline,1.0,Morning,A3008,Steven Kaur,3,1,11.333333333333334,9.0,15,33.33333333333333,66.66666666666667
2025-W43,chat,Indore,Chat Frontline,1.0,Morning,A3010,Neha Chatterjee,5,5,388.2,424.0,15,100.0,0.0
2025-W43,chat,Indore,Chat Frontline,1.0,Morning,A3011,Karan Roy,4,4,461.5,469.0,15,100.0,0.0
2025-W43,chat,Indore,Chat Frontline,1.0,Morning,A3013,Ritika Chatterjee,5,5,144.2,38.0,15,100.0,0.0
2025-W43,chat,Indore,Logistics,1.0,Day,A3027,Dev Chatterjee,2,1,26.0,26.0,15,50.0,50.0
2025-W43,chat,Indore,Logistics,1.0,Morning,A3028,Krishna Kaur,8,3,119.625,5.5,15,37.5,62.5
2025-W43,email,Bengaluru,Billing,1.0,Day,A3034,Thomas Patel,3,0,127.66666666666667,137.0,480,0.0,100.0
2025-W43,email,Bengaluru,Billing,1.0,Morning,A3033,Amit Kulkarni,2,0,237.0,237.0,480,0.0,100.0
2025-W43,email,Bengaluru,Billing,1.0,Morning,A3035,Rohit Mukherjee,2,1,419.5,419.5,480,50.0,50.0
2025-W43,email,Bengaluru,Chat Frontline,1.0,Morning,A3014,Diya Patil,1,0,303.0,303.0,480,0.0,100.0
2025-W43,email,Bengaluru,Email Frontline,1.0,Day,A3020,Ramesh Ghosh,3,1,584.0,343.0,480,33.33333333333333,66.66666666666667
2025-W43,email,Bengaluru,Email Frontline,1.0,Day,A3021,Aditya Dhillon,5,0,231.0,256.0,480,0.0,100.0
2025-W43,email,Bengaluru,Email Frontline,1.0,Day,A3022,Steven Tiwari,5,1,213.2,119.0,480,20.0,80.0
2025-W43,email,Bengaluru,Email Frontline,1.0,Morning,A3018,Farah Sheikh,14,3,335.7857142857143,375.5,480,21.428571428571427,78.57142857142857
2025-W43,email,Bengaluru,Email Frontline,1.0,Morning,A3019,Sai Sandhu,13,5,428.53846153846155,303.0,480,38.46153846153847,61.53846153846153
2025-W43,email,Bengaluru,Escalations & Warranty,2.0,Day,A3040,Thomas Arora,1,1,579.0,579.0,480,100.0,0.0
2025-W43,email,Bengaluru,Escalations & Warranty,2.0,Morning,A3039,Riya Gaikwad,1,0,116.0,116.0,480,0.0,100.0
2025-W43,email,Bengaluru,Escalations & Warranty,2.0,Morning,A3043,Rohit Jain,1,0,155.0,155.0,480,0.0,100.0
2025-W43,email,Bengaluru,Logistics,1.0,Day,A3029,Rajat Iyer,3,1,1222.3333333333333,263.0,480,33.33333333333333,66.66666666666667
2025-W43,email,Bengaluru,Logistics,1.0,Day,A3030,Sunita Srivastava,2,1,383.5,383.5,480,50.0,50.0
2025-W43,email,Bengaluru,Logistics,1.0,Morning,A3031,Om Malhotra,4,1,273.25,124.0,480,25.0,75.0
2025-W43,email,Bengaluru,Returns Desk,1.0,Day,A3036,Rohit Shinde,1,0,144.0,144.0,480,0.0,100.0
2025-W43,email,Bengaluru,Returns Desk,1.0,Morning,A3037,Rahul Sen,2,0,237.5,237.5,480,0.0,100.0
2025-W43,email,Indore,Billing,1.0,Morning,A3032,Aadhya Sheikh,1,1,508.0,508.0,480,100.0,0.0
2025-W43,email,Indore,Chat Frontline,1.0,Morning,A3011,Karan Roy,1,0,26.0,26.0,480,0.0,100.0
2025-W43,email,Indore,Logistics,1.0,Day,A3027,Dev Chatterjee,3,0,248.33333333333334,213.0,480,0.0,100.0
2025-W43,email,Indore,Logistics,1.0,Morning,A3028,Krishna Kaur,6,0,225.66666666666666,237.5,480,0.0,100.0
2025-W43,social,Bengaluru,Billing,1.0,Day,A3034,Thomas Patel,2,0,47.5,47.5,240,0.0,100.0
2025-W43,social,Bengaluru,Billing,1.0,Morning,A3033,Amit Kulkarni,1,1,514.0,514.0,240,100.0,0.0
2025-W43,social,Bengaluru,Billing,1.0,Morning,A3035,Rohit Mukherjee,1,0,139.0,139.0,240,0.0,100.0
2025-W43,social,Bengaluru,Chat Frontline,1.0,Day,A3006,Lakshmi Reddy,2,0,38.0,38.0,240,0.0,100.0
2025-W43,social,Bengaluru,Chat Frontline,1.0,Day,A3012,Lakshmi Sethi,1,0,71.0,71.0,240,0.0,100.0
2025-W43,social,Bengaluru,Chat Frontline,1.0,Day,A3015,Yash Agarwal,1,0,9.0,9.0,240,0.0,100.0
2025-W43,social,Bengaluru,Chat Frontline,1.0,Morning,A3005,Sameer Joshi,1,0,11.0,11.0,240,0.0,100.0
2025-W43,social,Bengaluru,Chat Frontline,1.0,Morning,A3009,Ramesh Patel,1,0,146.0,146.0,240,0.0,100.0
2025-W43,social,Bengaluru,Email Frontline,1.0,Morning,A3019,Sai Sandhu,1,1,446.0,446.0,240,100.0,0.0
2025-W43,social,Bengaluru,Logistics,1.0,Day,A3030,Sunita Srivastava,1,0,49.0,49.0,240,0.0,100.0
2025-W43,social,Bengaluru,Returns Desk,1.0,Morning,A3037,Rahul Sen,4,2,231.75,213.0,240,50.0,50.0
2025-W43,social,Indore,Chat Frontline,1.0,Day,A3003,Harpreet Deshpande,2,0,62.0,62.0,240,0.0,100.0
2025-W43,social,Indore,Chat Frontline,1.0,Morning,A3008,Steven Kaur,1,0,76.0,76.0,240,0.0,100.0
2025-W43,social,Indore,Chat Frontline,1.0,Morning,A3010,Neha Chatterjee,1,0,7.0,7.0,240,0.0,100.0
2025-W43,social,Indore,Chat Frontline,1.0,Morning,A3013,Ritika Chatterjee,2,2,377.0,377.0,240,100.0,0.0
2025-W43,social,Indore,Logistics,1.0,Day,A3027,Dev Chatterjee,2,0,102.0,102.0,240,0.0,100.0
2025-W43,social,Indore,Logistics,1.0,Morning,A3028,Krishna Kaur,3,0,74.66666666666667,64.0,240,0.0,100.0
2025-W43,voice,Bengaluru,Billing,1.0,Day,A3034,Thomas Patel,3,0,59.666666666666664,66.0,120,0.0,100.0
2025-W43,voice,Bengaluru,Escalations & Warranty,2.0,Day,A3044,Kunal Malhotra,1,0,86.0,86.0,120,0.0,100.0
2025-W43,voice,Bengaluru,Escalations & Warranty,2.0,Morning,A3039,Riya Gaikwad,1,0,61.0,61.0,120,0.0,100.0
2025-W43,voice,Bengaluru,Logistics,1.0,Day,A3029,Rajat Iyer,2,0,41.5,41.5,120,0.0,100.0
2025-W43,voice,Bengaluru,Logistics,1.0,Morning,A3031,Om Malhotra,1,0,36.0,36.0,120,0.0,100.0
2025-W43,voice,Bengaluru,Returns Desk,1.0,Day,A3036,Rohit Shinde,1,0,17.0,17.0,120,0.0,100.0
2025-W43,voice,Bengaluru,Returns Desk,1.0,Day,A3038,Amit Yadav,1,0,35.0,35.0,120,0.0,100.0
2025-W43,voice,Bengaluru,Returns Desk,1.0,Morning,A3037,Rahul Sen,2,0,29.0,29.0,120,0.0,100.0
2025-W43,voice,Bengaluru,Voice Frontline,1.0,Day,A3023,Rahul Khanna,2,0,32.0,32.0,120,0.0,100.0
2025-W43,voice,Bengaluru,Voice Frontline,1.0,Day,A3026,Lakshmi Qureshi,1,0,57.0,57.0,120,0.0,100.0
2025-W43,voice,Bengaluru,Voice Frontline,1.0,Morning,A3024,Kunal Khanna,4,0,40.0,43.0,120,0.0,100.0
2025-W43,voice,Bengaluru,Voice Frontline,1.0,Morning,A3025,Lobsang Rao,7,0,30.285714285714285,30.0,120,0.0,100.0
2025-W43,voice,Indore,Logistics,1.0,Day,A3027,Dev Chatterjee,1,0,51.0,51.0,120,0.0,100.0
2025-W43,voice,Indore,Logistics,1.0,Morning,A3028,Krishna Kaur,2,0,69.0,69.0,120,0.0,100.0
2025-W44,chat,Bengaluru,Billing,1.0,Day,A3034,Thomas Patel,3,0,4.333333333333333,4.0,15,0.0,100.0
2025-W44,chat,Bengaluru,Billing,1.0,Morning,A3033,Amit Kulkarni,4,1,111.75,2.5,15,25.0,75.0
2025-W44,chat,Bengaluru,Billing,1.0,Morning,A3035,Rohit Mukherjee,1,0,8.0,8.0,15,0.0,100.0
2025-W44,chat,Bengaluru,Chat Frontline,1.0,Day,A3004,Krishna Naidu,7,1,10.0,11.0,15,14.285714285714285,85.71428571428572
2025-W44,chat,Bengaluru,Chat Frontline,1.0,Day,A3006,Lakshmi Reddy,7,0,4.0,4.0,15,0.0,100.0
2025-W44,chat,Bengaluru,Chat Frontline,1.0,Day,A3012,Lakshmi Sethi,3,0,4.666666666666667,3.0,15,0.0,100.0
2025-W44,chat,Bengaluru,Chat Frontline,1.0,Morning,A3005,Sameer Joshi,1,0,2.0,2.0,15,0.0,100.0
2025-W44,chat,Bengaluru,Chat Frontline,1.0,Morning,A3007,Neha Gaikwad,2,1,153.0,153.0,15,50.0,50.0
2025-W44,chat,Bengaluru,Chat Frontline,1.0,Morning,A3009,Ramesh Patel,4,2,198.25,170.5,15,50.0,50.0
2025-W44,chat,Bengaluru,Chat Frontline,1.0,Morning,A3014,Diya Patil,3,1,143.33333333333334,5.0,15,33.33333333333333,66.66666666666667
2025-W44,chat,Bengaluru,Escalations & Warranty,2.0,Day,A3044,Kunal Malhotra,1,0,10.0,10.0,15,0.0,100.0
2025-W44,chat,Bengaluru,Escalations & Warranty,2.0,Morning,A3043,Rohit Jain,2,1,238.5,238.5,15,50.0,50.0
2025-W44,chat,Bengaluru,Logistics,1.0,Day,A3029,Rajat Iyer,3,0,3.3333333333333335,1.0,15,0.0,100.0
2025-W44,chat,Bengaluru,Logistics,1.0,Day,A3030,Sunita Srivastava,2,0,3.5,3.5,15,0.0,100.0
2025-W44,chat,Bengaluru,Logistics,1.0,Morning,A3031,Om Malhotra,1,0,0.0,0.0,15,0.0,100.0
2025-W44,chat,Bengaluru,Returns Desk,1.0,Day,A3036,Rohit Shinde,5,2,105.4,4.0,15,40.0,60.0
2025-W44,chat,Bengaluru,Returns Desk,1.0,Day,A3038,Amit Yadav,1,0,5.0,5.0,15,0.0,100.0
2025-W44,chat,Bengaluru,Returns Desk,1.0,Morning,A3037,Rahul Sen,7,2,129.71428571428572,8.0,15,28.57142857142857,71.42857142857143
2025-W44,chat,Indore,Billing,1.0,Morning,A3032,Aadhya Sheikh,5,4,329.0,373.0,15,80.0,20.0
2025-W44,chat,Indore,Chat Frontline,1.0,Day,A3002,Tarun Mishra,4,0,5.0,5.0,15,0.0,100.0
2025-W44,chat,Indore,Chat Frontline,1.0,Day,A3003,Harpreet Deshpande,2,0,5.0,5.0,15,0.0,100.0
2025-W44,chat,Indore,Chat Frontline,1.0,Morning,A3010,Neha Chatterjee,3,3,237.33333333333334,157.0,15,100.0,0.0
2025-W44,chat,Indore,Chat Frontline,1.0,Morning,A3013,Ritika Chatterjee,3,3,331.0,482.0,15,100.0,0.0
2025-W44,chat,Indore,Logistics,1.0,Day,A3027,Dev Chatterjee,2,0,4.0,4.0,15,0.0,100.0
2025-W44,chat,Indore,Logistics,1.0,Morning,A3028,Krishna Kaur,9,3,106.88888888888889,4.0,15,33.33333333333333,66.66666666666667
2025-W44,email,Bengaluru,Billing,1.0,Day,A3034,Thomas Patel,2,0,156.0,156.0,480,0.0,100.0
2025-W44,email,Bengaluru,Billing,1.0,Morning,A3033,Amit Kulkarni,2,0,234.0,234.0,480,0.0,100.0
2025-W44,email,Bengaluru,Billing,1.0,Morning,A3035,Rohit Mukherjee,3,2,680.3333333333334,651.0,480,66.66666666666666,33.33333333333334
2025-W44,email,Bengaluru,Email Frontline,1.0,Day,A3020,Ramesh Ghosh,5,1,346.4,284.0,480,20.0,80.0
2025-W44,email,Bengaluru,Email Frontline,1.0,Day,A3021,Aditya Dhillon,4,0,121.5,119.0,480,0.0,100.0
2025-W44,email,Bengaluru,Email Frontline,1.0,Day,A3022,Steven Tiwari,2,0,270.0,270.0,480,0.0,100.0
2025-W44,email,Bengaluru,Email Frontline,1.0,Morning,A3018,Farah Sheikh,7,1,208.57142857142858,122.0,480,14.285714285714285,85.71428571428572
2025-W44,email,Bengaluru,Email Frontline,1.0,Morning,A3019,Sai Sandhu,14,5,330.14285714285717,351.5,480,35.714285714285715,64.28571428571428
2025-W44,email,Bengaluru,Escalations & Warranty,2.0,Morning,A3039,Riya Gaikwad,1,0,267.0,267.0,480,0.0,100.0
2025-W44,email,Bengaluru,Logistics,1.0,Day,A3029,Rajat Iyer,2,0,134.0,134.0,480,0.0,100.0
2025-W44,email,Bengaluru,Logistics,1.0,Day,A3030,Sunita Srivastava,2,0,233.5,233.5,480,0.0,100.0
2025-W44,email,Bengaluru,Logistics,1.0,Morning,A3031,Om Malhotra,7,2,292.42857142857144,141.0,480,28.57142857142857,71.42857142857143
2025-W44,email,Bengaluru,Returns Desk,1.0,Day,A3036,Rohit Shinde,1,0,297.0,297.0,480,0.0,100.0
2025-W44,email,Bengaluru,Returns Desk,1.0,Day,A3038,Amit Yadav,1,0,401.0,401.0,480,0.0,100.0
2025-W44,email,Bengaluru,Returns Desk,1.0,Morning,A3037,Rahul Sen,3,1,274.3333333333333,224.0,480,33.33333333333333,66.66666666666667
2025-W44,email,Indore,Billing,1.0,Morning,A3032,Aadhya Sheikh,3,1,331.3333333333333,315.0,480,33.33333333333333,66.66666666666667
2025-W44,email,Indore,Chat Frontline,1.0,Morning,A3013,Ritika Chatterjee,2,0,188.0,188.0,480,0.0,100.0
2025-W44,email,Indore,Logistics,1.0,Day,A3027,Dev Chatterjee,1,0,98.0,98.0,480,0.0,100.0
2025-W44,email,Indore,Logistics,1.0,Morning,A3028,Krishna Kaur,4,1,339.0,307.5,480,25.0,75.0
2025-W44,social,Bengaluru,Billing,1.0,Day,A3034,Thomas Patel,1,0,206.0,206.0,240,0.0,100.0
2025-W44,social,Bengaluru,Billing,1.0,Morning,A3033,Amit Kulkarni,2,1,485.5,485.5,240,50.0,50.0
2025-W44,social,Bengaluru,Chat Frontline,1.0,Morning,A3009,Ramesh Patel,2,1,305.0,305.0,240,50.0,50.0
2025-W44,social,Bengaluru,Escalations & Warranty,2.0,Morning,A3039,Riya Gaikwad,2,2,402.5,402.5,240,100.0,0.0
2025-W44,social,Bengaluru,Logistics,1.0,Morning,A3031,Om Malhotra,1,1,351.0,351.0,240,100.0,0.0
2025-W44,social,Bengaluru,Returns Desk,1.0,Day,A3036,Rohit Shinde,1,0,19.0,19.0,240,0.0,100.0
2025-W44,social,Indore,Chat Frontline,1.0,Day,A3003,Harpreet Deshpande,2,0,71.0,71.0,240,0.0,100.0
2025-W44,social,Indore,Chat Frontline,1.0,Morning,A3008,Steven Kaur,1,1,427.0,427.0,240,100.0,0.0
2025-W44,social,Indore,Chat Frontline,1.0,Morning,A3010,Neha Chatterjee,2,0,68.0,68.0,240,0.0,100.0
2025-W44,social,Indore,Chat Frontline,1.0,Morning,A3013,Ritika Chatterjee,3,1,224.33333333333334,140.0,240,33.33333333333333,66.66666666666667
2025-W44,voice,Bengaluru,Billing,1.0,Day,A3034,Thomas Patel,2,0,34.0,34.0,120,0.0,100.0
2025-W44,voice,Bengaluru,Billing,1.0,Morning,A3035,Rohit Mukherjee,1,0,78.0,78.0,120,0.0,100.0
2025-W44,voice,Bengaluru,Escalations & Warranty,2.0,Morning,A3039,Riya Gaikwad,1,0,59.0,59.0,120,0.0,100.0
2025-W44,voice,Bengaluru,Escalations & Warranty,2.0,Morning,A3043,Rohit Jain,1,0,118.0,118.0,120,0.0,100.0
2025-W44,voice,Bengaluru,Logistics,1.0,Day,A3029,Rajat Iyer,2,0,44.5,44.5,120,0.0,100.0
2025-W44,voice,Bengaluru,Logistics,1.0,Morning,A3031,Om Malhotra,2,0,45.5,45.5,120,0.0,100.0
2025-W44,voice,Bengaluru,Returns Desk,1.0,Day,A3036,Rohit Shinde,2,1,95.5,95.5,120,50.0,50.0
2025-W44,voice,Bengaluru,Returns Desk,1.0,Day,A3038,Amit Yadav,2,1,106.0,106.0,120,50.0,50.0
2025-W44,voice,Bengaluru,Returns Desk,1.0,Morning,A3037,Rahul Sen,3,0,43.0,24.0,120,0.0,100.0
2025-W44,voice,Bengaluru,Voice Frontline,1.0,Day,A3023,Rahul Khanna,3,0,43.0,43.0,120,0.0,100.0
2025-W44,voice,Bengaluru,Voice Frontline,1.0,Day,A3026,Lakshmi Qureshi,7,2,74.42857142857143,30.0,120,28.57142857142857,71.42857142857143
2025-W44,voice,Bengaluru,Voice Frontline,1.0,Morning,A3024,Kunal Khanna,3,0,53.333333333333336,55.0,120,0.0,100.0
2025-W44,voice,Indore,Logistics,1.0,Day,A3027,Dev Chatterjee,3,0,36.666666666666664,36.0,120,0.0,100.0
2025-W45,chat,Bengaluru,Billing,1.0,Day,A3034,Thomas Patel,3,0,3.0,3.0,15,0.0,100.0
2025-W45,chat,Bengaluru,Billing,1.0,Morning,A3033,Amit Kulkarni,2,1,253.0,253.0,15,50.0,50.0
2025-W45,chat,Bengaluru,Billing,1.0,Morning,A3035,Rohit Mukherjee,3,1,135.33333333333334,8.0,15,33.33333333333333,66.66666666666667
2025-W45,chat,Bengaluru,Chat Frontline,1.0,Day,A3004,Krishna Naidu,2,0,3.5,3.5,15,0.0,100.0
2025-W45,chat,Bengaluru,Chat Frontline,1.0,Day,A3006,Lakshmi Reddy,7,1,11.714285714285714,6.0,15,14.285714285714285,85.71428571428572
2025-W45,chat,Bengaluru,Chat Frontline,1.0,Day,A3012,Lakshmi Sethi,1,0,3.0,3.0,15,0.0,100.0
2025-W45,chat,Bengaluru,Chat Frontline,1.0,Day,A3015,Yash Agarwal,5,0,2.0,1.0,15,0.0,100.0
2025-W45,chat,Bengaluru,Chat Frontline,1.0,Morning,A3005,Sameer Joshi,2,1,127.0,127.0,15,50.0,50.0
2025-W45,chat,Bengaluru,Chat Frontline,1.0,Morning,A3007,Neha Gaikwad,6,5,219.83333333333334,200.5,15,83.33333333333334,16.666666666666657
2025-W45,chat,Bengaluru,Chat Frontline,1.0,Morning,A3014,Diya Patil,5,4,284.2,428.0,15,80.0,20.0
2025-W45,chat,Bengaluru,Email Frontline,1.0,Day,A3022,Steven Tiwari,2,1,234.5,234.5,15,50.0,50.0
2025-W45,chat,Bengaluru,Escalations & Warranty,2.0,Day,A3040,Thomas Arora,1,0,2.0,2.0,15,0.0,100.0
2025-W45,chat,Bengaluru,Escalations & Warranty,2.0,Day,A3042,Steven Chopra,1,0,1.0,1.0,15,0.0,100.0
2025-W45,chat,Bengaluru,Escalations & Warranty,2.0,Day,A3044,Kunal Malhotra,1,0,3.0,3.0,15,0.0,100.0
2025-W45,chat,Bengaluru,Escalations & Warranty,2.0,Morning,A3043,Rohit Jain,1,0,2.0,2.0,15,0.0,100.0
2025-W45,chat,Bengaluru,Logistics,1.0,Day,A3029,Rajat Iyer,7,0,3.857142857142857,4.0,15,0.0,100.0
2025-W45,chat,Bengaluru,Logistics,1.0,Day,A3030,Sunita Srivastava,3,0,6.333333333333333,7.0,15,0.0,100.0
2025-W45,chat,Bengaluru,Logistics,1.0,Morning,A3031,Om Malhotra,4,2,132.0,79.5,15,50.0,50.0
2025-W45,chat,Bengaluru,Returns Desk,1.0,Day,A3036,Rohit Shinde,3,1,146.33333333333334,4.0,15,33.33333333333333,66.66666666666667
2025-W45,chat,Bengaluru,Returns Desk,1.0,Day,A3038,Amit Yadav,1,0,2.0,2.0,15,0.0,100.0
2025-W45,chat,Bengaluru,Returns Desk,1.0,Morning,A3037,Rahul Sen,5,5,300.0,274.0,15,100.0,0.0
2025-W45,chat,Indore,Billing,1.0,Morning,A3032,Aadhya Sheikh,4,2,253.25,245.5,15,50.0,50.0
2025-W45,chat,Indore,Chat Frontline,1.0,Day,A3002,Tarun Mishra,1,0,3.0,3.0,15,0.0,100.0
2025-W45,chat,Indore,Chat Frontline,1.0,Day,A3003,Harpreet Deshpande,1,0,12.0,12.0,15,0.0,100.0
2025-W45,chat,Indore,Chat Frontline,1.0,Morning,A3008,Steven Kaur,1,0,0.0,0.0,15,0.0,100.0
2025-W45,chat,Indore,Chat Frontline,1.0,Morning,A3010,Neha Chatterjee,5,2,116.2,6.0,15,40.0,60.0
2025-W45,chat,Indore,Chat Frontline,1.0,Morning,A3011,Karan Roy,3,1,149.66666666666666,4.0,15,33.33333333333333,66.66666666666667
2025-W45,chat,Indore,Chat Frontline,1.0,Morning,A3013,Ritika Chatterjee,3,1,161.0,4.0,15,33.33333333333333,66.66666666666667
2025-W45,chat,Indore,Logistics,1.0,Morning,A3028,Krishna Kaur,7,2,9.857142857142858,5.0,15,28.57142857142857,71.42857142857143
2025-W45,email,Bengaluru,Billing,1.0,Day,A3034,Thomas Patel,2,0,83.5,83.5,480,0.0,100.0
2025-W45,email,Bengaluru,Billing,1.0,Morning,A3033,Amit Kulkarni,4,0,79.75,76.5,480,0.0,100.0
2025-W45,email,Bengaluru,Billing,1.0,Morning,A3035,Rohit Mukherjee,2,1,318.5,318.5,480,50.0,50.0
2025-W45,email,Bengaluru,Email Frontline,1.0,Day,A3020,Ramesh Ghosh,2,1,472.0,472.0,480,50.0,50.0
2025-W45,email,Bengaluru,Email Frontline,1.0,Day,A3021,Aditya Dhillon,5,1,237.2,113.0,480,20.0,80.0
2025-W45,email,Bengaluru,Email Frontline,1.0,Day,A3022,Steven Tiwari,3,1,290.3333333333333,146.0,480,33.33333333333333,66.66666666666667
2025-W45,email,Bengaluru,Email Frontline,1.0,Morning,A3018,Farah Sheikh,12,1,225.75,185.5,480,8.333333333333332,91.66666666666667
2025-W45,email,Bengaluru,Email Frontline,1.0,Morning,A3019,Sai Sandhu,10,5,404.5,437.0,480,50.0,50.0
2025-W45,email,Bengaluru,Escalations & Warranty,2.0,Morning,A3039,Riya Gaikwad,2,1,471.0,471.0,480,50.0,50.0
2025-W45,email,Bengaluru,Logistics,1.0,Day,A3029,Rajat Iyer,1,1,514.0,514.0,480,100.0,0.0
2025-W45,email,Bengaluru,Logistics,1.0,Day,A3030,Sunita Srivastava,3,0,211.66666666666666,262.0,480,0.0,100.0
2025-W45,email,Bengaluru,Logistics,1.0,Morning,A3031,Om Malhotra,4,3,557.5,528.0,480,75.0,25.0
2025-W45,email,Bengaluru,Returns Desk,1.0,Day,A3036,Rohit Shinde,1,0,71.0,71.0,480,0.0,100.0
2025-W45,email,Bengaluru,Returns Desk,1.0,Day,A3038,Amit Yadav,2,0,204.0,204.0,480,0.0,100.0
2025-W45,email,Bengaluru,Returns Desk,1.0,Morning,A3037,Rahul Sen,4,0,243.75,270.5,480,0.0,100.0
2025-W45,email,Indore,Chat Frontline,1.0,Morning,A3010,Neha Chatterjee,1,0,158.0,158.0,480,0.0,100.0
2025-W45,email,Indore,Logistics,1.0,Day,A3027,Dev Chatterjee,1,0,106.0,106.0,480,0.0,100.0
2025-W45,email,Indore,Logistics,1.0,Morning,A3028,Krishna Kaur,3,1,236.0,128.0,480,33.33333333333333,66.66666666666667
2025-W45,social,Bengaluru,Billing,1.0,Day,A3034,Thomas Patel,1,0,138.0,138.0,240,0.0,100.0
2025-W45,social,Bengaluru,Chat Frontline,1.0,Day,A3006,Lakshmi Reddy,1,0,50.0,50.0,240,0.0,100.0
2025-W45,social,Bengaluru,Chat Frontline,1.0,Morning,A3005,Sameer Joshi,3,1,160.66666666666666,69.0,240,33.33333333333333,66.66666666666667
2025-W45,social,Bengaluru,Chat Frontline,1.0,Morning,A3007,Neha Gaikwad,1,0,52.0,52.0,240,0.0,100.0
2025-W45,social,Bengaluru,Chat Frontline,1.0,Morning,A3014,Diya Patil,2,0,52.5,52.5,240,0.0,100.0
2025-W45,social,Bengaluru,Escalations & Warranty,2.0,Day,A3040,Thomas Arora,1,0,7.0,7.0,240,0.0,100.0
2025-W45,social,Bengaluru,Escalations & Warranty,2.0,Morning,A3039,Riya Gaikwad,1,1,577.0,577.0,240,100.0,0.0
2025-W45,social,Bengaluru,Returns Desk,1.0,Day,A3036,Rohit Shinde,2,0,97.0,97.0,240,0.0,100.0
2025-W45,social,Bengaluru,Returns Desk,1.0,Morning,A3037,Rahul Sen,5,2,181.8,62.0,240,40.0,60.0
2025-W45,social,Indore,Billing,1.0,Morning,A3032,Aadhya Sheikh,1,1,441.0,441.0,240,100.0,0.0
2025-W45,social,Indore,Chat Frontline,1.0,Day,A3003,Harpreet Deshpande,2,0,70.0,70.0,240,0.0,100.0
2025-W45,social,Indore,Chat Frontline,1.0,Morning,A3008,Steven Kaur,1,1,524.0,524.0,240,100.0,0.0
2025-W45,social,Indore,Logistics,1.0,Morning,A3028,Krishna Kaur,1,0,103.0,103.0,240,0.0,100.0
2025-W45,voice,Bengaluru,Billing,1.0,Day,A3034,Thomas Patel,1,0,20.0,20.0,120,0.0,100.0
2025-W45,voice,Bengaluru,Billing,1.0,Morning,A3033,Amit Kulkarni,1,0,9.0,9.0,120,0.0,100.0
2025-W45,voice,Bengaluru,Billing,1.0,Morning,A3035,Rohit Mukherjee,1,0,54.0,54.0,120,0.0,100.0
2025-W45,voice,Bengaluru,Escalations & Warranty,2.0,Morning,A3043,Rohit Jain,1,0,15.0,15.0,120,0.0,100.0
2025-W45,voice,Bengaluru,Logistics,1.0,Day,A3030,Sunita Srivastava,1,0,104.0,104.0,120,0.0,100.0
2025-W45,voice,Bengaluru,Logistics,1.0,Morning,A3031,Om Malhotra,1,0,89.0,89.0,120,0.0,100.0
2025-W45,voice,Bengaluru,Voice Frontline,1.0,Day,A3023,Rahul Khanna,2,0,29.0,29.0,120,0.0,100.0
2025-W45,voice,Bengaluru,Voice Frontline,1.0,Day,A3026,Lakshmi Qureshi,2,0,13.5,13.5,120,0.0,100.0
2025-W45,voice,Bengaluru,Voice Frontline,1.0,Morning,A3024,Kunal Khanna,3,0,28.666666666666668,19.0,120,0.0,100.0
2025-W45,voice,Bengaluru,Voice Frontline,1.0,Morning,A3025,Lobsang Rao,5,1,70.0,49.0,120,20.0,80.0
2025-W45,voice,Indore,Billing,1.0,Morning,A3032,Aadhya Sheikh,1,0,5.0,5.0,120,0.0,100.0
2025-W45,voice,Indore,Escalations & Warranty,2.0,Day,A3041,Riya Fernandes,1,0,53.0,53.0,120,0.0,100.0
2025-W45,voice,Indore,Logistics,1.0,Day,A3027,Dev Chatterjee,2,0,22.5,22.5,120,0.0,100.0
2025-W46,chat,Bengaluru,Billing,1.0,Day,A3034,Thomas Patel,4,0,2.25,2.5,15,0.0,100.0
2025-W46,chat,Bengaluru,Billing,1.0,Morning,A3033,Amit Kulkarni,4,3,148.0,91.0,15,75.0,25.0
2025-W46,chat,Bengaluru,Billing,1.0,Morning,A3035,Rohit Mukherjee,3,1,160.66666666666666,3.0,15,33.33333333333333,66.66666666666667
2025-W46,chat,Bengaluru,Chat Frontline,1.0,Day,A3004,Krishna Naidu,4,0,7.0,6.0,15,0.0,100.0
2025-W46,chat,Bengaluru,Chat Frontline,1.0,Day,A3006,Lakshmi Reddy,4,0,5.0,4.5,15,0.0,100.0
2025-W46,chat,Bengaluru,Chat Frontline,1.0,Day,A3012,Lakshmi Sethi,4,0,3.5,2.5,15,0.0,100.0
2025-W46,chat,Bengaluru,Chat Frontline,1.0,Day,A3015,Yash Agarwal,3,0,7.666666666666667,5.0,15,0.0,100.0
2025-W46,chat,Bengaluru,Chat Frontline,1.0,Morning,A3005,Sameer Joshi,4,2,207.0,170.0,15,50.0,50.0
2025-W46,chat,Bengaluru,Chat Frontline,1.0,Morning,A3007,Neha Gaikwad,3,1,170.0,14.0,15,33.33333333333333,66.66666666666667
2025-W46,chat,Bengaluru,Chat Frontline,1.0,Morning,A3009,Ramesh Patel,6,3,142.83333333333334,69.0,15,50.0,50.0
2025-W46,chat,Bengaluru,Chat Frontline,1.0,Morning,A3014,Diya Patil,1,0,3.0,3.0,15,0.0,100.0
2025-W46,chat,Bengaluru,Escalations & Warranty,2.0,Day,A3040,Thomas Arora,3,0,7.0,5.0,15,0.0,100.0
2025-W46,chat,Bengaluru,Escalations & Warranty,2.0,Day,A3042,Steven Chopra,1,0,1.0,1.0,15,0.0,100.0
2025-W46,chat,Bengaluru,Escalations & Warranty,2.0,Day,A3044,Kunal Malhotra,3,0,2.6666666666666665,1.0,15,0.0,100.0
2025-W46,chat,Bengaluru,Escalations & Warranty,2.0,Morning,A3039,Riya Gaikwad,5,4,298.8,307.0,15,80.0,20.0
2025-W46,chat,Bengaluru,Escalations & Warranty,2.0,Morning,A3043,Rohit Jain,2,1,25.5,25.5,15,50.0,50.0
2025-W46,chat,Bengaluru,Logistics,1.0,Day,A3029,Rajat Iyer,5,0,5.4,6.0,15,0.0,100.0
2025-W46,chat,Bengaluru,Logistics,1.0,Day,A3030,Sunita Srivastava,5,0,3.8,2.0,15,0.0,100.0
2025-W46,chat,Bengaluru,Logistics,1.0,Morning,A3031,Om Malhotra,5,2,186.2,12.0,15,40.0,60.0
2025-W46,chat,Bengaluru,Returns Desk,1.0,Day,A3036,Rohit Shinde,2,0,3.0,3.0,15,0.0,100.0
2025-W46,chat,Bengaluru,Returns Desk,1.0,Day,A3038,Amit Yadav,4,0,8.0,8.0,15,0.0,100.0
2025-W46,chat,Bengaluru,Returns Desk,1.0,Morning,A3037,Rahul Sen,4,2,154.5,147.5,15,50.0,50.0
2025-W46,chat,Indore,Billing,1.0,Morning,A3032,Aadhya Sheikh,2,1,211.0,211.0,15,50.0,50.0
2025-W46,chat,Indore,Chat Frontline,1.0,Day,A3002,Tarun Mishra,4,0,2.0,2.0,15,0.0,100.0
2025-W46,chat,Indore,Chat Frontline,1.0,Day,A3003,Harpreet Deshpande,5,0,6.2,8.0,15,0.0,100.0
2025-W46,chat,Indore,Chat Frontline,1.0,Morning,A3008,Steven Kaur,3,1,40.0,3.0,15,33.33333333333333,66.66666666666667
2025-W46,chat,Indore,Chat Frontline,1.0,Morning,A3010,Neha Chatterjee,1,0,2.0,2.0,15,0.0,100.0
2025-W46,chat,Indore,Chat Frontline,1.0,Morning,A3011,Karan Roy,5,1,76.0,6.0,15,20.0,80.0
2025-W46,chat,Indore,Chat Frontline,1.0,Morning,A3013,Ritika Chatterjee,1,1,382.0,382.0,15,100.0,0.0
2025-W46,chat,Indore,Logistics,1.0,Day,A3027,Dev Chatterjee,2,1,9.0,9.0,15,50.0,50.0
2025-W46,chat,Indore,Logistics,1.0,Morning,A3028,Krishna Kaur,3,1,146.0,13.0,15,33.33333333333333,66.66666666666667
2025-W46,email,Bengaluru,Billing,1.0,Day,A3034,Thomas Patel,3,0,195.66666666666666,191.0,480,0.0,100.0
2025-W46,email,Bengaluru,Billing,1.0,Morning,A3033,Amit Kulkarni,3,1,246.0,136.0,480,33.33333333333333,66.66666666666667
2025-W46,email,Bengaluru,Billing,1.0,Morning,A3035,Rohit Mukherjee,1,1,684.0,684.0,480,100.0,0.0
2025-W46,email,Bengaluru,Email Frontline,1.0,Day,A3020,Ramesh Ghosh,3,0,112.33333333333333,101.0,480,0.0,100.0
2025-W46,email,Bengaluru,Email Frontline,1.0,Day,A3021,Aditya Dhillon,1,0,225.0,225.0,480,0.0,100.0
2025-W46,email,Bengaluru,Email Frontline,1.0,Day,A3022,Steven Tiwari,2,0,150.5,150.5,480,0.0,100.0
2025-W46,email,Bengaluru,Email Frontline,1.0,Morning,A3018,Farah Sheikh,3,0,338.6666666666667,336.0,480,0.0,100.0
2025-W46,email,Bengaluru,Email Frontline,1.0,Morning,A3019,Sai Sandhu,5,0,207.4,170.0,480,0.0,100.0
2025-W46,email,Bengaluru,Escalations & Warranty,2.0,Day,A3040,Thomas Arora,1,0,27.0,27.0,480,0.0,100.0
2025-W46,email,Bengaluru,Escalations & Warranty,2.0,Morning,A3039,Riya Gaikwad,1,1,531.0,531.0,480,100.0,0.0
2025-W46,email,Bengaluru,Escalations & Warranty,2.0,Morning,A3043,Rohit Jain,1,0,220.0,220.0,480,0.0,100.0
2025-W46,email,Bengaluru,Logistics,1.0,Day,A3029,Rajat Iyer,1,0,200.0,200.0,480,0.0,100.0
2025-W46,email,Bengaluru,Logistics,1.0,Day,A3030,Sunita Srivastava,1,0,93.0,93.0,480,0.0,100.0
2025-W46,email,Bengaluru,Logistics,1.0,Morning,A3031,Om Malhotra,4,0,174.25,105.0,480,0.0,100.0
2025-W46,email,Bengaluru,Returns Desk,1.0,Day,A3036,Rohit Shinde,1,0,231.0,231.0,480,0.0,100.0
2025-W46,email,Bengaluru,Returns Desk,1.0,Day,A3038,Amit Yadav,1,0,162.0,162.0,480,0.0,100.0
2025-W46,email,Bengaluru,Returns Desk,1.0,Morning,A3037,Rahul Sen,3,1,300.3333333333333,193.0,480,33.33333333333333,66.66666666666667
2025-W46,email,Indore,Billing,1.0,Morning,A3032,Aadhya Sheikh,1,0,89.0,89.0,480,0.0,100.0
2025-W46,email,Indore,Logistics,1.0,Day,A3027,Dev Chatterjee,2,0,76.5,76.5,480,0.0,100.0
2025-W46,email,Indore,Logistics,1.0,Morning,A3028,Krishna Kaur,3,1,221.66666666666666,81.0,480,33.33333333333333,66.66666666666667
2025-W46,social,Bengaluru,Billing,1.0,Day,A3034,Thomas Patel,1,1,308.0,308.0,240,100.0,0.0
2025-W46,social,Bengaluru,Billing,1.0,Morning,A3033,Amit Kulkarni,1,0,204.0,204.0,240,0.0,100.0
2025-W46,social,Bengaluru,Chat Frontline,1.0,Day,A3012,Lakshmi Sethi,1,0,48.0,48.0,240,0.0,100.0
2025-W46,social,Bengaluru,Chat Frontline,1.0,Morning,A3005,Sameer Joshi,1,0,28.0,28.0,240,0.0,100.0
2025-W46,social,Bengaluru,Chat Frontline,1.0,Morning,A3007,Neha Gaikwad,1,0,71.0,71.0,240,0.0,100.0
2025-W46,social,Bengaluru,Chat Frontline,1.0,Morning,A3009,Ramesh Patel,1,0,17.0,17.0,240,0.0,100.0
2025-W46,social,Bengaluru,Escalations & Warranty,2.0,Day,A3044,Kunal Malhotra,1,0,55.0,55.0,240,0.0,100.0
2025-W46,social,Bengaluru,Escalations & Warranty,2.0,Morning,A3043,Rohit Jain,1,0,211.0,211.0,240,0.0,100.0
2025-W46,social,Bengaluru,Logistics,1.0,Day,A3029,Rajat Iyer,2,0,152.0,152.0,240,0.0,100.0
2025-W46,social,Bengaluru,Returns Desk,1.0,Day,A3036,Rohit Shinde,1,0,17.0,17.0,240,0.0,100.0
2025-W46,social,Bengaluru,Returns Desk,1.0,Morning,A3037,Rahul Sen,1,0,92.0,92.0,240,0.0,100.0
2025-W46,social,Indore,Billing,1.0,Morning,A3032,Aadhya Sheikh,1,0,180.0,180.0,240,0.0,100.0
2025-W46,social,Indore,Chat Frontline,1.0,Morning,A3008,Steven Kaur,1,0,68.0,68.0,240,0.0,100.0
2025-W46,social,Indore,Chat Frontline,1.0,Morning,A3011,Karan Roy,1,0,74.0,74.0,240,0.0,100.0
2025-W46,social,Indore,Logistics,1.0,Day,A3027,Dev Chatterjee,2,0,41.5,41.5,240,0.0,100.0
2025-W46,social,Indore,Logistics,1.0,Morning,A3028,Krishna Kaur,4,2,269.75,232.0,240,50.0,50.0
2025-W46,voice,Bengaluru,Escalations & Warranty,2.0,Morning,A3043,Rohit Jain,1,0,24.0,24.0,120,0.0,100.0
2025-W46,voice,Bengaluru,Logistics,1.0,Day,A3030,Sunita Srivastava,1,0,27.0,27.0,120,0.0,100.0
2025-W46,voice,Bengaluru,Logistics,1.0,Morning,A3031,Om Malhotra,2,0,71.0,71.0,120,0.0,100.0
2025-W46,voice,Bengaluru,Returns Desk,1.0,Day,A3038,Amit Yadav,1,0,26.0,26.0,120,0.0,100.0
2025-W46,voice,Bengaluru,Voice Frontline,1.0,Day,A3023,Rahul Khanna,3,0,36.0,31.0,120,0.0,100.0
2025-W46,voice,Bengaluru,Voice Frontline,1.0,Day,A3026,Lakshmi Qureshi,3,0,40.666666666666664,23.0,120,0.0,100.0
2025-W46,voice,Bengaluru,Voice Frontline,1.0,Morning,A3024,Kunal Khanna,4,1,87.5,58.5,120,25.0,75.0
2025-W46,voice,Bengaluru,Voice Frontline,1.0,Morning,A3025,Lobsang Rao,1,0,25.0,25.0,120,0.0,100.0
2025-W46,voice,Indore,Logistics,1.0,Day,A3027,Dev Chatterjee,1,0,45.0,45.0,120,0.0,100.0
2025-W46,voice,Indore,Logistics,1.0,Morning,A3028,Krishna Kaur,1,0,10.0,10.0,120,0.0,100.0
2025-W47,chat,Bengaluru,Billing,1.0,Day,A3034,Thomas Patel,6,1,9.333333333333334,11.5,15,16.666666666666664,83.33333333333334
2025-W47,chat,Bengaluru,Billing,1.0,Morning,A3033,Amit Kulkarni,2,1,13.5,13.5,15,50.0,50.0
2025-W47,chat,Bengaluru,Billing,1.0,Morning,A3035,Rohit Mukherjee,2,2,454.5,454.5,15,100.0,0.0
2025-W47,chat,Bengaluru,Chat Frontline,1.0,Day,A3004,Krishna Naidu,4,0,2.25,2.0,15,0.0,100.0
2025-W47,chat,Bengaluru,Chat Frontline,1.0,Day,A3006,Lakshmi Reddy,2,1,9.0,9.0,15,50.0,50.0
2025-W47,chat,Bengaluru,Chat Frontline,1.0,Day,A3012,Lakshmi Sethi,2,0,3.5,3.5,15,0.0,100.0
2025-W47,chat,Bengaluru,Chat Frontline,1.0,Day,A3015,Yash Agarwal,2,1,11.5,11.5,15,50.0,50.0
2025-W47,chat,Bengaluru,Chat Frontline,1.0,Morning,A3005,Sameer Joshi,1,0,9.0,9.0,15,0.0,100.0
2025-W47,chat,Bengaluru,Chat Frontline,1.0,Morning,A3007,Neha Gaikwad,5,2,75.2,2.0,15,40.0,60.0
2025-W47,chat,Bengaluru,Chat Frontline,1.0,Morning,A3009,Ramesh Patel,2,2,256.0,256.0,15,100.0,0.0
2025-W47,chat,Bengaluru,Chat Frontline,1.0,Morning,A3014,Diya Patil,4,4,357.25,379.0,15,100.0,0.0
2025-W47,chat,Bengaluru,Email Frontline,1.0,Morning,A3019,Sai Sandhu,1,0,10.0,10.0,15,0.0,100.0
2025-W47,chat,Bengaluru,Escalations & Warranty,2.0,Day,A3044,Kunal Malhotra,1,0,2.0,2.0,15,0.0,100.0
2025-W47,chat,Bengaluru,Escalations & Warranty,2.0,Morning,A3039,Riya Gaikwad,1,1,410.0,410.0,15,100.0,0.0
2025-W47,chat,Bengaluru,Logistics,1.0,Day,A3029,Rajat Iyer,4,1,14.0,7.0,15,25.0,75.0
2025-W47,chat,Bengaluru,Logistics,1.0,Morning,A3031,Om Malhotra,4,0,5.25,3.5,15,0.0,100.0
2025-W47,chat,Bengaluru,Returns Desk,1.0,Day,A3038,Amit Yadav,1,0,1.0,1.0,15,0.0,100.0
2025-W47,chat,Bengaluru,Returns Desk,1.0,Morning,A3037,Rahul Sen,6,3,19.833333333333332,13.5,15,50.0,50.0
2025-W47,chat,Indore,Billing,1.0,Morning,A3032,Aadhya Sheikh,6,2,148.0,10.0,15,33.33333333333333,66.66666666666667
2025-W47,chat,Indore,Chat Frontline,1.0,Day,A3002,Tarun Mishra,2,0,4.0,4.0,15,0.0,100.0
2025-W47,chat,Indore,Chat Frontline,1.0,Day,A3003,Harpreet Deshpande,3,2,13.666666666666666,18.0,15,66.66666666666666,33.33333333333334
2025-W47,chat,Indore,Chat Frontline,1.0,Morning,A3008,Steven Kaur,3,2,331.0,473.0,15,66.66666666666666,33.33333333333334
2025-W47,chat,Indore,Chat Frontline,1.0,Morning,A3010,Neha Chatterjee,4,2,200.0,177.0,15,50.0,50.0
2025-W47,chat,Indore,Chat Frontline,1.0,Morning,A3011,Karan Roy,3,1,150.0,10.0,15,33.33333333333333,66.66666666666667
2025-W47,chat,Indore,Chat Frontline,1.0,Morning,A3013,Ritika Chatterjee,2,1,81.0,81.0,15,50.0,50.0
2025-W47,chat,Indore,Logistics,1.0,Day,A3027,Dev Chatterjee,6,1,82.33333333333333,3.0,15,16.666666666666664,83.33333333333334
2025-W47,chat,Indore,Logistics,1.0,Morning,A3028,Krishna Kaur,6,3,239.16666666666666,228.5,15,50.0,50.0
2025-W47,email,Bengaluru,Billing,1.0,Day,A3034,Thomas Patel,1,0,236.0,236.0,480,0.0,100.0
2025-W47,email,Bengaluru,Billing,1.0,Morning,A3033,Amit Kulkarni,4,2,319.75,306.5,480,50.0,50.0
2025-W47,email,Bengaluru,Billing,1.0,Morning,A3035,Rohit Mukherjee,3,1,371.3333333333333,421.0,480,33.33333333333333,66.66666666666667
2025-W47,email,Bengaluru,Email Frontline,1.0,Day,A3020,Ramesh Ghosh,6,0,160.0,117.5,480,0.0,100.0
2025-W47,email,Bengaluru,Email Frontline,1.0,Day,A3021,Aditya Dhillon,5,0,175.4,148.0,480,0.0,100.0
2025-W47,email,Bengaluru,Email Frontline,1.0,Day,A3022,Steven Tiwari,3,0,110.66666666666667,50.0,480,0.0,100.0
2025-W47,email,Bengaluru,Email Frontline,1.0,Morning,A3018,Farah Sheikh,7,2,272.2857142857143,176.0,480,28.57142857142857,71.42857142857143
2025-W47,email,Bengaluru,Email Frontline,1.0,Morning,A3019,Sai Sandhu,12,3,316.25,310.5,480,25.0,75.0
2025-W47,email,Bengaluru,Escalations & Warranty,2.0,Day,A3040,Thomas Arora,1,0,73.0,73.0,480,0.0,100.0
2025-W47,email,Bengaluru,Escalations & Warranty,2.0,Morning,A3039,Riya Gaikwad,2,1,466.5,466.5,480,50.0,50.0
2025-W47,email,Bengaluru,Escalations & Warranty,2.0,Morning,A3043,Rohit Jain,1,0,345.0,345.0,480,0.0,100.0
2025-W47,email,Bengaluru,Logistics,1.0,Day,A3030,Sunita Srivastava,3,0,107.66666666666667,117.0,480,0.0,100.0
2025-W47,email,Bengaluru,Logistics,1.0,Morning,A3031,Om Malhotra,3,0,54.0,61.0,480,0.0,100.0
2025-W47,email,Bengaluru,Returns Desk,1.0,Day,A3036,Rohit Shinde,2,0,149.5,149.5,480,0.0,100.0
2025-W47,email,Bengaluru,Returns Desk,1.0,Morning,A3037,Rahul Sen,4,1,232.25,184.5,480,25.0,75.0
2025-W47,email,Indore,Billing,1.0,Morning,A3032,Aadhya Sheikh,1,1,533.0,533.0,480,100.0,0.0
2025-W47,email,Indore,Logistics,1.0,Day,A3027,Dev Chatterjee,3,0,237.0,251.0,480,0.0,100.0
2025-W47,email,Indore,Logistics,1.0,Morning,A3028,Krishna Kaur,3,0,175.66666666666666,132.0,480,0.0,100.0
2025-W47,social,Bengaluru,Billing,1.0,Day,A3034,Thomas Patel,1,0,109.0,109.0,240,0.0,100.0
2025-W47,social,Bengaluru,Billing,1.0,Morning,A3033,Amit Kulkarni,1,1,555.0,555.0,240,100.0,0.0
2025-W47,social,Bengaluru,Chat Frontline,1.0,Day,A3004,Krishna Naidu,1,0,61.0,61.0,240,0.0,100.0
2025-W47,social,Bengaluru,Chat Frontline,1.0,Day,A3012,Lakshmi Sethi,1,0,45.0,45.0,240,0.0,100.0
2025-W47,social,Bengaluru,Chat Frontline,1.0,Day,A3015,Yash Agarwal,3,0,57.666666666666664,46.0,240,0.0,100.0
2025-W47,social,Bengaluru,Escalations & Warranty,2.0,Morning,A3039,Riya Gaikwad,1,0,39.0,39.0,240,0.0,100.0
2025-W47,social,Bengaluru,Logistics,1.0,Day,A3030,Sunita Srivastava,1,0,35.0,35.0,240,0.0,100.0
2025-W47,social,Bengaluru,Logistics,1.0,Morning,A3031,Om Malhotra,2,0,111.5,111.5,240,0.0,100.0
2025-W47,social,Bengaluru,Returns Desk,1.0,Day,A3036,Rohit Shinde,1,0,35.0,35.0,240,0.0,100.0
2025-W47,social,Bengaluru,Returns Desk,1.0,Day,A3038,Amit Yadav,1,0,61.0,61.0,240,0.0,100.0
2025-W47,social,Bengaluru,Returns Desk,1.0,Morning,A3037,Rahul Sen,2,1,310.0,310.0,240,50.0,50.0
2025-W47,social,Indore,Billing,1.0,Morning,A3032,Aadhya Sheikh,1,0,59.0,59.0,240,0.0,100.0
2025-W47,social,Indore,Chat Frontline,1.0,Day,A3003,Harpreet Deshpande,1,0,65.0,65.0,240,0.0,100.0
2025-W47,social,Indore,Chat Frontline,1.0,Morning,A3010,Neha Chatterjee,1,1,430.0,430.0,240,100.0,0.0
2025-W47,social,Indore,Logistics,1.0,Day,A3027,Dev Chatterjee,1,0,18.0,18.0,240,0.0,100.0
2025-W47,social,Indore,Logistics,1.0,Morning,A3028,Krishna Kaur,4,0,106.25,104.5,240,0.0,100.0
2025-W47,voice,Bengaluru,Billing,1.0,Day,A3034,Thomas Patel,1,0,31.0,31.0,120,0.0,100.0
2025-W47,voice,Bengaluru,Logistics,1.0,Morning,A3031,Om Malhotra,3,0,43.333333333333336,26.0,120,0.0,100.0
2025-W47,voice,Bengaluru,Returns Desk,1.0,Day,A3036,Rohit Shinde,1,0,7.0,7.0,120,0.0,100.0
2025-W47,voice,Bengaluru,Returns Desk,1.0,Morning,A3037,Rahul Sen,1,1,192.0,192.0,120,100.0,0.0
2025-W47,voice,Bengaluru,Voice Frontline,1.0,Day,A3023,Rahul Khanna,3,0,37.333333333333336,34.0,120,0.0,100.0
2025-W47,voice,Bengaluru,Voice Frontline,1.0,Day,A3026,Lakshmi Qureshi,6,0,65.16666666666667,57.5,120,0.0,100.0
2025-W47,voice,Bengaluru,Voice Frontline,1.0,Morning,A3024,Kunal Khanna,2,1,100.0,100.0,120,50.0,50.0
2025-W47,voice,Bengaluru,Voice Frontline,1.0,Morning,A3025,Lobsang Rao,6,1,64.5,42.0,120,16.666666666666664,83.33333333333334
2025-W47,voice,Indore,Chat Frontline,1.0,Morning,A3013,Ritika Chatterjee,1,0,60.0,60.0,120,0.0,100.0
2025-W47,voice,Indore,Logistics,1.0,Day,A3027,Dev Chatterjee,1,0,35.0,35.0,120,0.0,100.0
2025-W47,voice,Indore,Logistics,1.0,Morning,A3028,Krishna Kaur,1,0,119.0,119.0,120,0.0,100.0
2025-W48,chat,Bengaluru,Billing,1.0,Day,A3034,Thomas Patel,9,0,6.444444444444445,5.0,15,0.0,100.0
2025-W48,chat,Bengaluru,Billing,1.0,Morning,A3033,Amit Kulkarni,5,2,44.4,4.0,15,40.0,60.0
2025-W48,chat,Bengaluru,Billing,1.0,Morning,A3035,Rohit Mukherjee,3,1,168.0,4.0,15,33.33333333333333,66.66666666666667
2025-W48,chat,Bengaluru,Chat Frontline,1.0,Day,A3004,Krishna Naidu,4,0,1.25,1.0,15,0.0,100.0
2025-W48,chat,Bengaluru,Chat Frontline,1.0,Day,A3006,Lakshmi Reddy,2,0,9.0,9.0,15,0.0,100.0
2025-W48,chat,Bengaluru,Chat Frontline,1.0,Day,A3012,Lakshmi Sethi,3,0,9.333333333333334,8.0,15,0.0,100.0
2025-W48,chat,Bengaluru,Chat Frontline,1.0,Day,A3015,Yash Agarwal,2,0,8.0,8.0,15,0.0,100.0
2025-W48,chat,Bengaluru,Chat Frontline,1.0,Morning,A3005,Sameer Joshi,3,1,108.66666666666667,7.0,15,33.33333333333333,66.66666666666667
2025-W48,chat,Bengaluru,Chat Frontline,1.0,Morning,A3007,Neha Gaikwad,1,0,9.0,9.0,15,0.0,100.0
2025-W48,chat,Bengaluru,Chat Frontline,1.0,Morning,A3009,Ramesh Patel,4,1,111.75,3.0,15,25.0,75.0
2025-W48,chat,Bengaluru,Chat Frontline,1.0,Morning,A3014,Diya Patil,3,3,416.6666666666667,471.0,15,100.0,0.0
2025-W48,chat,Bengaluru,Email Frontline,1.0,Day,A3020,Ramesh Ghosh,1,0,4.0,4.0,15,0.0,100.0
2025-W48,chat,Bengaluru,Email Frontline,1.0,Morning,A3018,Farah Sheikh,1,0,1.0,1.0,15,0.0,100.0
2025-W48,chat,Bengaluru,Escalations & Warranty,2.0,Day,A3040,Thomas Arora,1,0,12.0,12.0,15,0.0,100.0
2025-W48,chat,Bengaluru,Escalations & Warranty,2.0,Day,A3042,Steven Chopra,1,0,3.0,3.0,15,0.0,100.0
2025-W48,chat,Bengaluru,Escalations & Warranty,2.0,Day,A3044,Kunal Malhotra,1,1,18.0,18.0,15,100.0,0.0
2025-W48,chat,Bengaluru,Escalations & Warranty,2.0,Morning,A3039,Riya Gaikwad,6,5,387.3333333333333,474.5,15,83.33333333333334,16.666666666666657
2025-W48,chat,Bengaluru,Escalations & Warranty,2.0,Morning,A3043,Rohit Jain,1,0,4.0,4.0,15,0.0,100.0
2025-W48,chat,Bengaluru,Logistics,1.0,Day,A3029,Rajat Iyer,1,1,21.0,21.0,15,100.0,0.0
2025-W48,chat,Bengaluru,Logistics,1.0,Day,A3030,Sunita Srivastava,1,0,3.0,3.0,15,0.0,100.0
2025-W48,chat,Bengaluru,Logistics,1.0,Morning,A3031,Om Malhotra,8,5,189.375,33.5,15,62.5,37.5
2025-W48,chat,Bengaluru,Returns Desk,1.0,Day,A3038,Amit Yadav,2,0,8.5,8.5,15,0.0,100.0
2025-W48,chat,Bengaluru,Returns Desk,1.0,Morning,A3037,Rahul Sen,2,1,54.0,54.0,15,50.0,50.0
2025-W48,chat,Indore,Billing,1.0,Morning,A3032,Aadhya Sheikh,1,1,493.0,493.0,15,100.0,0.0
2025-W48,chat,Indore,Chat Frontline,1.0,Day,A3002,Tarun Mishra,8,0,4.25,2.5,15,0.0,100.0
2025-W48,chat,Indore,Chat Frontline,1.0,Day,A3003,Harpreet Deshpande,2,0,1.5,1.5,15,0.0,100.0
2025-W48,chat,Indore,Chat Frontline,1.0,Morning,A3008,Steven Kaur,4,1,131.0,2.5,15,25.0,75.0
2025-W48,chat,Indore,Chat Frontline,1.0,Morning,A3010,Neha Chatterjee,2,2,331.5,331.5,15,100.0,0.0
2025-W48,chat,Indore,Chat Frontline,1.0,Morning,A3011,Karan Roy,1,1,88.0,88.0,15,100.0,0.0
2025-W48,chat,Indore,Chat Frontline,1.0,Morning,A3013,Ritika Chatterjee,7,4,221.28571428571428,281.0,15,57.14285714285714,42.85714285714286
2025-W48,chat,Indore,Escalations & Warranty,2.0,Day,A3041,Riya Fernandes,2,0,3.0,3.0,15,0.0,100.0
2025-W48,chat,Indore,Logistics,1.0,Day,A3027,Dev Chatterjee,4,1,7.25,5.5,15,25.0,75.0
2025-W48,chat,Indore,Logistics,1.0,Morning,A3028,Krishna Kaur,6,5,276.0,302.0,15,83.33333333333334,16.666666666666657
2025-W48,email,Bengaluru,Billing,1.0,Day,A3034,Thomas Patel,4,0,176.25,194.0,480,0.0,100.0
2025-W48,email,Bengaluru,Billing,1.0,Morning,A3035,Rohit Mukherjee,2,1,369.5,369.5,480,50.0,50.0
2025-W48,email,Bengaluru,Chat Frontline,1.0,Day,A3004,Krishna Naidu,1,0,113.0,113.0,480,0.0,100.0
2025-W48,email,Bengaluru,Chat Frontline,1.0,Day,A3006,Lakshmi Reddy,1,0,348.0,348.0,480,0.0,100.0
2025-W48,email,Bengaluru,Email Frontline,1.0,Day,A3020,Ramesh Ghosh,6,0,180.5,169.5,480,0.0,100.0
2025-W48,email,Bengaluru,Email Frontline,1.0,Day,A3021,Aditya Dhillon,2,0,124.5,124.5,480,0.0,100.0
2025-W48,email,Bengaluru,Email Frontline,1.0,Day,A3022,Steven Tiwari,5,1,249.8,209.0,480,20.0,80.0
2025-W48,email,Bengaluru,Email Frontline,1.0,Morning,A3018,Farah Sheikh,16,7,396.0,428.0,480,43.75,56.25
2025-W48,email,Bengaluru,Email Frontline,1.0,Morning,A3019,Sai Sandhu,9,3,374.77777777777777,323.0,480,33.33333333333333,66.66666666666667
2025-W48,email,Bengaluru,Escalations & Warranty,2.0,Day,A3044,Kunal Malhotra,1,0,66.0,66.0,480,0.0,100.0
2025-W48,email,Bengaluru,Logistics,1.0,Day,A3029,Rajat Iyer,7,0,200.28571428571428,145.0,480,0.0,100.0
2025-W48,email,Bengaluru,Logistics,1.0,Day,A3030,Sunita Srivastava,6,0,264.0,296.0,480,0.0,100.0
2025-W48,email,Bengaluru,Logistics,1.0,Morning,A3031,Om Malhotra,3,0,151.66666666666666,117.0,480,0.0,100.0
2025-W48,email,Bengaluru,Returns Desk,1.0,Day,A3036,Rohit Shinde,2,0,439.5,439.5,480,0.0,100.0
2025-W48,email,Bengaluru,Returns Desk,1.0,Day,A3038,Amit Yadav,1,1,1477.0,1477.0,480,100.0,0.0
2025-W48,email,Bengaluru,Returns Desk,1.0,Morning,A3037,Rahul Sen,3,2,507.6666666666667,514.0,480,66.66666666666666,33.33333333333334
2025-W48,email,Indore,Billing,1.0,Morning,A3032,Aadhya Sheikh,3,1,325.6666666666667,214.0,480,33.33333333333333,66.66666666666667
2025-W48,email,Indore,Escalations & Warranty,2.0,Day,A3041,Riya Fernandes,1,0,397.0,397.0,480,0.0,100.0
2025-W48,email,Indore,Logistics,1.0,Day,A3027,Dev Chatterjee,1,0,89.0,89.0,480,0.0,100.0
2025-W48,email,Indore,Logistics,1.0,Morning,A3028,Krishna Kaur,3,1,338.3333333333333,448.0,480,33.33333333333333,66.66666666666667
2025-W48,social,Bengaluru,Billing,1.0,Day,A3034,Thomas Patel,2,1,154.5,154.5,240,50.0,50.0
2025-W48,social,Bengaluru,Billing,1.0,Morning,A3035,Rohit Mukherjee,1,0,43.0,43.0,240,0.0,100.0
2025-W48,social,Bengaluru,Chat Frontline,1.0,Day,A3015,Yash Agarwal,1,0,99.0,99.0,240,0.0,100.0
2025-W48,social,Bengaluru,Chat Frontline,1.0,Morning,A3005,Sameer Joshi,3,2,207.0,251.0,240,66.66666666666666,33.33333333333334
2025-W48,social,Bengaluru,Chat Frontline,1.0,Morning,A3014,Diya Patil,3,0,86.66666666666667,74.0,240,0.0,100.0
2025-W48,social,Bengaluru,Escalations & Warranty,2.0,Morning,A3043,Rohit Jain,1,1,526.0,526.0,240,100.0,0.0
2025-W48,social,Bengaluru,Logistics,1.0,Day,A3029,Rajat Iyer,1,0,172.0,172.0,240,0.0,100.0
2025-W48,social,Bengaluru,Logistics,1.0,Morning,A3031,Om Malhotra,2,1,324.5,324.5,240,50.0,50.0
2025-W48,social,Bengaluru,Returns Desk,1.0,Day,A3036,Rohit Shinde,1,1,327.0,327.0,240,100.0,0.0
2025-W48,social,Bengaluru,Returns Desk,1.0,Day,A3038,Amit Yadav,1,0,81.0,81.0,240,0.0,100.0
2025-W48,social,Indore,Billing,1.0,Morning,A3032,Aadhya Sheikh,3,0,79.33333333333333,54.0,240,0.0,100.0
2025-W48,social,Indore,Chat Frontline,1.0,Day,A3003,Harpreet Deshpande,2,0,134.5,134.5,240,0.0,100.0
2025-W48,social,Indore,Chat Frontline,1.0,Morning,A3008,Steven Kaur,1,0,226.0,226.0,240,0.0,100.0
2025-W48,social,Indore,Chat Frontline,1.0,Morning,A3011,Karan Roy,1,0,113.0,113.0,240,0.0,100.0
2025-W48,social,Indore,Escalations & Warranty,2.0,Day,A3041,Riya Fernandes,1,0,61.0,61.0,240,0.0,100.0
2025-W48,social,Indore,Logistics,1.0,Morning,A3028,Krishna Kaur,1,0,15.0,15.0,240,0.0,100.0
2025-W48,voice,Bengaluru,Billing,1.0,Day,A3034,Thomas Patel,5,1,69.6,42.0,120,20.0,80.0
2025-W48,voice,Bengaluru,Billing,1.0,Morning,A3035,Rohit Mukherjee,1,0,46.0,46.0,120,0.0,100.0
2025-W48,voice,Bengaluru,Escalations & Warranty,2.0,Day,A3040,Thomas Arora,1,0,32.0,32.0,120,0.0,100.0
2025-W48,voice,Bengaluru,Escalations & Warranty,2.0,Morning,A3043,Rohit Jain,2,0,25.0,25.0,120,0.0,100.0
2025-W48,voice,Bengaluru,Logistics,1.0,Day,A3030,Sunita Srivastava,1,0,35.0,35.0,120,0.0,100.0
2025-W48,voice,Bengaluru,Logistics,1.0,Morning,A3031,Om Malhotra,2,0,38.5,38.5,120,0.0,100.0
2025-W48,voice,Bengaluru,Returns Desk,1.0,Day,A3038,Amit Yadav,2,0,58.5,58.5,120,0.0,100.0
2025-W48,voice,Bengaluru,Returns Desk,1.0,Morning,A3037,Rahul Sen,2,0,19.5,19.5,120,0.0,100.0
2025-W48,voice,Bengaluru,Voice Frontline,1.0,Day,A3023,Rahul Khanna,3,0,38.333333333333336,31.0,120,0.0,100.0
2025-W48,voice,Bengaluru,Voice Frontline,1.0,Day,A3026,Lakshmi Qureshi,2,0,51.5,51.5,120,0.0,100.0
2025-W48,voice,Bengaluru,Voice Frontline,1.0,Morning,A3024,Kunal Khanna,1,0,31.0,31.0,120,0.0,100.0
2025-W48,voice,Bengaluru,Voice Frontline,1.0,Morning,A3025,Lobsang Rao,4,1,72.75,38.0,120,25.0,75.0
2025-W48,voice,Indore,Chat Frontline,1.0,Morning,A3008,Steven Kaur,1,0,17.0,17.0,120,0.0,100.0
2025-W49,chat,Bengaluru,Billing,1.0,Day,A3034,Thomas Patel,3,1,13.333333333333334,14.0,15,33.33333333333333,66.66666666666667
2025-W49,chat,Bengaluru,Billing,1.0,Morning,A3033,Amit Kulkarni,6,5,361.6666666666667,420.5,15,83.33333333333334,16.666666666666657
2025-W49,chat,Bengaluru,Billing,1.0,Morning,A3035,Rohit Mukherjee,5,4,334.2,362.0,15,80.0,20.0
2025-W49,chat,Bengaluru,Chat Frontline,1.0,Day,A3004,Krishna Naidu,3,0,3.0,3.0,15,0.0,100.0
2025-W49,chat,Bengaluru,Chat Frontline,1.0,Day,A3006,Lakshmi Reddy,3,1,11.666666666666666,6.0,15,33.33333333333333,66.66666666666667
2025-W49,chat,Bengaluru,Chat Frontline,1.0,Day,A3012,Lakshmi Sethi,1,0,2.0,2.0,15,0.0,100.0
2025-W49,chat,Bengaluru,Chat Frontline,1.0,Day,A3015,Yash Agarwal,1,0,5.0,5.0,15,0.0,100.0
2025-W49,chat,Bengaluru,Chat Frontline,1.0,Morning,A3005,Sameer Joshi,4,0,6.5,5.0,15,0.0,100.0
2025-W49,chat,Bengaluru,Chat Frontline,1.0,Morning,A3007,Neha Gaikwad,6,3,164.5,36.5,15,50.0,50.0
2025-W49,chat,Bengaluru,Chat Frontline,1.0,Morning,A3009,Ramesh Patel,2,1,271.0,271.0,15,50.0,50.0
2025-W49,chat,Bengaluru,Chat Frontline,1.0,Morning,A3014,Diya Patil,3,1,111.0,5.0,15,33.33333333333333,66.66666666666667
2025-W49,chat,Bengaluru,Email Frontline,1.0,Day,A3021,Aditya Dhillon,1,0,6.0,6.0,15,0.0,100.0
2025-W49,chat,Bengaluru,Escalations & Warranty,2.0,Day,A3042,Steven Chopra,1,0,0.0,0.0,15,0.0,100.0
2025-W49,chat,Bengaluru,Logistics,1.0,Day,A3029,Rajat Iyer,2,0,1.5,1.5,15,0.0,100.0
2025-W49,chat,Bengaluru,Logistics,1.0,Day,A3030,Sunita Srivastava,1,0,6.0,6.0,15,0.0,100.0
2025-W49,chat,Bengaluru,Logistics,1.0,Morning,A3031,Om Malhotra,1,0,2.0,2.0,15,0.0,100.0
2025-W49,chat,Bengaluru,Returns Desk,1.0,Day,A3036,Rohit Shinde,2,0,5.0,5.0,15,0.0,100.0
2025-W49,chat,Bengaluru,Returns Desk,1.0,Day,A3038,Amit Yadav,3,0,2.6666666666666665,2.0,15,0.0,100.0
2025-W49,chat,Bengaluru,Returns Desk,1.0,Morning,A3037,Rahul Sen,6,2,132.16666666666666,10.0,15,33.33333333333333,66.66666666666667
2025-W49,chat,Indore,Billing,1.0,Morning,A3032,Aadhya Sheikh,3,1,10.0,4.0,15,33.33333333333333,66.66666666666667
2025-W49,chat,Indore,Chat Frontline,1.0,Day,A3002,Tarun Mishra,2,0,2.0,2.0,15,0.0,100.0
2025-W49,chat,Indore,Chat Frontline,1.0,Day,A3003,Harpreet Deshpande,4,0,4.75,5.0,15,0.0,100.0
2025-W49,chat,Indore,Chat Frontline,1.0,Morning,A3008,Steven Kaur,3,2,156.0,82.0,15,66.66666666666666,33.33333333333334
2025-W49,chat,Indore,Chat Frontline,1.0,Morning,A3010,Neha Chatterjee,4,4,367.75,476.0,15,100.0,0.0
2025-W49,chat,Indore,Chat Frontline,1.0,Morning,A3011,Karan Roy,2,0,9.0,9.0,15,0.0,100.0
2025-W49,chat,Indore,Chat Frontline,1.0,Morning,A3013,Ritika Chatterjee,3,2,169.66666666666666,108.0,15,66.66666666666666,33.33333333333334
2025-W49,chat,Indore,Escalations & Warranty,2.0,Day,A3041,Riya Fernandes,1,0,4.0,4.0,15,0.0,100.0
2025-W49,chat,Indore,Logistics,1.0,Morning,A3028,Krishna Kaur,7,3,183.14285714285714,7.0,15,42.857142857142854,57.142857142857146
2025-W49,email,Bengaluru,Billing,1.0,Day,A3034,Thomas Patel,5,0,128.0,143.0,480,0.0,100.0
2025-W49,email,Bengaluru,Billing,1.0,Morning,A3033,Amit Kulkarni,1,1,599.0,599.0,480,100.0,0.0
2025-W49,email,Bengaluru,Billing,1.0,Morning,A3035,Rohit Mukherjee,1,0,165.0,165.0,480,0.0,100.0
2025-W49,email,Bengaluru,Email Frontline,1.0,Day,A3020,Ramesh Ghosh,2,0,46.5,46.5,480,0.0,100.0
2025-W49,email,Bengaluru,Email Frontline,1.0,Day,A3021,Aditya Dhillon,8,1,208.25,133.0,480,12.5,87.5
2025-W49,email,Bengaluru,Email Frontline,1.0,Day,A3022,Steven Tiwari,4,1,239.5,187.5,480,25.0,75.0
2025-W49,email,Bengaluru,Email Frontline,1.0,Morning,A3018,Farah Sheikh,5,1,307.0,372.0,480,20.0,80.0
2025-W49,email,Bengaluru,Email Frontline,1.0,Morning,A3019,Sai Sandhu,13,5,378.0769230769231,434.0,480,38.46153846153847,61.53846153846153
2025-W49,email,Bengaluru,Escalations & Warranty,2.0,Day,A3042,Steven Chopra,1,0,278.0,278.0,480,0.0,100.0
2025-W49,email,Bengaluru,Escalations & Warranty,2.0,Morning,A3039,Riya Gaikwad,1,0,112.0,112.0,480,0.0,100.0
2025-W49,email,Bengaluru,Escalations & Warranty,2.0,Morning,A3043,Rohit Jain,3,2,488.3333333333333,508.0,480,66.66666666666666,33.33333333333334
2025-W49,email,Bengaluru,Logistics,1.0,Day,A3029,Rajat Iyer,1,0,172.0,172.0,480,0.0,100.0
2025-W49,email,Bengaluru,Logistics,1.0,Day,A3030,Sunita Srivastava,3,2,825.0,566.0,480,66.66666666666666,33.33333333333334
2025-W49,email,Bengaluru,Logistics,1.0,Morning,A3031,Om Malhotra,4,2,366.0,360.5,480,50.0,50.0
2025-W49,email,Bengaluru,Returns Desk,1.0,Day,A3036,Rohit Shinde,2,0,248.0,248.0,480,0.0,100.0
2025-W49,email,Bengaluru,Returns Desk,1.0,Day,A3038,Amit Yadav,2,1,302.0,302.0,480,50.0,50.0
2025-W49,email,Bengaluru,Returns Desk,1.0,Morning,A3037,Rahul Sen,4,2,651.25,620.5,480,50.0,50.0
2025-W49,email,Indore,Billing,1.0,Morning,A3032,Aadhya Sheikh,4,2,484.5,468.0,480,50.0,50.0
2025-W49,email,Indore,Chat Frontline,1.0,Morning,A3010,Neha Chatterjee,1,1,586.0,586.0,480,100.0,0.0
2025-W49,email,Indore,Logistics,1.0,Day,A3027,Dev Chatterjee,3,0,228.33333333333334,247.0,480,0.0,100.0
2025-W49,email,Indore,Logistics,1.0,Morning,A3028,Krishna Kaur,6,1,333.5,284.5,480,16.666666666666664,83.33333333333334
2025-W49,social,Bengaluru,Billing,1.0,Day,A3034,Thomas Patel,1,0,100.0,100.0,240,0.0,100.0
2025-W49,social,Bengaluru,Billing,1.0,Morning,A3035,Rohit Mukherjee,1,0,52.0,52.0,240,0.0,100.0
2025-W49,social,Bengaluru,Chat Frontline,1.0,Day,A3004,Krishna Naidu,1,0,26.0,26.0,240,0.0,100.0
2025-W49,social,Bengaluru,Chat Frontline,1.0,Day,A3012,Lakshmi Sethi,1,0,67.0,67.0,240,0.0,100.0
2025-W49,social,Bengaluru,Chat Frontline,1.0,Morning,A3009,Ramesh Patel,1,0,152.0,152.0,240,0.0,100.0
2025-W49,social,Bengaluru,Escalations & Warranty,2.0,Day,A3042,Steven Chopra,1,0,125.0,125.0,240,0.0,100.0
2025-W49,social,Bengaluru,Escalations & Warranty,2.0,Morning,A3039,Riya Gaikwad,1,1,525.0,525.0,240,100.0,0.0
2025-W49,social,Bengaluru,Escalations & Warranty,2.0,Morning,A3043,Rohit Jain,1,0,69.0,69.0,240,0.0,100.0
2025-W49,social,Bengaluru,Logistics,1.0,Day,A3030,Sunita Srivastava,2,0,108.0,108.0,240,0.0,100.0
2025-W49,social,Bengaluru,Returns Desk,1.0,Morning,A3037,Rahul Sen,1,0,135.0,135.0,240,0.0,100.0
2025-W49,social,Indore,Chat Frontline,1.0,Day,A3003,Harpreet Deshpande,1,1,598.0,598.0,240,100.0,0.0
2025-W49,social,Indore,Chat Frontline,1.0,Morning,A3008,Steven Kaur,2,0,63.0,63.0,240,0.0,100.0
2025-W49,social,Indore,Chat Frontline,1.0,Morning,A3010,Neha Chatterjee,1,1,326.0,326.0,240,100.0,0.0
2025-W49,social,Indore,Chat Frontline,1.0,Morning,A3011,Karan Roy,1,1,558.0,558.0,240,100.0,0.0
2025-W49,social,Indore,Logistics,1.0,Day,A3027,Dev Chatterjee,2,1,203.0,203.0,240,50.0,50.0
2025-W49,voice,Bengaluru,Billing,1.0,Day,A3034,Thomas Patel,4,0,28.25,27.5,120,0.0,100.0
2025-W49,voice,Bengaluru,Escalations & Warranty,2.0,Morning,A3043,Rohit Jain,1,0,24.0,24.0,120,0.0,100.0
2025-W49,voice,Bengaluru,Logistics,1.0,Day,A3029,Rajat Iyer,1,0,21.0,21.0,120,0.0,100.0
2025-W49,voice,Bengaluru,Returns Desk,1.0,Day,A3038,Amit Yadav,2,0,49.0,49.0,120,0.0,100.0
2025-W49,voice,Bengaluru,Returns Desk,1.0,Morning,A3037,Rahul Sen,1,1,131.0,131.0,120,100.0,0.0
2025-W49,voice,Bengaluru,Voice Frontline,1.0,Day,A3023,Rahul Khanna,5,0,59.2,57.0,120,0.0,100.0
2025-W49,voice,Bengaluru,Voice Frontline,1.0,Day,A3026,Lakshmi Qureshi,8,0,34.875,23.0,120,0.0,100.0
2025-W49,voice,Bengaluru,Voice Frontline,1.0,Morning,A3024,Kunal Khanna,2,0,90.0,90.0,120,0.0,100.0
2025-W49,voice,Indore,Billing,1.0,Morning,A3032,Aadhya Sheikh,1,0,71.0,71.0,120,0.0,100.0
2025-W49,voice,Indore,Logistics,1.0,Day,A3027,Dev Chatterjee,3,0,41.666666666666664,53.0,120,0.0,100.0
2025-W49,voice,Indore,Logistics,1.0,Morning,A3028,Krishna Kaur,1,0,27.0,27.0,120,0.0,100.0
2025-W50,chat,Bengaluru,Billing,1.0,Day,A3034,Thomas Patel,4,1,10.5,8.0,15,25.0,75.0
2025-W50,chat,Bengaluru,Billing,1.0,Morning,A3033,Amit Kulkarni,2,2,505.5,505.5,15,100.0,0.0
2025-W50,chat,Bengaluru,Billing,1.0,Morning,A3035,Rohit Mukherjee,2,2,412.5,412.5,15,100.0,0.0
2025-W50,chat,Bengaluru,Chat Frontline,1.0,Day,A3004,Krishna Naidu,4,0,8.0,7.5,15,0.0,100.0
2025-W50,chat,Bengaluru,Chat Frontline,1.0,Day,A3006,Lakshmi Reddy,3,0,4.333333333333333,6.0,15,0.0,100.0
2025-W50,chat,Bengaluru,Chat Frontline,1.0,Day,A3012,Lakshmi Sethi,3,1,12.333333333333334,11.0,15,33.33333333333333,66.66666666666667
2025-W50,chat,Bengaluru,Chat Frontline,1.0,Day,A3015,Yash Agarwal,3,1,14.333333333333334,4.0,15,33.33333333333333,66.66666666666667
2025-W50,chat,Bengaluru,Chat Frontline,1.0,Morning,A3005,Sameer Joshi,2,2,246.0,246.0,15,100.0,0.0
2025-W50,chat,Bengaluru,Chat Frontline,1.0,Morning,A3007,Neha Gaikwad,4,2,118.5,72.0,15,50.0,50.0
2025-W50,chat,Bengaluru,Chat Frontline,1.0,Morning,A3009,Ramesh Patel,4,2,140.0,13.0,15,50.0,50.0
2025-W50,chat,Bengaluru,Chat Frontline,1.0,Morning,A3014,Diya Patil,4,2,222.75,189.5,15,50.0,50.0
2025-W50,chat,Bengaluru,Email Frontline,1.0,Day,A3021,Aditya Dhillon,1,0,10.0,10.0,15,0.0,100.0
2025-W50,chat,Bengaluru,Escalations & Warranty,2.0,Day,A3040,Thomas Arora,1,0,14.0,14.0,15,0.0,100.0
2025-W50,chat,Bengaluru,Escalations & Warranty,2.0,Morning,A3039,Riya Gaikwad,1,1,163.0,163.0,15,100.0,0.0
2025-W50,chat,Bengaluru,Escalations & Warranty,2.0,Morning,A3043,Rohit Jain,2,0,5.0,5.0,15,0.0,100.0
2025-W50,chat,Bengaluru,Logistics,1.0,Day,A3029,Rajat Iyer,1,0,1.0,1.0,15,0.0,100.0
2025-W50,chat,Bengaluru,Logistics,1.0,Day,A3030,Sunita Srivastava,3,0,3.3333333333333335,4.0,15,0.0,100.0
2025-W50,chat,Bengaluru,Logistics,1.0,Morning,A3031,Om Malhotra,3,1,166.66666666666666,10.0,15,33.33333333333333,66.66666666666667
2025-W50,chat,Bengaluru,Returns Desk,1.0,Day,A3036,Rohit Shinde,4,1,7.75,4.5,15,25.0,75.0
2025-W50,chat,Bengaluru,Returns Desk,1.0,Day,A3038,Amit Yadav,2,0,8.0,8.0,15,0.0,100.0
2025-W50,chat,Bengaluru,Returns Desk,1.0,Morning,A3037,Rahul Sen,3,2,263.0,324.0,15,66.66666666666666,33.33333333333334
2025-W50,chat,Indore,Billing,1.0,Morning,A3032,Aadhya Sheikh,2,0,6.5,6.5,15,0.0,100.0
2025-W50,chat,Indore,Chat Frontline,1.0,Day,A3002,Tarun Mishra,2,0,6.0,6.0,15,0.0,100.0
2025-W50,chat,Indore,Chat Frontline,1.0,Day,A3003,Harpreet Deshpande,3,0,4.0,2.0,15,0.0,100.0
2025-W50,chat,Indore,Chat Frontline,1.0,Morning,A3008,Steven Kaur,1,0,3.0,3.0,15,0.0,100.0
2025-W50,chat,Indore,Chat Frontline,1.0,Morning,A3010,Neha Chatterjee,4,2,149.5,65.5,15,50.0,50.0
2025-W50,chat,Indore,Chat Frontline,1.0,Morning,A3011,Karan Roy,5,2,119.4,3.0,15,40.0,60.0
2025-W50,chat,Indore,Chat Frontline,1.0,Morning,A3013,Ritika Chatterjee,4,1,96.75,2.5,15,25.0,75.0
2025-W50,chat,Indore,Escalations & Warranty,2.0,Day,A3041,Riya Fernandes,1,0,4.0,4.0,15,0.0,100.0
2025-W50,chat,Indore,Logistics,1.0,Day,A3027,Dev Chatterjee,3,1,180.66666666666666,2.0,15,33.33333333333333,66.66666666666667
2025-W50,chat,Indore,Logistics,1.0,Morning,A3028,Krishna Kaur,3,2,308.0,456.0,15,66.66666666666666,33.33333333333334
2025-W50,email,Bengaluru,Billing,1.0,Day,A3034,Thomas Patel,4,1,299.0,337.0,480,25.0,75.0
2025-W50,email,Bengaluru,Billing,1.0,Morning,A3033,Amit Kulkarni,1,1,606.0,606.0,480,100.0,0.0
2025-W50,email,Bengaluru,Billing,1.0,Morning,A3035,Rohit Mukherjee,3,0,50.666666666666664,51.0,480,0.0,100.0
2025-W50,email,Bengaluru,Email Frontline,1.0,Day,A3020,Ramesh Ghosh,7,0,152.85714285714286,119.0,480,0.0,100.0
2025-W50,email,Bengaluru,Email Frontline,1.0,Day,A3021,Aditya Dhillon,3,0,66.66666666666667,77.0,480,0.0,100.0
2025-W50,email,Bengaluru,Email Frontline,1.0,Day,A3022,Steven Tiwari,5,0,183.4,181.0,480,0.0,100.0
2025-W50,email,Bengaluru,Email Frontline,1.0,Morning,A3018,Farah Sheikh,10,2,252.2,168.0,480,20.0,80.0
2025-W50,email,Bengaluru,Email Frontline,1.0,Morning,A3019,Sai Sandhu,9,2,288.44444444444446,202.0,480,22.22222222222222,77.77777777777777
2025-W50,email,Bengaluru,Escalations & Warranty,2.0,Day,A3040,Thomas Arora,1,1,510.0,510.0,480,100.0,0.0
2025-W50,email,Bengaluru,Escalations & Warranty,2.0,Morning,A3039,Riya Gaikwad,1,0,112.0,112.0,480,0.0,100.0
2025-W50,email,Bengaluru,Escalations & Warranty,2.0,Morning,A3043,Rohit Jain,1,0,54.0,54.0,480,0.0,100.0
2025-W50,email,Bengaluru,Logistics,1.0,Day,A3029,Rajat Iyer,2,0,46.0,46.0,480,0.0,100.0
2025-W50,email,Bengaluru,Logistics,1.0,Morning,A3031,Om Malhotra,2,1,299.5,299.5,480,50.0,50.0
2025-W50,email,Bengaluru,Returns Desk,1.0,Day,A3036,Rohit Shinde,1,0,43.0,43.0,480,0.0,100.0
2025-W50,email,Bengaluru,Returns Desk,1.0,Day,A3038,Amit Yadav,1,0,307.0,307.0,480,0.0,100.0
2025-W50,email,Bengaluru,Returns Desk,1.0,Morning,A3037,Rahul Sen,2,0,160.5,160.5,480,0.0,100.0
2025-W50,email,Indore,Billing,1.0,Morning,A3032,Aadhya Sheikh,3,1,480.0,318.0,480,33.33333333333333,66.66666666666667
2025-W50,email,Indore,Logistics,1.0,Day,A3027,Dev Chatterjee,4,0,243.0,234.5,480,0.0,100.0
2025-W50,email,Indore,Logistics,1.0,Morning,A3028,Krishna Kaur,1,0,98.0,98.0,480,0.0,100.0
2025-W50,social,Bengaluru,Chat Frontline,1.0,Day,A3006,Lakshmi Reddy,2,0,42.0,42.0,240,0.0,100.0
2025-W50,social,Bengaluru,Chat Frontline,1.0,Morning,A3009,Ramesh Patel,1,0,114.0,114.0,240,0.0,100.0
2025-W50,social,Bengaluru,Email Frontline,1.0,Day,A3022,Steven Tiwari,1,1,468.0,468.0,240,100.0,0.0
2025-W50,social,Bengaluru,Escalations & Warranty,2.0,Day,A3040,Thomas Arora,1,0,44.0,44.0,240,0.0,100.0
2025-W50,social,Bengaluru,Logistics,1.0,Morning,A3031,Om Malhotra,1,1,398.0,398.0,240,100.0,0.0
2025-W50,social,Bengaluru,Returns Desk,1.0,Day,A3036,Rohit Shinde,2,0,96.0,96.0,240,0.0,100.0
2025-W50,social,Bengaluru,Returns Desk,1.0,Morning,A3037,Rahul Sen,1,0,23.0,23.0,240,0.0,100.0
2025-W50,social,Indore,Billing,1.0,Morning,A3032,Aadhya Sheikh,1,0,73.0,73.0,240,0.0,100.0
2025-W50,social,Indore,Chat Frontline,1.0,Morning,A3013,Ritika Chatterjee,2,1,265.5,265.5,240,50.0,50.0
2025-W50,social,Indore,Logistics,1.0,Morning,A3028,Krishna Kaur,1,0,116.0,116.0,240,0.0,100.0
2025-W50,voice,Bengaluru,Billing,1.0,Morning,A3035,Rohit Mukherjee,2,0,16.5,16.5,120,0.0,100.0
2025-W50,voice,Bengaluru,Email Frontline,1.0,Morning,A3018,Farah Sheikh,1,0,67.0,67.0,120,0.0,100.0
2025-W50,voice,Bengaluru,Escalations & Warranty,2.0,Day,A3040,Thomas Arora,1,0,20.0,20.0,120,0.0,100.0
2025-W50,voice,Bengaluru,Escalations & Warranty,2.0,Day,A3042,Steven Chopra,1,0,56.0,56.0,120,0.0,100.0
2025-W50,voice,Bengaluru,Logistics,1.0,Day,A3029,Rajat Iyer,1,0,5.0,5.0,120,0.0,100.0
2025-W50,voice,Bengaluru,Logistics,1.0,Day,A3030,Sunita Srivastava,1,0,33.0,33.0,120,0.0,100.0
2025-W50,voice,Bengaluru,Logistics,1.0,Morning,A3031,Om Malhotra,1,0,65.0,65.0,120,0.0,100.0
2025-W50,voice,Bengaluru,Returns Desk,1.0,Day,A3038,Amit Yadav,2,0,69.5,69.5,120,0.0,100.0
2025-W50,voice,Bengaluru,Returns Desk,1.0,Morning,A3037,Rahul Sen,2,0,39.0,39.0,120,0.0,100.0
2025-W50,voice,Bengaluru,Voice Frontline,1.0,Day,A3023,Rahul Khanna,2,0,55.5,55.5,120,0.0,100.0
2025-W50,voice,Bengaluru,Voice Frontline,1.0,Day,A3026,Lakshmi Qureshi,5,0,24.2,31.0,120,0.0,100.0
2025-W50,voice,Bengaluru,Voice Frontline,1.0,Morning,A3024,Kunal Khanna,4,0,19.25,15.0,120,0.0,100.0
2025-W50,voice,Bengaluru,Voice Frontline,1.0,Morning,A3025,Lobsang Rao,3,1,66.33333333333333,50.0,120,33.33333333333333,66.66666666666667
2025-W50,voice,Indore,Escalations & Warranty,2.0,Day,A3041,Riya Fernandes,1,0,14.0,14.0,120,0.0,100.0
2025-W50,voice,Indore,Logistics,1.0,Morning,A3028,Krishna Kaur,1,0,28.0,28.0,120,0.0,100.0
2025-W51,chat,Bengaluru,Billing,1.0,Day,A3034,Thomas Patel,3,1,178.33333333333334,3.0,15,33.33333333333333,66.66666666666667
2025-W51,chat,Bengaluru,Billing,1.0,Morning,A3033,Amit Kulkarni,2,2,185.0,185.0,15,100.0,0.0
2025-W51,chat,Bengaluru,Chat Frontline,1.0,Day,A3004,Krishna Naidu,2,0,2.5,2.5,15,0.0,100.0
2025-W51,chat,Bengaluru,Chat Frontline,1.0,Day,A3006,Lakshmi Reddy,3,0,4.0,3.0,15,0.0,100.0
2025-W51,chat,Bengaluru,Chat Frontline,1.0,Day,A3012,Lakshmi Sethi,4,0,7.25,7.0,15,0.0,100.0
2025-W51,chat,Bengaluru,Chat Frontline,1.0,Day,A3015,Yash Agarwal,5,0,3.2,2.0,15,0.0,100.0
2025-W51,chat,Bengaluru,Chat Frontline,1.0,Morning,A3005,Sameer Joshi,4,0,3.75,3.0,15,0.0,100.0
2025-W51,chat,Bengaluru,Chat Frontline,1.0,Morning,A3007,Neha Gaikwad,3,2,322.6666666666667,464.0,15,66.66666666666666,33.33333333333334
2025-W51,chat,Bengaluru,Chat Frontline,1.0,Morning,A3009,Ramesh Patel,1,1,467.0,467.0,15,100.0,0.0
2025-W51,chat,Bengaluru,Chat Frontline,1.0,Morning,A3014,Diya Patil,3,0,1.3333333333333333,1.0,15,0.0,100.0
2025-W51,chat,Bengaluru,Escalations & Warranty,2.0,Day,A3040,Thomas Arora,1,0,8.0,8.0,15,0.0,100.0
2025-W51,chat,Bengaluru,Escalations & Warranty,2.0,Day,A3042,Steven Chopra,1,0,5.0,5.0,15,0.0,100.0
2025-W51,chat,Bengaluru,Escalations & Warranty,2.0,Day,A3044,Kunal Malhotra,1,1,20.0,20.0,15,100.0,0.0
2025-W51,chat,Bengaluru,Escalations & Warranty,2.0,Morning,A3039,Riya Gaikwad,1,1,550.0,550.0,15,100.0,0.0
2025-W51,chat,Bengaluru,Escalations & Warranty,2.0,Morning,A3043,Rohit Jain,2,0,2.5,2.5,15,0.0,100.0
2025-W51,chat,Bengaluru,Logistics,1.0,Day,A3029,Rajat Iyer,4,0,3.0,3.0,15,0.0,100.0
2025-W51,chat,Bengaluru,Logistics,1.0,Day,A3030,Sunita Srivastava,6,0,4.666666666666667,3.5,15,0.0,100.0
2025-W51,chat,Bengaluru,Logistics,1.0,Morning,A3031,Om Malhotra,5,1,91.4,14.0,15,20.0,80.0
2025-W51,chat,Bengaluru,Returns Desk,1.0,Day,A3036,Rohit Shinde,1,0,7.0,7.0,15,0.0,100.0
2025-W51,chat,Bengaluru,Returns Desk,1.0,Morning,A3037,Rahul Sen,5,0,3.2,3.0,15,0.0,100.0
2025-W51,chat,Indore,Billing,1.0,Morning,A3032,Aadhya Sheikh,2,0,2.0,2.0,15,0.0,100.0
2025-W51,chat,Indore,Chat Frontline,1.0,Day,A3002,Tarun Mishra,4,1,10.0,6.5,15,25.0,75.0
2025-W51,chat,Indore,Chat Frontline,1.0,Day,A3003,Harpreet Deshpande,3,0,3.3333333333333335,4.0,15,0.0,100.0
2025-W51,chat,Indore,Chat Frontline,1.0,Morning,A3008,Steven Kaur,2,2,476.0,476.0,15,100.0,0.0
2025-W51,chat,Indore,Chat Frontline,1.0,Morning,A3010,Neha Chatterjee,5,2,111.2,7.0,15,40.0,60.0
2025-W51,chat,Indore,Chat Frontline,1.0,Morning,A3011,Karan Roy,5,2,92.0,6.0,15,40.0,60.0
2025-W51,chat,Indore,Chat Frontline,1.0,Morning,A3013,Ritika Chatterjee,2,1,67.5,67.5,15,50.0,50.0
2025-W51,chat,Indore,Logistics,1.0,Day,A3027,Dev Chatterjee,1,0,4.0,4.0,15,0.0,100.0
2025-W51,chat,Indore,Logistics,1.0,Morning,A3028,Krishna Kaur,2,1,10.5,10.5,15,50.0,50.0
2025-W51,email,Bengaluru,Billing,1.0,Day,A3034,Thomas Patel,2,0,270.5,270.5,480,0.0,100.0
2025-W51,email,Bengaluru,Billing,1.0,Morning,A3033,Amit Kulkarni,1,0,269.0,269.0,480,0.0,100.0
2025-W51,email,Bengaluru,Billing,1.0,Morning,A3035,Rohit Mukherjee,2,0,119.5,119.5,480,0.0,100.0
2025-W51,email,Bengaluru,Email Frontline,1.0,Day,A3020,Ramesh Ghosh,4,0,116.75,107.0,480,0.0,100.0
2025-W51,email,Bengaluru,Email Frontline,1.0,Day,A3021,Aditya Dhillon,3,0,188.33333333333334,105.0,480,0.0,100.0
2025-W51,email,Bengaluru,Email Frontline,1.0,Day,A3022,Steven Tiwari,2,0,135.0,135.0,480,0.0,100.0
2025-W51,email,Bengaluru,Email Frontline,1.0,Morning,A3018,Farah Sheikh,14,3,397.7142857142857,416.0,480,21.428571428571427,78.57142857142857
2025-W51,email,Bengaluru,Email Frontline,1.0,Morning,A3019,Sai Sandhu,10,3,349.5,384.0,480,30.0,70.0
2025-W51,email,Bengaluru,Escalations & Warranty,2.0,Morning,A3039,Riya Gaikwad,2,0,235.0,235.0,480,0.0,100.0
2025-W51,email,Bengaluru,Escalations & Warranty,2.0,Morning,A3043,Rohit Jain,1,0,80.0,80.0,480,0.0,100.0
2025-W51,email,Bengaluru,Logistics,1.0,Day,A3029,Rajat Iyer,1,0,140.0,140.0,480,0.0,100.0
2025-W51,email,Bengaluru,Logistics,1.0,Day,A3030,Sunita Srivastava,1,0,179.0,179.0,480,0.0,100.0
2025-W51,email,Bengaluru,Logistics,1.0,Morning,A3031,Om Malhotra,8,3,384.625,407.5,480,37.5,62.5
2025-W51,email,Bengaluru,Returns Desk,1.0,Day,A3036,Rohit Shinde,2,0,64.0,64.0,480,0.0,100.0
2025-W51,email,Bengaluru,Returns Desk,1.0,Day,A3038,Amit Yadav,1,0,186.0,186.0,480,0.0,100.0
2025-W51,email,Bengaluru,Returns Desk,1.0,Morning,A3037,Rahul Sen,6,2,370.1666666666667,371.5,480,33.33333333333333,66.66666666666667
2025-W51,email,Indore,Billing,1.0,Morning,A3032,Aadhya Sheikh,3,1,274.6666666666667,184.0,480,33.33333333333333,66.66666666666667
2025-W51,email,Indore,Chat Frontline,1.0,Day,A3003,Harpreet Deshpande,1,0,136.0,136.0,480,0.0,100.0
2025-W51,email,Indore,Escalations & Warranty,2.0,Day,A3041,Riya Fernandes,1,1,537.0,537.0,480,100.0,0.0
2025-W51,email,Indore,Logistics,1.0,Morning,A3028,Krishna Kaur,3,0,99.0,120.0,480,0.0,100.0
2025-W51,social,Bengaluru,Billing,1.0,Day,A3034,Thomas Patel,1,0,61.0,61.0,240,0.0,100.0
2025-W51,social,Bengaluru,Billing,1.0,Morning,A3035,Rohit Mukherjee,1,0,118.0,118.0,240,0.0,100.0
2025-W51,social,Bengaluru,Chat Frontline,1.0,Morning,A3007,Neha Gaikwad,1,0,86.0,86.0,240,0.0,100.0
2025-W51,social,Bengaluru,Escalations & Warranty,2.0,Morning,A3039,Riya Gaikwad,1,0,83.0,83.0,240,0.0,100.0
2025-W51,social,Indore,Billing,1.0,Morning,A3032,Aadhya Sheikh,1,0,70.0,70.0,240,0.0,100.0
2025-W51,social,Indore,Chat Frontline,1.0,Day,A3003,Harpreet Deshpande,1,0,56.0,56.0,240,0.0,100.0
2025-W51,social,Indore,Chat Frontline,1.0,Morning,A3008,Steven Kaur,2,0,109.0,109.0,240,0.0,100.0
2025-W51,social,Indore,Chat Frontline,1.0,Morning,A3010,Neha Chatterjee,1,1,477.0,477.0,240,100.0,0.0
2025-W51,social,Indore,Chat Frontline,1.0,Morning,A3013,Ritika Chatterjee,1,0,50.0,50.0,240,0.0,100.0
2025-W51,social,Indore,Logistics,1.0,Morning,A3028,Krishna Kaur,1,1,500.0,500.0,240,100.0,0.0
2025-W51,voice,Bengaluru,Billing,1.0,Day,A3034,Thomas Patel,2,0,25.0,25.0,120,0.0,100.0
2025-W51,voice,Bengaluru,Billing,1.0,Morning,A3035,Rohit Mukherjee,1,0,49.0,49.0,120,0.0,100.0
2025-W51,voice,Bengaluru,Logistics,1.0,Day,A3030,Sunita Srivastava,3,0,32.666666666666664,37.0,120,0.0,100.0
2025-W51,voice,Bengaluru,Returns Desk,1.0,Day,A3036,Rohit Shinde,1,0,53.0,53.0,120,0.0,100.0
2025-W51,voice,Bengaluru,Returns Desk,1.0,Day,A3038,Amit Yadav,1,0,35.0,35.0,120,0.0,100.0
2025-W51,voice,Bengaluru,Returns Desk,1.0,Morning,A3037,Rahul Sen,2,0,56.5,56.5,120,0.0,100.0
2025-W51,voice,Bengaluru,Voice Frontline,1.0,Day,A3023,Rahul Khanna,4,0,72.25,75.5,120,0.0,100.0
2025-W51,voice,Bengaluru,Voice Frontline,1.0,Day,A3026,Lakshmi Qureshi,2,0,89.5,89.5,120,0.0,100.0
2025-W51,voice,Bengaluru,Voice Frontline,1.0,Morning,A3024,Kunal Khanna,2,0,40.5,40.5,120,0.0,100.0
2025-W51,voice,Bengaluru,Voice Frontline,1.0,Morning,A3025,Lobsang Rao,2,0,21.5,21.5,120,0.0,100.0
2025-W51,voice,Indore,Logistics,1.0,Day,A3027,Dev Chatterjee,3,0,15.666666666666666,10.0,120,0.0,100.0
2025-W51,voice,Indore,Logistics,1.0,Morning,A3028,Krishna Kaur,2,0,38.0,38.0,120,0.0,100.0
2025-W52,chat,Bengaluru,Billing,1.0,Day,A3034,Thomas Patel,4,1,12.5,5.0,15,25.0,75.0
2025-W52,chat,Bengaluru,Billing,1.0,Morning,A3033,Amit Kulkarni,4,2,213.25,203.5,15,50.0,50.0
2025-W52,chat,Bengaluru,Billing,1.0,Morning,A3035,Rohit Mukherjee,2,0,6.0,6.0,15,0.0,100.0
2025-W52,chat,Bengaluru,Chat Frontline,1.0,Day,A3004,Krishna Naidu,2,0,6.5,6.5,15,0.0,100.0
2025-W52,chat,Bengaluru,Chat Frontline,1.0,Day,A3006,Lakshmi Reddy,3,0,6.333333333333333,5.0,15,0.0,100.0
2025-W52,chat,Bengaluru,Chat Frontline,1.0,Day,A3012,Lakshmi Sethi,3,0,3.6666666666666665,2.0,15,0.0,100.0
2025-W52,chat,Bengaluru,Chat Frontline,1.0,Day,A3015,Yash Agarwal,3,0,3.3333333333333335,3.0,15,0.0,100.0
2025-W52,chat,Bengaluru,Chat Frontline,1.0,Morning,A3007,Neha Gaikwad,4,2,239.75,231.5,15,50.0,50.0
2025-W52,chat,Bengaluru,Chat Frontline,1.0,Morning,A3009,Ramesh Patel,5,3,189.0,17.0,15,60.0,40.0
2025-W52,chat,Bengaluru,Chat Frontline,1.0,Morning,A3014,Diya Patil,3,3,457.3333333333333,501.0,15,100.0,0.0
2025-W52,chat,Bengaluru,Email Frontline,1.0,Day,A3021,Aditya Dhillon,1,0,8.0,8.0,15,0.0,100.0
2025-W52,chat,Bengaluru,Escalations & Warranty,2.0,Day,A3044,Kunal Malhotra,1,0,1.0,1.0,15,0.0,100.0
2025-W52,chat,Bengaluru,Escalations & Warranty,2.0,Morning,A3039,Riya Gaikwad,1,1,442.0,442.0,15,100.0,0.0
2025-W52,chat,Bengaluru,Escalations & Warranty,2.0,Morning,A3043,Rohit Jain,2,0,3.5,3.5,15,0.0,100.0
2025-W52,chat,Bengaluru,Logistics,1.0,Day,A3029,Rajat Iyer,1,0,6.0,6.0,15,0.0,100.0
2025-W52,chat,Bengaluru,Logistics,1.0,Day,A3030,Sunita Srivastava,2,1,235.5,235.5,15,50.0,50.0
2025-W52,chat,Bengaluru,Logistics,1.0,Morning,A3031,Om Malhotra,6,3,221.83333333333334,169.5,15,50.0,50.0
2025-W52,chat,Bengaluru,Returns Desk,1.0,Day,A3038,Amit Yadav,3,0,5.0,5.0,15,0.0,100.0
2025-W52,chat,Bengaluru,Returns Desk,1.0,Morning,A3037,Rahul Sen,7,3,209.85714285714286,11.0,15,42.857142857142854,57.142857142857146
2025-W52,chat,Indore,Billing,1.0,Morning,A3032,Aadhya Sheikh,4,3,180.25,92.0,15,75.0,25.0
2025-W52,chat,Indore,Chat Frontline,1.0,Day,A3003,Harpreet Deshpande,1,0,3.0,3.0,15,0.0,100.0
2025-W52,chat,Indore,Chat Frontline,1.0,Morning,A3008,Steven Kaur,6,3,160.5,49.5,15,50.0,50.0
2025-W52,chat,Indore,Chat Frontline,1.0,Morning,A3010,Neha Chatterjee,2,2,470.5,470.5,15,100.0,0.0
2025-W52,chat,Indore,Chat Frontline,1.0,Morning,A3011,Karan Roy,2,0,9.0,9.0,15,0.0,100.0
2025-W52,chat,Indore,Chat Frontline,1.0,Morning,A3013,Ritika Chatterjee,2,0,7.5,7.5,15,0.0,100.0
2025-W52,chat,Indore,Escalations & Warranty,2.0,Day,A3041,Riya Fernandes,1,0,0.0,0.0,15,0.0,100.0
2025-W52,chat,Indore,Logistics,1.0,Day,A3027,Dev Chatterjee,1,0,0.0,0.0,15,0.0,100.0
2025-W52,chat,Indore,Logistics,1.0,Morning,A3028,Krishna Kaur,5,2,196.8,8.0,15,40.0,60.0
2025-W52,email,Bengaluru,Billing,1.0,Day,A3034,Thomas Patel,2,0,78.5,78.5,480,0.0,100.0
2025-W52,email,Bengaluru,Billing,1.0,Morning,A3033,Amit Kulkarni,1,0,134.0,134.0,480,0.0,100.0
2025-W52,email,Bengaluru,Billing,1.0,Morning,A3035,Rohit Mukherjee,2,1,611.0,611.0,480,50.0,50.0
2025-W52,email,Bengaluru,Chat Frontline,1.0,Morning,A3014,Diya Patil,1,0,266.0,266.0,480,0.0,100.0
2025-W52,email,Bengaluru,Email Frontline,1.0,Day,A3020,Ramesh Ghosh,1,0,282.0,282.0,480,0.0,100.0
2025-W52,email,Bengaluru,Email Frontline,1.0,Day,A3021,Aditya Dhillon,6,0,167.5,171.5,480,0.0,100.0
2025-W52,email,Bengaluru,Email Frontline,1.0,Day,A3022,Steven Tiwari,3,0,309.0,274.0,480,0.0,100.0
2025-W52,email,Bengaluru,Email Frontline,1.0,Morning,A3018,Farah Sheikh,9,3,330.1111111111111,393.0,480,33.33333333333333,66.66666666666667
2025-W52,email,Bengaluru,Email Frontline,1.0,Morning,A3019,Sai Sandhu,9,2,333.3333333333333,293.0,480,22.22222222222222,77.77777777777777
2025-W52,email,Bengaluru,Escalations & Warranty,2.0,Day,A3042,Steven Chopra,1,0,59.0,59.0,480,0.0,100.0
2025-W52,email,Bengaluru,Escalations & Warranty,2.0,Morning,A3039,Riya Gaikwad,1,1,521.0,521.0,480,100.0,0.0
2025-W52,email,Bengaluru,Logistics,1.0,Day,A3029,Rajat Iyer,1,0,34.0,34.0,480,0.0,100.0
2025-W52,email,Bengaluru,Logistics,1.0,Day,A3030,Sunita Srivastava,1,0,372.0,372.0,480,0.0,100.0
2025-W52,email,Bengaluru,Logistics,1.0,Morning,A3031,Om Malhotra,3,0,233.0,255.0,480,0.0,100.0
2025-W52,email,Bengaluru,Returns Desk,1.0,Day,A3036,Rohit Shinde,2,0,217.5,217.5,480,0.0,100.0
2025-W52,email,Bengaluru,Returns Desk,1.0,Morning,A3037,Rahul Sen,7,1,293.14285714285717,252.0,480,14.285714285714285,85.71428571428572
2025-W52,email,Indore,Billing,1.0,Morning,A3032,Aadhya Sheikh,2,0,159.0,159.0,480,0.0,100.0
2025-W52,email,Indore,Chat Frontline,1.0,Morning,A3010,Neha Chatterjee,1,1,1437.0,1437.0,480,100.0,0.0
2025-W52,email,Indore,Chat Frontline,1.0,Morning,A3013,Ritika Chatterjee,1,0,320.0,320.0,480,0.0,100.0
2025-W52,email,Indore,Logistics,1.0,Day,A3027,Dev Chatterjee,2,0,159.0,159.0,480,0.0,100.0
2025-W52,email,Indore,Logistics,1.0,Morning,A3028,Krishna Kaur,3,1,277.0,182.0,480,33.33333333333333,66.66666666666667
2025-W52,social,Bengaluru,Billing,1.0,Day,A3034,Thomas Patel,1,0,87.0,87.0,240,0.0,100.0
2025-W52,social,Bengaluru,Billing,1.0,Morning,A3033,Amit Kulkarni,1,0,98.0,98.0,240,0.0,100.0
2025-W52,social,Bengaluru,Chat Frontline,1.0,Day,A3004,Krishna Naidu,1,0,47.0,47.0,240,0.0,100.0
2025-W52,social,Bengaluru,Chat Frontline,1.0,Day,A3006,Lakshmi Reddy,1,0,84.0,84.0,240,0.0,100.0
2025-W52,social,Bengaluru,Chat Frontline,1.0,Morning,A3005,Sameer Joshi,3,1,301.0,199.0,240,33.33333333333333,66.66666666666667
2025-W52,social,Bengaluru,Chat Frontline,1.0,Morning,A3007,Neha Gaikwad,1,0,11.0,11.0,240,0.0,100.0
2025-W52,social,Bengaluru,Chat Frontline,1.0,Morning,A3009,Ramesh Patel,1,0,44.0,44.0,240,0.0,100.0
2025-W52,social,Bengaluru,Escalations & Warranty,2.0,Day,A3044,Kunal Malhotra,1,0,10.0,10.0,240,0.0,100.0
2025-W52,social,Bengaluru,Escalations & Warranty,2.0,Morning,A3039,Riya Gaikwad,1,0,45.0,45.0,240,0.0,100.0
2025-W52,social,Bengaluru,Escalations & Warranty,2.0,Morning,A3043,Rohit Jain,1,1,521.0,521.0,240,100.0,0.0
2025-W52,social,Bengaluru,Returns Desk,1.0,Day,A3036,Rohit Shinde,1,0,51.0,51.0,240,0.0,100.0
2025-W52,social,Indore,Billing,1.0,Morning,A3032,Aadhya Sheikh,1,1,330.0,330.0,240,100.0,0.0
2025-W52,social,Indore,Chat Frontline,1.0,Morning,A3013,Ritika Chatterjee,1,0,123.0,123.0,240,0.0,100.0
2025-W52,voice,Bengaluru,Billing,1.0,Day,A3034,Thomas Patel,1,0,19.0,19.0,120,0.0,100.0
2025-W52,voice,Bengaluru,Escalations & Warranty,2.0,Day,A3040,Thomas Arora,1,1,158.0,158.0,120,100.0,0.0
2025-W52,voice,Bengaluru,Escalations & Warranty,2.0,Day,A3042,Steven Chopra,1,0,16.0,16.0,120,0.0,100.0
2025-W52,voice,Bengaluru,Logistics,1.0,Day,A3029,Rajat Iyer,1,0,40.0,40.0,120,0.0,100.0
2025-W52,voice,Bengaluru,Logistics,1.0,Morning,A3031,Om Malhotra,2,1,200.5,200.5,120,50.0,50.0
2025-W52,voice,Bengaluru,Returns Desk,1.0,Day,A3036,Rohit Shinde,2,0,31.0,31.0,120,0.0,100.0
2025-W52,voice,Bengaluru,Voice Frontline,1.0,Day,A3023,Rahul Khanna,2,0,50.0,50.0,120,0.0,100.0
2025-W52,voice,Bengaluru,Voice Frontline,1.0,Day,A3026,Lakshmi Qureshi,5,0,49.8,47.0,120,0.0,100.0
2025-W52,voice,Bengaluru,Voice Frontline,1.0,Morning,A3024,Kunal Khanna,3,1,89.33333333333333,60.0,120,33.33333333333333,66.66666666666667
2025-W52,voice,Bengaluru,Voice Frontline,1.0,Morning,A3025,Lobsang Rao,2,0,64.5,64.5,120,0.0,100.0
2025-W52,voice,Indore,Billing,1.0,Morning,A3032,Aadhya Sheikh,3,0,26.666666666666668,19.0,120,0.0,100.0
2026-W01,chat,Bengaluru,Billing,1.0,Day,A3034,Thomas Patel,3,0,2.3333333333333335,3.0,15,0.0,100.0
2026-W01,chat,Bengaluru,Billing,1.0,Morning,A3033,Amit Kulkarni,3,0,9.333333333333334,11.0,15,0.0,100.0
2026-W01,chat,Bengaluru,Billing,1.0,Morning,A3035,Rohit Mukherjee,3,0,4.666666666666667,4.0,15,0.0,100.0
2026-W01,chat,Bengaluru,Chat Frontline,1.0,Day,A3004,Krishna Naidu,1,0,6.0,6.0,15,0.0,100.0
2026-W01,chat,Bengaluru,Chat Frontline,1.0,Day,A3006,Lakshmi Reddy,2,0,4.5,4.5,15,0.0,100.0
2026-W01,chat,Bengaluru,Chat Frontline,1.0,Day,A3012,Lakshmi Sethi,3,0,3.0,3.0,15,0.0,100.0
2026-W01,chat,Bengaluru,Chat Frontline,1.0,Day,A3015,Yash Agarwal,4,1,10.25,8.0,15,25.0,75.0
2026-W01,chat,Bengaluru,Chat Frontline,1.0,Morning,A3005,Sameer Joshi,5,4,280.2,344.0,15,80.0,20.0
2026-W01,chat,Bengaluru,Chat Frontline,1.0,Morning,A3007,Neha Gaikwad,4,2,221.5,192.0,15,50.0,50.0
2026-W01,chat,Bengaluru,Chat Frontline,1.0,Morning,A3009,Ramesh Patel,3,3,377.0,401.0,15,100.0,0.0
2026-W01,chat,Bengaluru,Chat Frontline,1.0,Morning,A3014,Diya Patil,2,0,6.5,6.5,15,0.0,100.0
2026-W01,chat,Bengaluru,Email Frontline,1.0,Day,A3020,Ramesh Ghosh,1,0,1.0,1.0,15,0.0,100.0
2026-W01,chat,Bengaluru,Email Frontline,1.0,Day,A3021,Aditya Dhillon,1,0,14.0,14.0,15,0.0,100.0
2026-W01,chat,Bengaluru,Escalations & Warranty,2.0,Day,A3044,Kunal Malhotra,1,0,13.0,13.0,15,0.0,100.0
2026-W01,chat,Bengaluru,Escalations & Warranty,2.0,Morning,A3043,Rohit Jain,2,1,205.0,205.0,15,50.0,50.0
2026-W01,chat,Bengaluru,Logistics,1.0,Day,A3029,Rajat Iyer,2,0,5.0,5.0,15,0.0,100.0
2026-W01,chat,Bengaluru,Logistics,1.0,Day,A3030,Sunita Srivastava,1,1,51.0,51.0,15,100.0,0.0
2026-W01,chat,Bengaluru,Logistics,1.0,Morning,A3031,Om Malhotra,10,6,233.8,232.5,15,60.0,40.0
2026-W01,chat,Bengaluru,Returns Desk,1.0,Day,A3036,Rohit Shinde,1,0,5.0,5.0,15,0.0,100.0
2026-W01,chat,Bengaluru,Returns Desk,1.0,Day,A3038,Amit Yadav,3,0,5.0,4.0,15,0.0,100.0
2026-W01,chat,Bengaluru,Returns Desk,1.0,Morning,A3037,Rahul Sen,4,3,372.5,491.5,15,75.0,25.0
2026-W01,chat,Indore,Billing,1.0,Morning,A3032,Aadhya Sheikh,4,1,63.25,7.5,15,25.0,75.0
2026-W01,chat,Indore,Chat Frontline,1.0,Day,A3002,Tarun Mishra,8,0,4.875,3.5,15,0.0,100.0
2026-W01,chat,Indore,Chat Frontline,1.0,Day,A3003,Harpreet Deshpande,3,2,25.333333333333332,31.0,15,66.66666666666666,33.33333333333334
2026-W01,chat,Indore,Chat Frontline,1.0,Morning,A3008,Steven Kaur,4,2,27.75,11.0,15,50.0,50.0
2026-W01,chat,Indore,Chat Frontline,1.0,Morning,A3010,Neha Chatterjee,1,0,8.0,8.0,15,0.0,100.0
2026-W01,chat,Indore,Chat Frontline,1.0,Morning,A3011,Karan Roy,5,3,160.2,35.0,15,60.0,40.0
2026-W01,chat,Indore,Chat Frontline,1.0,Morning,A3013,Ritika Chatterjee,3,2,253.66666666666666,275.0,15,66.66666666666666,33.33333333333334
2026-W01,chat,Indore,Escalations & Warranty,2.0,Day,A3041,Riya Fernandes,1,0,2.0,2.0,15,0.0,100.0
2026-W01,chat,Indore,Logistics,1.0,Day,A3027,Dev Chatterjee,1,0,12.0,12.0,15,0.0,100.0
2026-W01,chat,Indore,Logistics,1.0,Morning,A3028,Krishna Kaur,2,0,4.0,4.0,15,0.0,100.0
2026-W01,email,Bengaluru,Billing,1.0,Day,A3034,Thomas Patel,2,0,114.5,114.5,480,0.0,100.0
2026-W01,email,Bengaluru,Billing,1.0,Morning,A3033,Amit Kulkarni,4,1,358.0,374.0,480,25.0,75.0
2026-W01,email,Bengaluru,Email Frontline,1.0,Day,A3020,Ramesh Ghosh,2,0,47.0,47.0,480,0.0,100.0
2026-W01,email,Bengaluru,Email Frontline,1.0,Day,A3021,Aditya Dhillon,6,1,219.16666666666666,150.5,480,16.666666666666664,83.33333333333334
2026-W01,email,Bengaluru,Email Frontline,1.0,Day,A3022,Steven Tiwari,6,0,150.0,63.5,480,0.0,100.0
2026-W01,email,Bengaluru,Email Frontline,1.0,Morning,A3018,Farah Sheikh,12,6,425.1666666666667,477.0,480,50.0,50.0
2026-W01,email,Bengaluru,Email Frontline,1.0,Morning,A3019,Sai Sandhu,6,3,435.1666666666667,468.5,480,50.0,50.0
2026-W01,email,Bengaluru,Escalations & Warranty,2.0,Day,A3042,Steven Chopra,1,0,391.0,391.0,480,0.0,100.0
2026-W01,email,Bengaluru,Escalations & Warranty,2.0,Day,A3044,Kunal Malhotra,1,1,906.0,906.0,480,100.0,0.0
2026-W01,email,Bengaluru,Escalations & Warranty,2.0,Morning,A3039,Riya Gaikwad,2,1,818.0,818.0,480,50.0,50.0
2026-W01,email,Bengaluru,Escalations & Warranty,2.0,Morning,A3043,Rohit Jain,3,1,300.6666666666667,331.0,480,33.33333333333333,66.66666666666667
2026-W01,email,Bengaluru,Logistics,1.0,Day,A3029,Rajat Iyer,2,0,53.0,53.0,480,0.0,100.0
2026-W01,email,Bengaluru,Logistics,1.0,Day,A3030,Sunita Srivastava,3,0,100.33333333333333,90.0,480,0.0,100.0
2026-W01,email,Bengaluru,Logistics,1.0,Morning,A3031,Om Malhotra,5,2,369.2,343.0,480,40.0,60.0
2026-W01,email,Bengaluru,Returns Desk,1.0,Day,A3036,Rohit Shinde,1,0,163.0,163.0,480,0.0,100.0
2026-W01,email,Bengaluru,Returns Desk,1.0,Day,A3038,Amit Yadav,1,0,280.0,280.0,480,0.0,100.0
2026-W01,email,Bengaluru,Returns Desk,1.0,Morning,A3037,Rahul Sen,4,0,169.5,192.0,480,0.0,100.0
2026-W01,email,Indore,Billing,1.0,Morning,A3032,Aadhya Sheikh,4,2,463.75,450.5,480,50.0,50.0
2026-W01,email,Indore,Logistics,1.0,Morning,A3028,Krishna Kaur,3,1,464.6666666666667,448.0,480,33.33333333333333,66.66666666666667
2026-W01,social,Bengaluru,Billing,1.0,Day,A3034,Thomas Patel,1,0,51.0,51.0,240,0.0,100.0
2026-W01,social,Bengaluru,Billing,1.0,Morning,A3033,Amit Kulkarni,1,1,364.0,364.0,240,100.0,0.0
2026-W01,social,Bengaluru,Chat Frontline,1.0,Day,A3004,Krishna Naidu,4,0,30.25,34.0,240,0.0,100.0
2026-W01,social,Bengaluru,Chat Frontline,1.0,Day,A3012,Lakshmi Sethi,1,0,44.0,44.0,240,0.0,100.0
2026-W01,social,Bengaluru,Chat Frontline,1.0,Morning,A3005,Sameer Joshi,1,0,17.0,17.0,240,0.0,100.0
2026-W01,social,Bengaluru,Chat Frontline,1.0,Morning,A3007,Neha Gaikwad,1,0,123.0,123.0,240,0.0,100.0
2026-W01,social,Bengaluru,Chat Frontline,1.0,Morning,A3009,Ramesh Patel,1,0,14.0,14.0,240,0.0,100.0
2026-W01,social,Bengaluru,Email Frontline,1.0,Morning,A3019,Sai Sandhu,1,0,40.0,40.0,240,0.0,100.0
2026-W01,social,Bengaluru,Logistics,1.0,Day,A3029,Rajat Iyer,1,0,27.0,27.0,240,0.0,100.0
2026-W01,social,Bengaluru,Returns Desk,1.0,Day,A3036,Rohit Shinde,1,0,55.0,55.0,240,0.0,100.0
2026-W01,social,Indore,Billing,1.0,Morning,A3032,Aadhya Sheikh,1,1,454.0,454.0,240,100.0,0.0
2026-W01,social,Indore,Chat Frontline,1.0,Day,A3002,Tarun Mishra,1,1,402.0,402.0,240,100.0,0.0
2026-W01,social,Indore,Chat Frontline,1.0,Morning,A3011,Karan Roy,2,0,113.0,113.0,240,0.0,100.0
2026-W01,social,Indore,Logistics,1.0,Day,A3027,Dev Chatterjee,1,0,145.0,145.0,240,0.0,100.0
2026-W01,social,Indore,Logistics,1.0,Morning,A3028,Krishna Kaur,2,2,366.5,366.5,240,100.0,0.0
2026-W01,voice,Bengaluru,Billing,1.0,Day,A3034,Thomas Patel,1,0,85.0,85.0,120,0.0,100.0
2026-W01,voice,Bengaluru,Escalations & Warranty,2.0,Day,A3042,Steven Chopra,1,0,87.0,87.0,120,0.0,100.0
2026-W01,voice,Bengaluru,Escalations & Warranty,2.0,Day,A3044,Kunal Malhotra,1,0,40.0,40.0,120,0.0,100.0
2026-W01,voice,Bengaluru,Escalations & Warranty,2.0,Morning,A3043,Rohit Jain,1,0,47.0,47.0,120,0.0,100.0
2026-W01,voice,Bengaluru,Logistics,1.0,Day,A3029,Rajat Iyer,1,0,97.0,97.0,120,0.0,100.0
2026-W01,voice,Bengaluru,Logistics,1.0,Morning,A3031,Om Malhotra,2,0,32.5,32.5,120,0.0,100.0
2026-W01,voice,Bengaluru,Returns Desk,1.0,Day,A3036,Rohit Shinde,1,0,21.0,21.0,120,0.0,100.0
2026-W01,voice,Bengaluru,Returns Desk,1.0,Morning,A3037,Rahul Sen,1,0,25.0,25.0,120,0.0,100.0
2026-W01,voice,Bengaluru,Voice Frontline,1.0,Day,A3023,Rahul Khanna,3,0,46.333333333333336,42.0,120,0.0,100.0
2026-W01,voice,Bengaluru,Voice Frontline,1.0,Day,A3026,Lakshmi Qureshi,7,1,43.142857142857146,23.0,120,14.285714285714285,85.71428571428572
2026-W01,voice,Bengaluru,Voice Frontline,1.0,Morning,A3024,Kunal Khanna,2,0,28.0,28.0,120,0.0,100.0
2026-W01,voice,Bengaluru,Voice Frontline,1.0,Morning,A3025,Lobsang Rao,2,0,32.5,32.5,120,0.0,100.0
2026-W01,voice,Indore,Chat Frontline,1.0,Morning,A3010,Neha Chatterjee,1,0,13.0,13.0,120,0.0,100.0
2026-W01,voice,Indore,Logistics,1.0,Morning,A3028,Krishna Kaur,1,0,10.0,10.0,120,0.0,100.0
2026-W02,chat,Bengaluru,Billing,1.0,Day,A3034,Thomas Patel,5,2,14.0,6.0,15,40.0,60.0
2026-W02,chat,Bengaluru,Billing,1.0,Morning,A3033,Amit Kulkarni,5,2,94.6,13.0,15,40.0,60.0
2026-W02,chat,Bengaluru,Billing,1.0,Morning,A3035,Rohit Mukherjee,1,0,6.0,6.0,15,0.0,100.0
2026-W02,chat,Bengaluru,Chat Frontline,1.0,Day,A3004,Krishna Naidu,2,0,2.0,2.0,15,0.0,100.0
2026-W02,chat,Bengaluru,Chat Frontline,1.0,Day,A3006,Lakshmi Reddy,4,0,6.25,4.5,15,0.0,100.0
2026-W02,chat,Bengaluru,Chat Frontline,1.0,Day,A3012,Lakshmi Sethi,4,0,4.0,3.5,15,0.0,100.0
2026-W02,chat,Bengaluru,Chat Frontline,1.0,Day,A3015,Yash Agarwal,4,0,3.75,2.5,15,0.0,100.0
2026-W02,chat,Bengaluru,Chat Frontline,1.0,Morning,A3005,Sameer Joshi,3,1,177.0,10.0,15,33.33333333333333,66.66666666666667
2026-W02,chat,Bengaluru,Chat Frontline,1.0,Morning,A3007,Neha Gaikwad,3,2,61.333333333333336,79.0,15,66.66666666666666,33.33333333333334
2026-W02,chat,Bengaluru,Chat Frontline,1.0,Morning,A3009,Ramesh Patel,4,3,155.0,89.5,15,75.0,25.0
2026-W02,chat,Bengaluru,Escalations & Warranty,2.0,Day,A3042,Steven Chopra,1,0,8.0,8.0,15,0.0,100.0
2026-W02,chat,Bengaluru,Escalations & Warranty,2.0,Morning,A3043,Rohit Jain,1,0,5.0,5.0,15,0.0,100.0
2026-W02,chat,Bengaluru,Logistics,1.0,Day,A3029,Rajat Iyer,3,0,3.0,3.0,15,0.0,100.0
2026-W02,chat,Bengaluru,Logistics,1.0,Day,A3030,Sunita Srivastava,1,1,512.0,512.0,15,100.0,0.0
2026-W02,chat,Bengaluru,Logistics,1.0,Morning,A3031,Om Malhotra,7,3,166.71428571428572,9.0,15,42.857142857142854,57.142857142857146
2026-W02,chat,Bengaluru,Returns Desk,1.0,Day,A3038,Amit Yadav,4,1,10.25,10.0,15,25.0,75.0
2026-W02,chat,Bengaluru,Returns Desk,1.0,Morning,A3037,Rahul Sen,4,2,111.25,16.5,15,50.0,50.0
2026-W02,chat,Indore,Billing,1.0,Morning,A3032,Aadhya Sheikh,5,2,118.4,3.0,15,40.0,60.0
2026-W02,chat,Indore,Chat Frontline,1.0,Day,A3002,Tarun Mishra,3,0,5.0,4.0,15,0.0,100.0
2026-W02,chat,Indore,Chat Frontline,1.0,Day,A3003,Harpreet Deshpande,2,0,5.0,5.0,15,0.0,100.0
2026-W02,chat,Indore,Chat Frontline,1.0,Morning,A3008,Steven Kaur,7,2,113.28571428571429,13.0,15,28.57142857142857,71.42857142857143
2026-W02,chat,Indore,Chat Frontline,1.0,Morning,A3010,Neha Chatterjee,3,2,129.0,41.0,15,66.66666666666666,33.33333333333334
2026-W02,chat,Indore,Chat Frontline,1.0,Morning,A3011,Karan Roy,2,0,5.5,5.5,15,0.0,100.0
2026-W02,chat,Indore,Chat Frontline,1.0,Morning,A3013,Ritika Chatterjee,4,2,124.5,10.0,15,50.0,50.0
2026-W02,chat,Indore,Logistics,1.0,Day,A3027,Dev Chatterjee,2,0,3.5,3.5,15,0.0,100.0
2026-W02,chat,Indore,Logistics,1.0,Morning,A3028,Krishna Kaur,6,1,89.5,3.0,15,16.666666666666664,83.33333333333334
2026-W02,email,Bengaluru,Billing,1.0,Day,A3034,Thomas Patel,4,0,106.25,104.5,480,0.0,100.0
2026-W02,email,Bengaluru,Billing,1.0,Morning,A3035,Rohit Mukherjee,1,1,576.0,576.0,480,100.0,0.0
2026-W02,email,Bengaluru,Email Frontline,1.0,Day,A3020,Ramesh Ghosh,1,0,433.0,433.0,480,0.0,100.0
2026-W02,email,Bengaluru,Email Frontline,1.0,Day,A3021,Aditya Dhillon,3,0,130.66666666666666,158.0,480,0.0,100.0
2026-W02,email,Bengaluru,Email Frontline,1.0,Day,A3022,Steven Tiwari,6,0,140.66666666666666,153.5,480,0.0,100.0
2026-W02,email,Bengaluru,Email Frontline,1.0,Morning,A3018,Farah Sheikh,11,2,352.27272727272725,353.0,480,18.181818181818183,81.81818181818181
2026-W02,email,Bengaluru,Email Frontline,1.0,Morning,A3019,Sai Sandhu,8,3,360.25,315.5,480,37.5,62.5
2026-W02,email,Bengaluru,Escalations & Warranty,2.0,Morning,A3043,Rohit Jain,1,0,168.0,168.0,480,0.0,100.0
2026-W02,email,Bengaluru,Logistics,1.0,Day,A3029,Rajat Iyer,3,0,221.0,236.0,480,0.0,100.0
2026-W02,email,Bengaluru,Logistics,1.0,Day,A3030,Sunita Srivastava,1,0,79.0,79.0,480,0.0,100.0
2026-W02,email,Bengaluru,Logistics,1.0,Morning,A3031,Om Malhotra,5,1,274.6,152.0,480,20.0,80.0
2026-W02,email,Bengaluru,Returns Desk,1.0,Day,A3038,Amit Yadav,1,1,548.0,548.0,480,100.0,0.0
2026-W02,email,Bengaluru,Returns Desk,1.0,Morning,A3037,Rahul Sen,1,1,559.0,559.0,480,100.0,0.0
2026-W02,email,Indore,Escalations & Warranty,2.0,Day,A3041,Riya Fernandes,1,0,257.0,257.0,480,0.0,100.0
2026-W02,email,Indore,Logistics,1.0,Morning,A3028,Krishna Kaur,2,0,205.5,205.5,480,0.0,100.0
2026-W02,social,Bengaluru,Billing,1.0,Day,A3034,Thomas Patel,2,0,101.5,101.5,240,0.0,100.0
2026-W02,social,Bengaluru,Billing,1.0,Morning,A3033,Amit Kulkarni,2,1,187.0,187.0,240,50.0,50.0
2026-W02,social,Bengaluru,Chat Frontline,1.0,Day,A3006,Lakshmi Reddy,1,1,360.0,360.0,240,100.0,0.0
2026-W02,social,Bengaluru,Chat Frontline,1.0,Morning,A3005,Sameer Joshi,1,0,41.0,41.0,240,0.0,100.0
2026-W02,social,Bengaluru,Chat Frontline,1.0,Morning,A3007,Neha Gaikwad,1,0,30.0,30.0,240,0.0,100.0
2026-W02,social,Bengaluru,Chat Frontline,1.0,Morning,A3014,Diya Patil,1,1,583.0,583.0,240,100.0,0.0
2026-W02,social,Bengaluru,Escalations & Warranty,2.0,Day,A3044,Kunal Malhotra,1,0,11.0,11.0,240,0.0,100.0
2026-W02,social,Bengaluru,Escalations & Warranty,2.0,Morning,A3039,Riya Gaikwad,1,0,150.0,150.0,240,0.0,100.0
2026-W02,social,Bengaluru,Logistics,1.0,Day,A3030,Sunita Srivastava,2,0,51.5,51.5,240,0.0,100.0
2026-W02,social,Bengaluru,Logistics,1.0,Morning,A3031,Om Malhotra,1,0,47.0,47.0,240,0.0,100.0
2026-W02,social,Bengaluru,Returns Desk,1.0,Morning,A3037,Rahul Sen,1,0,113.0,113.0,240,0.0,100.0
2026-W02,social,Indore,Billing,1.0,Morning,A3032,Aadhya Sheikh,2,1,254.5,254.5,240,50.0,50.0
2026-W02,social,Indore,Chat Frontline,1.0,Day,A3002,Tarun Mishra,1,0,174.0,174.0,240,0.0,100.0
2026-W02,social,Indore,Chat Frontline,1.0,Morning,A3010,Neha Chatterjee,1,0,29.0,29.0,240,0.0,100.0
2026-W02,social,Indore,Chat Frontline,1.0,Morning,A3011,Karan Roy,2,0,115.0,115.0,240,0.0,100.0
2026-W02,social,Indore,Chat Frontline,1.0,Morning,A3013,Ritika Chatterjee,2,1,233.5,233.5,240,50.0,50.0
2026-W02,voice,Bengaluru,Billing,1.0,Day,A3034,Thomas Patel,1,0,8.0,8.0,120,0.0,100.0
2026-W02,voice,Bengaluru,Escalations & Warranty,2.0,Morning,A3039,Riya Gaikwad,1,0,15.0,15.0,120,0.0,100.0
2026-W02,voice,Bengaluru,Escalations & Warranty,2.0,Morning,A3043,Rohit Jain,1,0,15.0,15.0,120,0.0,100.0
2026-W02,voice,Bengaluru,Logistics,1.0,Day,A3029,Rajat Iyer,2,0,25.0,25.0,120,0.0,100.0
2026-W02,voice,Bengaluru,Returns Desk,1.0,Day,A3036,Rohit Shinde,1,0,21.0,21.0,120,0.0,100.0
2026-W02,voice,Bengaluru,Returns Desk,1.0,Morning,A3037,Rahul Sen,1,0,31.0,31.0,120,0.0,100.0
2026-W02,voice,Bengaluru,Voice Frontline,1.0,Day,A3023,Rahul Khanna,3,0,22.333333333333332,27.0,120,0.0,100.0
2026-W02,voice,Bengaluru,Voice Frontline,1.0,Day,A3026,Lakshmi Qureshi,6,0,25.666666666666668,28.5,120,0.0,100.0
2026-W02,voice,Bengaluru,Voice Frontline,1.0,Morning,A3024,Kunal Khanna,2,0,39.0,39.0,120,0.0,100.0
2026-W02,voice,Bengaluru,Voice Frontline,1.0,Morning,A3025,Lobsang Rao,2,0,56.5,56.5,120,0.0,100.0
2026-W02,voice,Indore,Logistics,1.0,Morning,A3028,Krishna Kaur,1,0,105.0,105.0,120,0.0,100.0
2026-W03,chat,Bengaluru,Billing,1.0,Day,A3034,Thomas Patel,5,1,7.8,7.0,15,20.0,80.0
2026-W03,chat,Bengaluru,Billing,1.0,Morning,A3033,Amit Kulkarni,1,0,0.0,0.0,15,0.0,100.0
2026-W03,chat,Bengaluru,Billing,1.0,Morning,A3035,Rohit Mukherjee,2,1,180.5,180.5,15,50.0,50.0
2026-W03,chat,Bengaluru,Chat Frontline,1.0,Day,A3004,Krishna Naidu,3,0,5.333333333333333,4.0,15,0.0,100.0
2026-W03,chat,Bengaluru,Chat Frontline,1.0,Day,A3006,Lakshmi Reddy,7,0,4.142857142857143,4.0,15,0.0,100.0
2026-W03,chat,Bengaluru,Chat Frontline,1.0,Day,A3012,Lakshmi Sethi,6,1,6.166666666666667,4.5,15,16.666666666666664,83.33333333333334
2026-W03,chat,Bengaluru,Chat Frontline,1.0,Day,A3015,Yash Agarwal,1,0,5.0,5.0,15,0.0,100.0
2026-W03,chat,Bengaluru,Chat Frontline,1.0,Morning,A3005,Sameer Joshi,3,2,315.0,443.0,15,66.66666666666666,33.33333333333334
2026-W03,chat,Bengaluru,Chat Frontline,1.0,Morning,A3007,Neha Gaikwad,8,4,107.875,13.0,15,50.0,50.0
2026-W03,chat,Bengaluru,Chat Frontline,1.0,Morning,A3009,Ramesh Patel,3,2,287.6666666666667,357.0,15,66.66666666666666,33.33333333333334
2026-W03,chat,Bengaluru,Chat Frontline,1.0,Morning,A3014,Diya Patil,1,1,475.0,475.0,15,100.0,0.0
2026-W03,chat,Bengaluru,Email Frontline,1.0,Day,A3022,Steven Tiwari,1,1,511.0,511.0,15,100.0,0.0
2026-W03,chat,Bengaluru,Escalations & Warranty,2.0,Day,A3040,Thomas Arora,1,0,8.0,8.0,15,0.0,100.0
2026-W03,chat,Bengaluru,Escalations & Warranty,2.0,Morning,A3039,Riya Gaikwad,1,1,472.0,472.0,15,100.0,0.0
2026-W03,chat,Bengaluru,Escalations & Warranty,2.0,Morning,A3043,Rohit Jain,1,0,7.0,7.0,15,0.0,100.0
2026-W03,chat,Bengaluru,Logistics,1.0,Day,A3029,Rajat Iyer,3,1,76.33333333333333,14.0,15,33.33333333333333,66.66666666666667
2026-W03,chat,Bengaluru,Returns Desk,1.0,Day,A3036,Rohit Shinde,1,1,16.0,16.0,15,100.0,0.0
2026-W03,chat,Bengaluru,Returns Desk,1.0,Day,A3038,Amit Yadav,2,0,10.0,10.0,15,0.0,100.0
2026-W03,chat,Bengaluru,Returns Desk,1.0,Morning,A3037,Rahul Sen,3,2,190.0,20.0,15,66.66666666666666,33.33333333333334
2026-W03,chat,Indore,Billing,1.0,Morning,A3032,Aadhya Sheikh,3,1,118.33333333333333,8.0,15,33.33333333333333,66.66666666666667
2026-W03,chat,Indore,Chat Frontline,1.0,Day,A3002,Tarun Mishra,3,1,9.333333333333334,9.0,15,33.33333333333333,66.66666666666667
2026-W03,chat,Indore,Chat Frontline,1.0,Morning,A3008,Steven Kaur,2,1,84.5,84.5,15,50.0,50.0
2026-W03,chat,Indore,Chat Frontline,1.0,Morning,A3010,Neha Chatterjee,3,1,61.333333333333336,3.0,15,33.33333333333333,66.66666666666667
2026-W03,chat,Indore,Chat Frontline,1.0,Morning,A3011,Karan Roy,4,1,128.0,5.5,15,25.0,75.0
2026-W03,chat,Indore,Chat Frontline,1.0,Morning,A3013,Ritika Chatterjee,7,5,210.0,29.0,15,71.42857142857143,28.57142857142857
2026-W03,chat,Indore,Logistics,1.0,Day,A3027,Dev Chatterjee,4,0,4.0,4.0,15,0.0,100.0
2026-W03,chat,Indore,Logistics,1.0,Morning,A3028,Krishna Kaur,5,3,297.4,445.0,15,60.0,40.0
2026-W03,email,Bengaluru,Billing,1.0,Day,A3034,Thomas Patel,1,1,686.0,686.0,480,100.0,0.0
2026-W03,email,Bengaluru,Email Frontline,1.0,Day,A3020,Ramesh Ghosh,2,0,154.5,154.5,480,0.0,100.0
2026-W03,email,Bengaluru,Email Frontline,1.0,Day,A3021,Aditya Dhillon,3,0,173.0,117.0,480,0.0,100.0
2026-W03,email,Bengaluru,Email Frontline,1.0,Day,A3022,Steven Tiwari,8,0,250.5,233.5,480,0.0,100.0
2026-W03,email,Bengaluru,Email Frontline,1.0,Morning,A3018,Farah Sheikh,13,4,394.0769230769231,241.0,480,30.76923076923077,69.23076923076923
2026-W03,email,Bengaluru,Email Frontline,1.0,Morning,A3019,Sai Sandhu,7,1,273.57142857142856,158.0,480,14.285714285714285,85.71428571428572
2026-W03,email,Bengaluru,Escalations & Warranty,2.0,Day,A3040,Thomas Arora,1,1,1458.0,1458.0,480,100.0,0.0
2026-W03,email,Bengaluru,Escalations & Warranty,2.0,Morning,A3043,Rohit Jain,1,1,585.0,585.0,480,100.0,0.0
2026-W03,email,Bengaluru,Logistics,1.0,Day,A3029,Rajat Iyer,2,0,141.5,141.5,480,0.0,100.0
2026-W03,email,Bengaluru,Logistics,1.0,Day,A3030,Sunita Srivastava,2,0,254.0,254.0,480,0.0,100.0
2026-W03,email,Bengaluru,Logistics,1.0,Morning,A3031,Om Malhotra,2,1,415.0,415.0,480,50.0,50.0
2026-W03,email,Bengaluru,Returns Desk,1.0,Day,A3036,Rohit Shinde,1,0,42.0,42.0,480,0.0,100.0
2026-W03,email,Bengaluru,Returns Desk,1.0,Day,A3038,Amit Yadav,1,0,47.0,47.0,480,0.0,100.0
2026-W03,email,Bengaluru,Returns Desk,1.0,Morning,A3037,Rahul Sen,4,0,238.75,269.0,480,0.0,100.0
2026-W03,email,Indore,Billing,1.0,Morning,A3032,Aadhya Sheikh,5,2,500.8,454.0,480,40.0,60.0
2026-W03,email,Indore,Logistics,1.0,Morning,A3028,Krishna Kaur,2,1,462.5,462.5,480,50.0,50.0
2026-W03,social,Bengaluru,Billing,1.0,Day,A3034,Thomas Patel,1,0,47.0,47.0,240,0.0,100.0
2026-W03,social,Bengaluru,Chat Frontline,1.0,Day,A3004,Krishna Naidu,1,0,47.0,47.0,240,0.0,100.0
2026-W03,social,Bengaluru,Chat Frontline,1.0,Day,A3006,Lakshmi Reddy,4,0,97.25,107.0,240,0.0,100.0
2026-W03,social,Bengaluru,Chat Frontline,1.0,Day,A3012,Lakshmi Sethi,1,0,94.0,94.0,240,0.0,100.0
2026-W03,social,Bengaluru,Chat Frontline,1.0,Morning,A3005,Sameer Joshi,1,0,231.0,231.0,240,0.0,100.0
2026-W03,social,Bengaluru,Chat Frontline,1.0,Morning,A3014,Diya Patil,3,2,268.3333333333333,370.0,240,66.66666666666666,33.33333333333334
2026-W03,social,Bengaluru,Email Frontline,1.0,Morning,A3019,Sai Sandhu,1,0,21.0,21.0,240,0.0,100.0
2026-W03,social,Bengaluru,Escalations & Warranty,2.0,Day,A3040,Thomas Arora,1,0,68.0,68.0,240,0.0,100.0
2026-W03,social,Bengaluru,Escalations & Warranty,2.0,Day,A3044,Kunal Malhotra,1,0,63.0,63.0,240,0.0,100.0
2026-W03,social,Bengaluru,Escalations & Warranty,2.0,Morning,A3039,Riya Gaikwad,1,0,75.0,75.0,240,0.0,100.0
2026-W03,social,Bengaluru,Logistics,1.0,Day,A3030,Sunita Srivastava,1,0,92.0,92.0,240,0.0,100.0
2026-W03,social,Bengaluru,Returns Desk,1.0,Morning,A3037,Rahul Sen,1,1,325.0,325.0,240,100.0,0.0
2026-W03,social,Indore,Chat Frontline,1.0,Day,A3003,Harpreet Deshpande,1,0,112.0,112.0,240,0.0,100.0
2026-W03,social,Indore,Chat Frontline,1.0,Morning,A3008,Steven Kaur,1,0,78.0,78.0,240,0.0,100.0
2026-W03,social,Indore,Chat Frontline,1.0,Morning,A3010,Neha Chatterjee,1,0,38.0,38.0,240,0.0,100.0
2026-W03,social,Indore,Chat Frontline,1.0,Morning,A3011,Karan Roy,2,0,135.5,135.5,240,0.0,100.0
2026-W03,social,Indore,Chat Frontline,1.0,Morning,A3013,Ritika Chatterjee,1,0,114.0,114.0,240,0.0,100.0
2026-W03,social,Indore,Logistics,1.0,Day,A3027,Dev Chatterjee,1,0,10.0,10.0,240,0.0,100.0
2026-W03,social,Indore,Logistics,1.0,Morning,A3028,Krishna Kaur,1,0,63.0,63.0,240,0.0,100.0
2026-W03,voice,Bengaluru,Billing,1.0,Day,A3034,Thomas Patel,3,0,31.333333333333332,26.0,120,0.0,100.0
2026-W03,voice,Bengaluru,Email Frontline,1.0,Day,A3022,Steven Tiwari,1,0,12.0,12.0,120,0.0,100.0
2026-W03,voice,Bengaluru,Escalations & Warranty,2.0,Day,A3040,Thomas Arora,1,1,156.0,156.0,120,100.0,0.0
2026-W03,voice,Bengaluru,Escalations & Warranty,2.0,Day,A3044,Kunal Malhotra,1,0,33.0,33.0,120,0.0,100.0
2026-W03,voice,Bengaluru,Escalations & Warranty,2.0,Morning,A3039,Riya Gaikwad,1,0,27.0,27.0,120,0.0,100.0
2026-W03,voice,Bengaluru,Returns Desk,1.0,Day,A3036,Rohit Shinde,1,1,185.0,185.0,120,100.0,0.0
2026-W03,voice,Bengaluru,Returns Desk,1.0,Day,A3038,Amit Yadav,1,0,9.0,9.0,120,0.0,100.0
2026-W03,voice,Bengaluru,Voice Frontline,1.0,Day,A3023,Rahul Khanna,3,0,26.0,18.0,120,0.0,100.0
2026-W03,voice,Bengaluru,Voice Frontline,1.0,Day,A3026,Lakshmi Qureshi,2,0,18.0,18.0,120,0.0,100.0
2026-W03,voice,Bengaluru,Voice Frontline,1.0,Morning,A3024,Kunal Khanna,6,0,72.0,74.5,120,0.0,100.0
2026-W03,voice,Indore,Billing,1.0,Morning,A3032,Aadhya Sheikh,1,0,12.0,12.0,120,0.0,100.0
2026-W03,voice,Indore,Logistics,1.0,Day,A3027,Dev Chatterjee,1,0,39.0,39.0,120,0.0,100.0
2026-W03,voice,Indore,Logistics,1.0,Morning,A3028,Krishna Kaur,2,0,57.0,57.0,120,0.0,100.0
2026-W04,chat,Bengaluru,Billing,1.0,Day,A3034,Thomas Patel,4,0,5.0,2.5,15,0.0,100.0
2026-W04,chat,Bengaluru,Billing,1.0,Morning,A3033,Amit Kulkarni,2,2,448.5,448.5,15,100.0,0.0
2026-W04,chat,Bengaluru,Billing,1.0,Morning,A3035,Rohit Mukherjee,7,3,214.28571428571428,2.0,15,42.857142857142854,57.142857142857146
2026-W04,chat,Bengaluru,Chat Frontline,1.0,Day,A3004,Krishna Naidu,2,0,3.0,3.0,15,0.0,100.0
2026-W04,chat,Bengaluru,Chat Frontline,1.0,Day,A3006,Lakshmi Reddy,1,0,1.0,1.0,15,0.0,100.0
2026-W04,chat,Bengaluru,Chat Frontline,1.0,Day,A3012,Lakshmi Sethi,3,0,6.333333333333333,5.0,15,0.0,100.0
2026-W04,chat,Bengaluru,Chat Frontline,1.0,Day,A3015,Yash Agarwal,1,0,1.0,1.0,15,0.0,100.0
2026-W04,chat,Bengaluru,Chat Frontline,1.0,Morning,A3005,Sameer Joshi,3,2,317.0,425.0,15,66.66666666666666,33.33333333333334
2026-W04,chat,Bengaluru,Chat Frontline,1.0,Morning,A3007,Neha Gaikwad,8,1,66.375,2.5,15,12.5,87.5
2026-W04,chat,Bengaluru,Chat Frontline,1.0,Morning,A3009,Ramesh Patel,4,3,312.0,366.0,15,75.0,25.0
2026-W04,chat,Bengaluru,Email Frontline,1.0,Day,A3022,Steven Tiwari,1,1,452.0,452.0,15,100.0,0.0
2026-W04,chat,Bengaluru,Escalations & Warranty,2.0,Day,A3040,Thomas Arora,1,0,1.0,1.0,15,0.0,100.0
2026-W04,chat,Bengaluru,Escalations & Warranty,2.0,Day,A3042,Steven Chopra,1,0,14.0,14.0,15,0.0,100.0
2026-W04,chat,Bengaluru,Escalations & Warranty,2.0,Morning,A3039,Riya Gaikwad,2,2,459.0,459.0,15,100.0,0.0
2026-W04,chat,Bengaluru,Escalations & Warranty,2.0,Morning,A3043,Rohit Jain,3,2,243.66666666666666,347.0,15,66.66666666666666,33.33333333333334
2026-W04,chat,Bengaluru,Logistics,1.0,Day,A3029,Rajat Iyer,2,0,1.0,1.0,15,0.0,100.0
2026-W04,chat,Bengaluru,Logistics,1.0,Day,A3030,Sunita Srivastava,3,1,8.666666666666666,6.0,15,33.33333333333333,66.66666666666667
2026-W04,chat,Bengaluru,Logistics,1.0,Morning,A3031,Om Malhotra,4,2,210.75,186.5,15,50.0,50.0
2026-W04,chat,Bengaluru,Returns Desk,1.0,Day,A3036,Rohit Shinde,2,1,12.0,12.0,15,50.0,50.0
2026-W04,chat,Bengaluru,Returns Desk,1.0,Morning,A3037,Rahul Sen,3,1,125.66666666666667,8.0,15,33.33333333333333,66.66666666666667
2026-W04,chat,Indore,Billing,1.0,Morning,A3032,Aadhya Sheikh,6,4,146.16666666666666,119.5,15,66.66666666666666,33.33333333333334
2026-W04,chat,Indore,Chat Frontline,1.0,Day,A3002,Tarun Mishra,4,0,1.25,1.0,15,0.0,100.0
2026-W04,chat,Indore,Chat Frontline,1.0,Day,A3003,Harpreet Deshpande,2,0,1.5,1.5,15,0.0,100.0
2026-W04,chat,Indore,Chat Frontline,1.0,Morning,A3008,Steven Kaur,1,1,352.0,352.0,15,100.0,0.0
2026-W04,chat,Indore,Chat Frontline,1.0,Morning,A3010,Neha Chatterjee,3,2,212.33333333333334,212.0,15,66.66666666666666,33.33333333333334
2026-W04,chat,Indore,Chat Frontline,1.0,Morning,A3011,Karan Roy,3,1,153.0,3.0,15,33.33333333333333,66.66666666666667
2026-W04,chat,Indore,Chat Frontline,1.0,Morning,A3013,Ritika Chatterjee,1,1,444.0,444.0,15,100.0,0.0
2026-W04,chat,Indore,Logistics,1.0,Day,A3027,Dev Chatterjee,2,0,3.5,3.5,15,0.0,100.0
2026-W04,chat,Indore,Logistics,1.0,Morning,A3028,Krishna Kaur,6,2,123.33333333333333,9.0,15,33.33333333333333,66.66666666666667
2026-W04,email,Bengaluru,Billing,1.0,Day,A3034,Thomas Patel,3,0,165.66666666666666,121.0,480,0.0,100.0
2026-W04,email,Bengaluru,Billing,1.0,Morning,A3033,Amit Kulkarni,1,0,161.0,161.0,480,0.0,100.0
2026-W04,email,Bengaluru,Billing,1.0,Morning,A3035,Rohit Mukherjee,2,1,430.5,430.5,480,50.0,50.0
2026-W04,email,Bengaluru,Email Frontline,1.0,Day,A3020,Ramesh Ghosh,3,0,226.33333333333334,218.0,480,0.0,100.0
2026-W04,email,Bengaluru,Email Frontline,1.0,Day,A3021,Aditya Dhillon,5,0,221.0,190.0,480,0.0,100.0
2026-W04,email,Bengaluru,Email Frontline,1.0,Morning,A3018,Farah Sheikh,11,2,222.1818181818182,182.0,480,18.181818181818183,81.81818181818181
2026-W04,email,Bengaluru,Email Frontline,1.0,Morning,A3019,Sai Sandhu,2,0,84.5,84.5,480,0.0,100.0
2026-W04,email,Bengaluru,Escalations & Warranty,2.0,Day,A3042,Steven Chopra,1,0,95.0,95.0,480,0.0,100.0
2026-W04,email,Bengaluru,Escalations & Warranty,2.0,Morning,A3039,Riya Gaikwad,2,0,93.5,93.5,480,0.0,100.0
2026-W04,email,Bengaluru,Escalations & Warranty,2.0,Morning,A3043,Rohit Jain,2,1,419.5,419.5,480,50.0,50.0
2026-W04,email,Bengaluru,Logistics,1.0,Day,A3029,Rajat Iyer,1,0,291.0,291.0,480,0.0,100.0
2026-W04,email,Bengaluru,Logistics,1.0,Day,A3030,Sunita Srivastava,2,0,202.0,202.0,480,0.0,100.0
2026-W04,email,Bengaluru,Logistics,1.0,Morning,A3031,Om Malhotra,3,1,300.3333333333333,321.0,480,33.33333333333333,66.66666666666667
2026-W04,email,Bengaluru,Returns Desk,1.0,Day,A3036,Rohit Shinde,1,1,511.0,511.0,480,100.0,0.0
2026-W04,email,Bengaluru,Returns Desk,1.0,Day,A3038,Amit Yadav,1,0,107.0,107.0,480,0.0,100.0
2026-W04,email,Bengaluru,Returns Desk,1.0,Morning,A3037,Rahul Sen,3,1,363.0,461.0,480,33.33333333333333,66.66666666666667
2026-W04,email,Indore,Billing,1.0,Morning,A3032,Aadhya Sheikh,4,3,505.0,509.5,480,75.0,25.0
2026-W04,email,Indore,Logistics,1.0,Day,A3027,Dev Chatterjee,1,0,47.0,47.0,480,0.0,100.0
2026-W04,email,Indore,Logistics,1.0,Morning,A3028,Krishna Kaur,4,1,201.25,121.5,480,25.0,75.0
2026-W04,social,Bengaluru,Billing,1.0,Day,A3034,Thomas Patel,1,0,222.0,222.0,240,0.0,100.0
2026-W04,social,Bengaluru,Chat Frontline,1.0,Day,A3004,Krishna Naidu,1,0,25.0,25.0,240,0.0,100.0
2026-W04,social,Bengaluru,Chat Frontline,1.0,Day,A3012,Lakshmi Sethi,1,0,145.0,145.0,240,0.0,100.0
2026-W04,social,Bengaluru,Chat Frontline,1.0,Day,A3015,Yash Agarwal,1,0,44.0,44.0,240,0.0,100.0
2026-W04,social,Bengaluru,Chat Frontline,1.0,Morning,A3005,Sameer Joshi,2,0,47.5,47.5,240,0.0,100.0
2026-W04,social,Bengaluru,Chat Frontline,1.0,Morning,A3007,Neha Gaikwad,1,1,492.0,492.0,240,100.0,0.0
2026-W04,social,Bengaluru,Chat Frontline,1.0,Morning,A3009,Ramesh Patel,1,0,45.0,45.0,240,0.0,100.0
2026-W04,social,Bengaluru,Chat Frontline,1.0,Morning,A3014,Diya Patil,2,1,196.5,196.5,240,50.0,50.0
2026-W04,social,Bengaluru,Escalations & Warranty,2.0,Day,A3044,Kunal Malhotra,1,0,185.0,185.0,240,0.0,100.0
2026-W04,social,Bengaluru,Escalations & Warranty,2.0,Morning,A3043,Rohit Jain,2,2,357.5,357.5,240,100.0,0.0
2026-W04,social,Bengaluru,Logistics,1.0,Day,A3029,Rajat Iyer,1,0,45.0,45.0,240,0.0,100.0
2026-W04,social,Bengaluru,Logistics,1.0,Morning,A3031,Om Malhotra,2,2,584.5,584.5,240,100.0,0.0
2026-W04,social,Bengaluru,Returns Desk,1.0,Morning,A3037,Rahul Sen,1,1,471.0,471.0,240,100.0,0.0
2026-W04,social,Indore,Chat Frontline,1.0,Morning,A3011,Karan Roy,1,1,539.0,539.0,240,100.0,0.0
2026-W04,social,Indore,Chat Frontline,1.0,Morning,A3013,Ritika Chatterjee,2,0,63.5,63.5,240,0.0,100.0
2026-W04,social,Indore,Logistics,1.0,Day,A3027,Dev Chatterjee,1,0,25.0,25.0,240,0.0,100.0
2026-W04,voice,Bengaluru,Billing,1.0,Day,A3034,Thomas Patel,2,0,22.5,22.5,120,0.0,100.0
2026-W04,voice,Bengaluru,Billing,1.0,Morning,A3033,Amit Kulkarni,1,0,90.0,90.0,120,0.0,100.0
2026-W04,voice,Bengaluru,Escalations & Warranty,2.0,Day,A3044,Kunal Malhotra,3,0,27.666666666666668,20.0,120,0.0,100.0
2026-W04,voice,Bengaluru,Escalations & Warranty,2.0,Morning,A3043,Rohit Jain,1,0,12.0,12.0,120,0.0,100.0
2026-W04,voice,Bengaluru,Logistics,1.0,Day,A3029,Rajat Iyer,1,0,58.0,58.0,120,0.0,100.0
2026-W04,voice,Bengaluru,Returns Desk,1.0,Morning,A3037,Rahul Sen,1,0,23.0,23.0,120,0.0,100.0
2026-W04,voice,Bengaluru,Voice Frontline,1.0,Day,A3023,Rahul Khanna,5,0,24.6,22.0,120,0.0,100.0
2026-W04,voice,Bengaluru,Voice Frontline,1.0,Day,A3026,Lakshmi Qureshi,8,0,51.0,28.0,120,0.0,100.0
2026-W04,voice,Bengaluru,Voice Frontline,1.0,Morning,A3024,Kunal Khanna,1,0,51.0,51.0,120,0.0,100.0
2026-W04,voice,Bengaluru,Voice Frontline,1.0,Morning,A3025,Lobsang Rao,1,0,24.0,24.0,120,0.0,100.0
2026-W04,voice,Indore,Billing,1.0,Morning,A3032,Aadhya Sheikh,1,0,44.0,44.0,120,0.0,100.0
2026-W04,voice,Indore,Logistics,1.0,Morning,A3028,Krishna Kaur,1,0,20.0,20.0,120,0.0,100.0
2026-W05,chat,Bengaluru,Billing,1.0,Day,A3034,Thomas Patel,8,1,55.75,3.5,15,12.5,87.5
2026-W05,chat,Bengaluru,Billing,1.0,Morning,A3033,Amit Kulkarni,3,3,447.3333333333333,415.0,15,100.0,0.0
2026-W05,chat,Bengaluru,Billing,1.0,Morning,A3035,Rohit Mukherjee,3,2,219.0,166.0,15,66.66666666666666,33.33333333333334
2026-W05,chat,Bengaluru,Chat Frontline,1.0,Day,A3004,Krishna Naidu,1,0,1.0,1.0,15,0.0,100.0
2026-W05,chat,Bengaluru,Chat Frontline,1.0,Day,A3006,Lakshmi Reddy,2,0,3.5,3.5,15,0.0,100.0
2026-W05,chat,Bengaluru,Chat Frontline,1.0,Day,A3012,Lakshmi Sethi,2,0,9.5,9.5,15,0.0,100.0
2026-W05,chat,Bengaluru,Chat Frontline,1.0,Day,A3015,Yash Agarwal,1,0,2.0,2.0,15,0.0,100.0
2026-W05,chat,Bengaluru,Chat Frontline,1.0,Morning,A3005,Sameer Joshi,4,2,129.75,129.5,15,50.0,50.0
2026-W05,chat,Bengaluru,Chat Frontline,1.0,Morning,A3007,Neha Gaikwad,1,0,1.0,1.0,15,0.0,100.0
2026-W05,chat,Bengaluru,Chat Frontline,1.0,Morning,A3009,Ramesh Patel,1,1,351.0,351.0,15,100.0,0.0
2026-W05,chat,Bengaluru,Chat Frontline,1.0,Morning,A3014,Diya Patil,4,1,9.5,4.5,15,25.0,75.0
2026-W05,chat,Bengaluru,Escalations & Warranty,2.0,Day,A3042,Steven Chopra,3,0,4.0,4.0,15,0.0,100.0
2026-W05,chat,Bengaluru,Escalations & Warranty,2.0,Day,A3044,Kunal Malhotra,2,0,4.5,4.5,15,0.0,100.0
2026-W05,chat,Bengaluru,Escalations & Warranty,2.0,Morning,A3039,Riya Gaikwad,4,3,330.5,384.5,15,75.0,25.0
2026-W05,chat,Bengaluru,Escalations & Warranty,2.0,Morning,A3043,Rohit Jain,4,2,192.25,151.5,15,50.0,50.0
2026-W05,chat,Bengaluru,Logistics,1.0,Day,A3029,Rajat Iyer,2,0,4.0,4.0,15,0.0,100.0
2026-W05,chat,Bengaluru,Logistics,1.0,Day,A3030,Sunita Srivastava,3,0,3.3333333333333335,3.0,15,0.0,100.0
2026-W05,chat,Bengaluru,Logistics,1.0,Morning,A3031,Om Malhotra,6,4,283.8333333333333,397.5,15,66.66666666666666,33.33333333333334
2026-W05,chat,Bengaluru,Returns Desk,1.0,Day,A3036,Rohit Shinde,2,2,251.0,251.0,15,100.0,0.0
2026-W05,chat,Bengaluru,Returns Desk,1.0,Day,A3038,Amit Yadav,1,0,1.0,1.0,15,0.0,100.0
2026-W05,chat,Bengaluru,Returns Desk,1.0,Morning,A3037,Rahul Sen,6,4,128.5,18.5,15,66.66666666666666,33.33333333333334
2026-W05,chat,Indore,Chat Frontline,1.0,Day,A3002,Tarun Mishra,3,0,7.0,5.0,15,0.0,100.0
2026-W05,chat,Indore,Chat Frontline,1.0,Day,A3003,Harpreet Deshpande,2,0,4.5,4.5,15,0.0,100.0
2026-W05,chat,Indore,Chat Frontline,1.0,Morning,A3008,Steven Kaur,4,1,126.5,12.0,15,25.0,75.0
2026-W05,chat,Indore,Chat Frontline,1.0,Morning,A3010,Neha Chatterjee,2,0,6.5,6.5,15,0.0,100.0
2026-W05,chat,Indore,Chat Frontline,1.0,Morning,A3011,Karan Roy,3,0,6.0,4.0,15,0.0,100.0
2026-W05,chat,Indore,Chat Frontline,1.0,Morning,A3013,Ritika Chatterjee,1,0,3.0,3.0,15,0.0,100.0
2026-W05,chat,Indore,Logistics,1.0,Day,A3027,Dev Chatterjee,2,0,4.5,4.5,15,0.0,100.0
2026-W05,chat,Indore,Logistics,1.0,Morning,A3028,Krishna Kaur,2,1,236.5,236.5,15,50.0,50.0
2026-W05,email,Bengaluru,Billing,1.0,Day,A3034,Thomas Patel,2,1,291.5,291.5,480,50.0,50.0
2026-W05,email,Bengaluru,Chat Frontline,1.0,Morning,A3009,Ramesh Patel,1,0,293.0,293.0,480,0.0,100.0
2026-W05,email,Bengaluru,Email Frontline,1.0,Day,A3020,Ramesh Ghosh,2,0,75.0,75.0,480,0.0,100.0
2026-W05,email,Bengaluru,Email Frontline,1.0,Day,A3021,Aditya Dhillon,3,0,169.33333333333334,108.0,480,0.0,100.0
2026-W05,email,Bengaluru,Email Frontline,1.0,Day,A3022,Steven Tiwari,3,0,264.6666666666667,263.0,480,0.0,100.0
2026-W05,email,Bengaluru,Email Frontline,1.0,Morning,A3018,Farah Sheikh,14,5,451.2142857142857,406.5,480,35.714285714285715,64.28571428571428
2026-W05,email,Bengaluru,Email Frontline,1.0,Morning,A3019,Sai Sandhu,13,1,268.38461538461536,248.0,480,7.6923076923076925,92.3076923076923
2026-W05,email,Bengaluru,Escalations & Warranty,2.0,Morning,A3039,Riya Gaikwad,1,0,158.0,158.0,480,0.0,100.0
2026-W05,email,Bengaluru,Logistics,1.0,Day,A3029,Rajat Iyer,5,2,533.6,206.0,480,40.0,60.0
2026-W05,email,Bengaluru,Logistics,1.0,Day,A3030,Sunita Srivastava,1,0,41.0,41.0,480,0.0,100.0
2026-W05,email,Bengaluru,Logistics,1.0,Morning,A3031,Om Malhotra,1,1,513.0,513.0,480,100.0,0.0
2026-W05,email,Bengaluru,Returns Desk,1.0,Day,A3036,Rohit Shinde,1,0,22.0,22.0,480,0.0,100.0
2026-W05,email,Bengaluru,Returns Desk,1.0,Morning,A3037,Rahul Sen,4,0,179.25,120.0,480,0.0,100.0
2026-W05,email,Indore,Billing,1.0,Morning,A3032,Aadhya Sheikh,1,0,360.0,360.0,480,0.0,100.0
2026-W05,email,Indore,Chat Frontline,1.0,Day,A3002,Tarun Mishra,1,1,549.0,549.0,480,100.0,0.0
2026-W05,email,Indore,Logistics,1.0,Day,A3027,Dev Chatterjee,1,0,203.0,203.0,480,0.0,100.0
2026-W05,social,Bengaluru,Billing,1.0,Morning,A3033,Amit Kulkarni,1,1,474.0,474.0,240,100.0,0.0
2026-W05,social,Bengaluru,Chat Frontline,1.0,Day,A3004,Krishna Naidu,1,0,81.0,81.0,240,0.0,100.0
2026-W05,social,Bengaluru,Chat Frontline,1.0,Day,A3006,Lakshmi Reddy,1,0,106.0,106.0,240,0.0,100.0
2026-W05,social,Bengaluru,Chat Frontline,1.0,Day,A3012,Lakshmi Sethi,4,0,51.75,50.0,240,0.0,100.0
2026-W05,social,Bengaluru,Chat Frontline,1.0,Morning,A3005,Sameer Joshi,1,1,333.0,333.0,240,100.0,0.0
2026-W05,social,Bengaluru,Chat Frontline,1.0,Morning,A3007,Neha Gaikwad,1,0,41.0,41.0,240,0.0,100.0
2026-W05,social,Bengaluru,Chat Frontline,1.0,Morning,A3009,Ramesh Patel,1,0,136.0,136.0,240,0.0,100.0
2026-W05,social,Bengaluru,Logistics,1.0,Day,A3029,Rajat Iyer,1,0,35.0,35.0,240,0.0,100.0
2026-W05,social,Bengaluru,Logistics,1.0,Morning,A3031,Om Malhotra,1,0,83.0,83.0,240,0.0,100.0
2026-W05,social,Indore,Chat Frontline,1.0,Day,A3002,Tarun Mishra,1,1,301.0,301.0,240,100.0,0.0
2026-W05,social,Indore,Chat Frontline,1.0,Morning,A3010,Neha Chatterjee,1,0,32.0,32.0,240,0.0,100.0
2026-W05,social,Indore,Logistics,1.0,Day,A3027,Dev Chatterjee,1,0,203.0,203.0,240,0.0,100.0
2026-W05,social,Indore,Logistics,1.0,Morning,A3028,Krishna Kaur,2,0,132.0,132.0,240,0.0,100.0
2026-W05,voice,Bengaluru,Billing,1.0,Day,A3034,Thomas Patel,1,0,58.0,58.0,120,0.0,100.0
2026-W05,voice,Bengaluru,Chat Frontline,1.0,Day,A3006,Lakshmi Reddy,1,0,77.0,77.0,120,0.0,100.0
2026-W05,voice,Bengaluru,Escalations & Warranty,2.0,Morning,A3039,Riya Gaikwad,2,0,31.5,31.5,120,0.0,100.0
2026-W05,voice,Bengaluru,Logistics,1.0,Day,A3029,Rajat Iyer,1,1,187.0,187.0,120,100.0,0.0
2026-W05,voice,Bengaluru,Logistics,1.0,Day,A3030,Sunita Srivastava,1,0,104.0,104.0,120,0.0,100.0
2026-W05,voice,Bengaluru,Returns Desk,1.0,Day,A3036,Rohit Shinde,2,0,20.5,20.5,120,0.0,100.0
2026-W05,voice,Bengaluru,Returns Desk,1.0,Morning,A3037,Rahul Sen,3,1,63.666666666666664,36.0,120,33.33333333333333,66.66666666666667
2026-W05,voice,Bengaluru,Voice Frontline,1.0,Day,A3023,Rahul Khanna,2,0,97.0,97.0,120,0.0,100.0
2026-W05,voice,Bengaluru,Voice Frontline,1.0,Day,A3026,Lakshmi Qureshi,4,0,51.0,60.0,120,0.0,100.0
2026-W05,voice,Bengaluru,Voice Frontline,1.0,Morning,A3024,Kunal Khanna,2,1,71.0,71.0,120,50.0,50.0
2026-W05,voice,Indore,Escalations & Warranty,2.0,Day,A3041,Riya Fernandes,1,0,40.0,40.0,120,0.0,100.0
2026-W05,voice,Indore,Logistics,1.0,Day,A3027,Dev Chatterjee,4,0,37.0,35.0,120,0.0,100.0
2026-W06,chat,Bengaluru,Billing,1.0,Day,A3034,Thomas Patel,4,1,7.25,4.0,15,25.0,75.0
2026-W06,chat,Bengaluru,Billing,1.0,Morning,A3033,Amit Kulkarni,1,1,257.0,257.0,15,100.0,0.0
2026-W06,chat,Bengaluru,Billing,1.0,Morning,A3035,Rohit Mukherjee,1,1,497.0,497.0,15,100.0,0.0
2026-W06,chat,Bengaluru,Chat Frontline,1.0,Day,A3004,Krishna Naidu,1,0,4.0,4.0,15,0.0,100.0
2026-W06,chat,Bengaluru,Chat Frontline,1.0,Day,A3006,Lakshmi Reddy,3,0,1.3333333333333333,1.0,15,0.0,100.0
2026-W06,chat,Bengaluru,Chat Frontline,1.0,Day,A3012,Lakshmi Sethi,7,1,7.857142857142857,4.0,15,14.285714285714285,85.71428571428572
2026-W06,chat,Bengaluru,Chat Frontline,1.0,Day,A3015,Yash Agarwal,5,3,16.2,16.0,15,60.0,40.0
2026-W06,chat,Bengaluru,Chat Frontline,1.0,Morning,A3005,Sameer Joshi,2,1,249.0,249.0,15,50.0,50.0
2026-W06,chat,Bengaluru,Chat Frontline,1.0,Morning,A3007,Neha Gaikwad,2,1,33.0,33.0,15,50.0,50.0
2026-W06,chat,Bengaluru,Chat Frontline,1.0,Morning,A3009,Ramesh Patel,4,3,277.5,304.0,15,75.0,25.0
2026-W06,chat,Bengaluru,Chat Frontline,1.0,Morning,A3014,Diya Patil,2,2,183.5,183.5,15,100.0,0.0
2026-W06,chat,Bengaluru,Email Frontline,1.0,Day,A3020,Ramesh Ghosh,1,0,8.0,8.0,15,0.0,100.0
2026-W06,chat,Bengaluru,Escalations & Warranty,2.0,Day,A3044,Kunal Malhotra,1,0,0.0,0.0,15,0.0,100.0
2026-W06,chat,Bengaluru,Escalations & Warranty,2.0,Morning,A3043,Rohit Jain,4,1,125.25,5.0,15,25.0,75.0
2026-W06,chat,Bengaluru,Logistics,1.0,Day,A3030,Sunita Srivastava,7,0,9.285714285714286,12.0,15,0.0,100.0
2026-W06,chat,Bengaluru,Logistics,1.0,Morning,A3031,Om Malhotra,2,1,144.0,144.0,15,50.0,50.0
2026-W06,chat,Bengaluru,Returns Desk,1.0,Day,A3036,Rohit Shinde,1,1,460.0,460.0,15,100.0,0.0
2026-W06,chat,Bengaluru,Returns Desk,1.0,Day,A3038,Amit Yadav,5,0,3.0,3.0,15,0.0,100.0
2026-W06,chat,Bengaluru,Returns Desk,1.0,Morning,A3037,Rahul Sen,4,2,199.25,131.5,15,50.0,50.0
2026-W06,chat,Indore,Billing,1.0,Morning,A3032,Aadhya Sheikh,1,1,484.0,484.0,15,100.0,0.0
2026-W06,chat,Indore,Chat Frontline,1.0,Day,A3002,Tarun Mishra,1,0,2.0,2.0,15,0.0,100.0
2026-W06,chat,Indore,Chat Frontline,1.0,Day,A3003,Harpreet Deshpande,3,0,3.3333333333333335,2.0,15,0.0,100.0
2026-W06,chat,Indore,Chat Frontline,1.0,Morning,A3008,Steven Kaur,2,1,43.0,43.0,15,50.0,50.0
2026-W06,chat,Indore,Chat Frontline,1.0,Morning,A3010,Neha Chatterjee,3,0,3.3333333333333335,4.0,15,0.0,100.0
2026-W06,chat,Indore,Chat Frontline,1.0,Morning,A3011,Karan Roy,3,2,268.0,341.0,15,66.66666666666666,33.33333333333334
2026-W06,chat,Indore,Chat Frontline,1.0,Morning,A3013,Ritika Chatterjee,1,0,2.0,2.0,15,0.0,100.0
2026-W06,chat,Indore,Logistics,1.0,Day,A3027,Dev Chatterjee,2,0,3.5,3.5,15,0.0,100.0
2026-W06,chat,Indore,Logistics,1.0,Morning,A3028,Krishna Kaur,1,1,16.0,16.0,15,100.0,0.0
2026-W06,email,Bengaluru,Billing,1.0,Day,A3034,Thomas Patel,4,0,188.0,209.0,480,0.0,100.0
2026-W06,email,Bengaluru,Billing,1.0,Morning,A3033,Amit Kulkarni,2,0,151.0,151.0,480,0.0,100.0
2026-W06,email,Bengaluru,Billing,1.0,Morning,A3035,Rohit Mukherjee,2,0,240.0,240.0,480,0.0,100.0
2026-W06,email,Bengaluru,Chat Frontline,1.0,Day,A3012,Lakshmi Sethi,1,1,951.0,951.0,480,100.0,0.0
2026-W06,email,Bengaluru,Email Frontline,1.0,Day,A3020,Ramesh Ghosh,4,0,96.0,82.0,480,0.0,100.0
2026-W06,email,Bengaluru,Email Frontline,1.0,Day,A3021,Aditya Dhillon,4,0,200.0,199.5,480,0.0,100.0
2026-W06,email,Bengaluru,Email Frontline,1.0,Day,A3022,Steven Tiwari,3,1,365.0,450.0,480,33.33333333333333,66.66666666666667
2026-W06,email,Bengaluru,Email Frontline,1.0,Morning,A3018,Farah Sheikh,12,6,448.3333333333333,484.0,480,50.0,50.0
2026-W06,email,Bengaluru,Email Frontline,1.0,Morning,A3019,Sai Sandhu,8,1,262.875,198.5,480,12.5,87.5
2026-W06,email,Bengaluru,Escalations & Warranty,2.0,Morning,A3039,Riya Gaikwad,2,0,209.5,209.5,480,0.0,100.0
2026-W06,email,Bengaluru,Escalations & Warranty,2.0,Morning,A3043,Rohit Jain,1,1,529.0,529.0,480,100.0,0.0
2026-W06,email,Bengaluru,Logistics,1.0,Day,A3029,Rajat Iyer,1,0,278.0,278.0,480,0.0,100.0
2026-W06,email,Bengaluru,Logistics,1.0,Morning,A3031,Om Malhotra,2,0,296.5,296.5,480,0.0,100.0
2026-W06,email,Bengaluru,Returns Desk,1.0,Day,A3036,Rohit Shinde,1,0,470.0,470.0,480,0.0,100.0
2026-W06,email,Bengaluru,Returns Desk,1.0,Day,A3038,Amit Yadav,1,0,92.0,92.0,480,0.0,100.0
2026-W06,email,Bengaluru,Returns Desk,1.0,Morning,A3037,Rahul Sen,4,1,230.5,183.0,480,25.0,75.0
2026-W06,email,Indore,Billing,1.0,Morning,A3032,Aadhya Sheikh,3,0,252.66666666666666,247.0,480,0.0,100.0
2026-W06,email,Indore,Escalations & Warranty,2.0,Day,A3041,Riya Fernandes,1,0,210.0,210.0,480,0.0,100.0
2026-W06,email,Indore,Logistics,1.0,Morning,A3028,Krishna Kaur,5,1,307.0,360.0,480,20.0,80.0
2026-W06,social,Bengaluru,Billing,1.0,Day,A3034,Thomas Patel,2,1,209.5,209.5,240,50.0,50.0
2026-W06,social,Bengaluru,Billing,1.0,Morning,A3035,Rohit Mukherjee,1,0,32.0,32.0,240,0.0,100.0
2026-W06,social,Bengaluru,Chat Frontline,1.0,Day,A3006,Lakshmi Reddy,1,0,34.0,34.0,240,0.0,100.0
2026-W06,social,Bengaluru,Chat Frontline,1.0,Morning,A3005,Sameer Joshi,1,0,73.0,73.0,240,0.0,100.0
2026-W06,social,Bengaluru,Chat Frontline,1.0,Morning,A3007,Neha Gaikwad,2,0,191.5,191.5,240,0.0,100.0
2026-W06,social,Bengaluru,Email Frontline,1.0,Morning,A3018,Farah Sheikh,1,1,397.0,397.0,240,100.0,0.0
2026-W06,social,Bengaluru,Escalations & Warranty,2.0,Morning,A3039,Riya Gaikwad,1,1,395.0,395.0,240,100.0,0.0
2026-W06,social,Bengaluru,Logistics,1.0,Morning,A3031,Om Malhotra,1,0,74.0,74.0,240,0.0,100.0
2026-W06,social,Bengaluru,Returns Desk,1.0,Day,A3038,Amit Yadav,1,0,22.0,22.0,240,0.0,100.0
2026-W06,social,Bengaluru,Returns Desk,1.0,Morning,A3037,Rahul Sen,1,0,71.0,71.0,240,0.0,100.0
2026-W06,social,Indore,Billing,1.0,Morning,A3032,Aadhya Sheikh,1,0,83.0,83.0,240,0.0,100.0
2026-W06,social,Indore,Chat Frontline,1.0,Day,A3002,Tarun Mishra,1,0,32.0,32.0,240,0.0,100.0
2026-W06,social,Indore,Chat Frontline,1.0,Day,A3003,Harpreet Deshpande,1,1,341.0,341.0,240,100.0,0.0
2026-W06,social,Indore,Chat Frontline,1.0,Morning,A3008,Steven Kaur,1,0,65.0,65.0,240,0.0,100.0
2026-W06,social,Indore,Chat Frontline,1.0,Morning,A3010,Neha Chatterjee,2,0,67.5,67.5,240,0.0,100.0
2026-W06,social,Indore,Chat Frontline,1.0,Morning,A3011,Karan Roy,1,0,41.0,41.0,240,0.0,100.0
2026-W06,social,Indore,Logistics,1.0,Morning,A3028,Krishna Kaur,2,1,144.5,144.5,240,50.0,50.0
2026-W06,voice,Bengaluru,Billing,1.0,Day,A3034,Thomas Patel,2,1,78.0,78.0,120,50.0,50.0
2026-W06,voice,Bengaluru,Billing,1.0,Morning,A3033,Amit Kulkarni,1,1,121.0,121.0,120,100.0,0.0
2026-W06,voice,Bengaluru,Escalations & Warranty,2.0,Morning,A3043,Rohit Jain,1,0,16.0,16.0,120,0.0,100.0
2026-W06,voice,Bengaluru,Logistics,1.0,Morning,A3031,Om Malhotra,1,0,34.0,34.0,120,0.0,100.0
2026-W06,voice,Bengaluru,Returns Desk,1.0,Morning,A3037,Rahul Sen,1,1,209.0,209.0,120,100.0,0.0
2026-W06,voice,Bengaluru,Voice Frontline,1.0,Day,A3023,Rahul Khanna,2,0,40.5,40.5,120,0.0,100.0
2026-W06,voice,Bengaluru,Voice Frontline,1.0,Day,A3026,Lakshmi Qureshi,4,0,19.25,15.0,120,0.0,100.0
2026-W06,voice,Bengaluru,Voice Frontline,1.0,Morning,A3024,Kunal Khanna,1,0,18.0,18.0,120,0.0,100.0
2026-W06,voice,Bengaluru,Voice Frontline,1.0,Morning,A3025,Lobsang Rao,4,0,57.75,64.0,120,0.0,100.0
2026-W06,voice,Indore,Billing,1.0,Morning,A3032,Aadhya Sheikh,2,0,31.5,31.5,120,0.0,100.0
2026-W06,voice,Indore,Logistics,1.0,Day,A3027,Dev Chatterjee,1,0,19.0,19.0,120,0.0,100.0
2026-W07,chat,Bengaluru,Billing,1.0,Day,A3034,Thomas Patel,3,0,4.666666666666667,2.0,15,0.0,100.0
2026-W07,chat,Bengaluru,Billing,1.0,Morning,A3033,Amit Kulkarni,2,1,255.5,255.5,15,50.0,50.0
2026-W07,chat,Bengaluru,Billing,1.0,Morning,A3035,Rohit Mukherjee,2,2,271.0,271.0,15,100.0,0.0
2026-W07,chat,Bengaluru,Chat Frontline,1.0,Day,A3004,Krishna Naidu,2,0,2.5,2.5,15,0.0,100.0
2026-W07,chat,Bengaluru,Chat Frontline,1.0,Day,A3006,Lakshmi Reddy,4,0,4.25,3.5,15,0.0,100.0
2026-W07,chat,Bengaluru,Chat Frontline,1.0,Day,A3012,Lakshmi Sethi,3,1,9.666666666666666,6.0,15,33.33333333333333,66.66666666666667
2026-W07,chat,Bengaluru,Chat Frontline,1.0,Day,A3015,Yash Agarwal,5,0,7.0,5.0,15,0.0,100.0
2026-W07,chat,Bengaluru,Chat Frontline,1.0,Morning,A3005,Sameer Joshi,1,0,1.0,1.0,15,0.0,100.0
2026-W07,chat,Bengaluru,Chat Frontline,1.0,Morning,A3007,Neha Gaikwad,8,1,46.875,5.0,15,12.5,87.5
2026-W07,chat,Bengaluru,Chat Frontline,1.0,Morning,A3009,Ramesh Patel,2,1,225.0,225.0,15,50.0,50.0
2026-W07,chat,Bengaluru,Chat Frontline,1.0,Morning,A3014,Diya Patil,2,2,499.5,499.5,15,100.0,0.0
2026-W07,chat,Bengaluru,Escalations & Warranty,2.0,Day,A3040,Thomas Arora,2,0,3.0,3.0,15,0.0,100.0
2026-W07,chat,Bengaluru,Escalations & Warranty,2.0,Day,A3044,Kunal Malhotra,2,0,6.5,6.5,15,0.0,100.0
2026-W07,chat,Bengaluru,Logistics,1.0,Day,A3029,Rajat Iyer,1,0,3.0,3.0,15,0.0,100.0
2026-W07,chat,Bengaluru,Logistics,1.0,Day,A3030,Sunita Srivastava,3,2,20.666666666666668,18.0,15,66.66666666666666,33.33333333333334
2026-W07,chat,Bengaluru,Logistics,1.0,Morning,A3031,Om Malhotra,2,2,291.5,291.5,15,100.0,0.0
2026-W07,chat,Bengaluru,Returns Desk,1.0,Day,A3036,Rohit Shinde,1,0,1.0,1.0,15,0.0,100.0
2026-W07,chat,Bengaluru,Returns Desk,1.0,Day,A3038,Amit Yadav,3,0,3.0,3.0,15,0.0,100.0
2026-W07,chat,Bengaluru,Returns Desk,1.0,Morning,A3037,Rahul Sen,3,1,78.0,3.0,15,33.33333333333333,66.66666666666667
2026-W07,chat,Indore,Billing,1.0,Morning,A3032,Aadhya Sheikh,2,1,213.0,213.0,15,50.0,50.0
2026-W07,chat,Indore,Chat Frontline,1.0,Day,A3002,Tarun Mishra,1,0,12.0,12.0,15,0.0,100.0
2026-W07,chat,Indore,Chat Frontline,1.0,Day,A3003,Harpreet Deshpande,2,0,11.5,11.5,15,0.0,100.0
2026-W07,chat,Indore,Chat Frontline,1.0,Morning,A3008,Steven Kaur,4,2,239.25,216.0,15,50.0,50.0
2026-W07,chat,Indore,Chat Frontline,1.0,Morning,A3010,Neha Chatterjee,1,1,452.0,452.0,15,100.0,0.0
2026-W07,chat,Indore,Chat Frontline,1.0,Morning,A3011,Karan Roy,4,1,106.25,9.0,15,25.0,75.0
2026-W07,chat,Indore,Chat Frontline,1.0,Morning,A3013,Ritika Chatterjee,3,2,160.66666666666666,16.0,15,66.66666666666666,33.33333333333334
2026-W07,chat,Indore,Logistics,1.0,Morning,A3028,Krishna Kaur,2,1,77.5,77.5,15,50.0,50.0
2026-W07,email,Bengaluru,Billing,1.0,Day,A3034,Thomas Patel,2,0,99.5,99.5,480,0.0,100.0
2026-W07,email,Bengaluru,Billing,1.0,Morning,A3033,Amit Kulkarni,2,0,246.5,246.5,480,0.0,100.0
2026-W07,email,Bengaluru,Billing,1.0,Morning,A3035,Rohit Mukherjee,1,1,488.0,488.0,480,100.0,0.0
2026-W07,email,Bengaluru,Email Frontline,1.0,Day,A3020,Ramesh Ghosh,9,0,266.1111111111111,293.0,480,0.0,100.0
2026-W07,email,Bengaluru,Email Frontline,1.0,Day,A3021,Aditya Dhillon,6,1,492.8333333333333,331.5,480,16.666666666666664,83.33333333333334
2026-W07,email,Bengaluru,Email Frontline,1.0,Day,A3022,Steven Tiwari,2,0,147.0,147.0,480,0.0,100.0
2026-W07,email,Bengaluru,Email Frontline,1.0,Morning,A3018,Farah Sheikh,9,3,314.77777777777777,266.0,480,33.33333333333333,66.66666666666667
2026-W07,email,Bengaluru,Email Frontline,1.0,Morning,A3019,Sai Sandhu,7,3,382.14285714285717,470.0,480,42.857142857142854,57.142857142857146
2026-W07,email,Bengaluru,Escalations & Warranty,2.0,Morning,A3043,Rohit Jain,2,0,351.0,351.0,480,0.0,100.0
2026-W07,email,Bengaluru,Logistics,1.0,Day,A3030,Sunita Srivastava,3,1,381.0,113.0,480,33.33333333333333,66.66666666666667
2026-W07,email,Bengaluru,Logistics,1.0,Morning,A3031,Om Malhotra,4,1,527.75,372.5,480,25.0,75.0
2026-W07,email,Bengaluru,Returns Desk,1.0,Day,A3038,Amit Yadav,2,0,216.0,216.0,480,0.0,100.0
2026-W07,email,Bengaluru,Returns Desk,1.0,Morning,A3037,Rahul Sen,3,1,334.3333333333333,441.0,480,33.33333333333333,66.66666666666667
2026-W07,email,Indore,Billing,1.0,Morning,A3032,Aadhya Sheikh,1,1,574.0,574.0,480,100.0,0.0
2026-W07,email,Indore,Chat Frontline,1.0,Morning,A3011,Karan Roy,2,0,230.5,230.5,480,0.0,100.0
2026-W07,email,Indore,Logistics,1.0,Day,A3027,Dev Chatterjee,4,1,344.5,333.5,480,25.0,75.0
2026-W07,email,Indore,Logistics,1.0,Morning,A3028,Krishna Kaur,1,0,94.0,94.0,480,0.0,100.0
2026-W07,social,Bengaluru,Billing,1.0,Day,A3034,Thomas Patel,1,0,61.0,61.0,240,0.0,100.0
2026-W07,social,Bengaluru,Chat Frontline,1.0,Day,A3006,Lakshmi Reddy,1,0,63.0,63.0,240,0.0,100.0
2026-W07,social,Bengaluru,Chat Frontline,1.0,Morning,A3005,Sameer Joshi,3,0,58.333333333333336,69.0,240,0.0,100.0
2026-W07,social,Bengaluru,Chat Frontline,1.0,Morning,A3007,Neha Gaikwad,1,0,76.0,76.0,240,0.0,100.0
2026-W07,social,Bengaluru,Chat Frontline,1.0,Morning,A3009,Ramesh Patel,1,0,173.0,173.0,240,0.0,100.0
2026-W07,social,Bengaluru,Chat Frontline,1.0,Morning,A3014,Diya Patil,1,1,415.0,415.0,240,100.0,0.0
2026-W07,social,Bengaluru,Logistics,1.0,Day,A3030,Sunita Srivastava,1,0,83.0,83.0,240,0.0,100.0
2026-W07,social,Bengaluru,Returns Desk,1.0,Morning,A3037,Rahul Sen,3,0,84.33333333333333,88.0,240,0.0,100.0
2026-W07,social,Indore,Chat Frontline,1.0,Morning,A3008,Steven Kaur,1,0,35.0,35.0,240,0.0,100.0
2026-W07,social,Indore,Chat Frontline,1.0,Morning,A3013,Ritika Chatterjee,1,0,34.0,34.0,240,0.0,100.0
2026-W07,social,Indore,Logistics,1.0,Morning,A3028,Krishna Kaur,3,2,239.66666666666666,347.0,240,66.66666666666666,33.33333333333334
2026-W07,voice,Bengaluru,Billing,1.0,Day,A3034,Thomas Patel,2,0,24.0,24.0,120,0.0,100.0
2026-W07,voice,Bengaluru,Billing,1.0,Morning,A3033,Amit Kulkarni,1,0,25.0,25.0,120,0.0,100.0
2026-W07,voice,Bengaluru,Billing,1.0,Morning,A3035,Rohit Mukherjee,1,0,40.0,40.0,120,0.0,100.0
2026-W07,voice,Bengaluru,Escalations & Warranty,2.0,Morning,A3039,Riya Gaikwad,2,0,38.0,38.0,120,0.0,100.0
2026-W07,voice,Bengaluru,Escalations & Warranty,2.0,Morning,A3043,Rohit Jain,1,0,26.0,26.0,120,0.0,100.0
2026-W07,voice,Bengaluru,Logistics,1.0,Day,A3029,Rajat Iyer,1,0,30.0,30.0,120,0.0,100.0
2026-W07,voice,Bengaluru,Logistics,1.0,Day,A3030,Sunita Srivastava,2,0,34.0,34.0,120,0.0,100.0
2026-W07,voice,Bengaluru,Returns Desk,1.0,Day,A3036,Rohit Shinde,2,0,34.5,34.5,120,0.0,100.0
2026-W07,voice,Bengaluru,Returns Desk,1.0,Morning,A3037,Rahul Sen,1,0,15.0,15.0,120,0.0,100.0
2026-W07,voice,Bengaluru,Voice Frontline,1.0,Day,A3023,Rahul Khanna,3,0,51.666666666666664,38.0,120,0.0,100.0
2026-W07,voice,Bengaluru,Voice Frontline,1.0,Day,A3026,Lakshmi Qureshi,4,0,44.75,48.5,120,0.0,100.0
2026-W07,voice,Bengaluru,Voice Frontline,1.0,Morning,A3024,Kunal Khanna,1,0,9.0,9.0,120,0.0,100.0
2026-W07,voice,Indore,Logistics,1.0,Day,A3027,Dev Chatterjee,1,0,12.0,12.0,120,0.0,100.0
2026-W08,chat,Bengaluru,Billing,1.0,Day,A3034,Thomas Patel,2,0,3.5,3.5,15,0.0,100.0
2026-W08,chat,Bengaluru,Billing,1.0,Morning,A3033,Amit Kulkarni,2,1,101.0,101.0,15,50.0,50.0
2026-W08,chat,Bengaluru,Billing,1.0,Morning,A3035,Rohit Mukherjee,2,2,415.5,415.5,15,100.0,0.0
2026-W08,chat,Bengaluru,Chat Frontline,1.0,Day,A3004,Krishna Naidu,3,0,8.666666666666666,10.0,15,0.0,100.0
2026-W08,chat,Bengaluru,Chat Frontline,1.0,Day,A3006,Lakshmi Reddy,4,0,8.25,6.5,15,0.0,100.0
2026-W08,chat,Bengaluru,Chat Frontline,1.0,Day,A3012,Lakshmi Sethi,2,0,5.5,5.5,15,0.0,100.0
2026-W08,chat,Bengaluru,Chat Frontline,1.0,Day,A3015,Yash Agarwal,1,0,6.0,6.0,15,0.0,100.0
2026-W08,chat,Bengaluru,Chat Frontline,1.0,Morning,A3005,Sameer Joshi,2,1,77.0,77.0,15,50.0,50.0
2026-W08,chat,Bengaluru,Chat Frontline,1.0,Morning,A3007,Neha Gaikwad,4,1,116.25,7.5,15,25.0,75.0
2026-W08,chat,Bengaluru,Chat Frontline,1.0,Morning,A3009,Ramesh Patel,4,2,226.25,218.5,15,50.0,50.0
2026-W08,chat,Bengaluru,Chat Frontline,1.0,Morning,A3014,Diya Patil,3,2,331.0,479.0,15,66.66666666666666,33.33333333333334
2026-W08,chat,Bengaluru,Email Frontline,1.0,Day,A3020,Ramesh Ghosh,1,0,1.0,1.0,15,0.0,100.0
2026-W08,chat,Bengaluru,Email Frontline,1.0,Morning,A3018,Farah Sheikh,1,0,7.0,7.0,15,0.0,100.0
2026-W08,chat,Bengaluru,Escalations & Warranty,2.0,Morning,A3039,Riya Gaikwad,2,1,241.0,241.0,15,50.0,50.0
2026-W08,chat,Bengaluru,Escalations & Warranty,2.0,Morning,A3043,Rohit Jain,1,0,6.0,6.0,15,0.0,100.0
2026-W08,chat,Bengaluru,Logistics,1.0,Day,A3029,Rajat Iyer,3,0,3.0,3.0,15,0.0,100.0
2026-W08,chat,Bengaluru,Logistics,1.0,Day,A3030,Sunita Srivastava,1,0,4.0,4.0,15,0.0,100.0
2026-W08,chat,Bengaluru,Logistics,1.0,Morning,A3031,Om Malhotra,6,2,90.5,3.5,15,33.33333333333333,66.66666666666667
2026-W08,chat,Bengaluru,Returns Desk,1.0,Day,A3036,Rohit Shinde,2,0,2.5,2.5,15,0.0,100.0
2026-W08,chat,Bengaluru,Returns Desk,1.0,Day,A3038,Amit Yadav,3,0,4.0,3.0,15,0.0,100.0
2026-W08,chat,Bengaluru,Returns Desk,1.0,Morning,A3037,Rahul Sen,6,2,107.0,9.5,15,33.33333333333333,66.66666666666667
2026-W08,chat,Indore,Billing,1.0,Morning,A3032,Aadhya Sheikh,2,2,445.0,445.0,15,100.0,0.0
2026-W08,chat,Indore,Chat Frontline,1.0,Day,A3002,Tarun Mishra,2,0,4.0,4.0,15,0.0,100.0
2026-W08,chat,Indore,Chat Frontline,1.0,Day,A3003,Harpreet Deshpande,2,0,2.0,2.0,15,0.0,100.0
2026-W08,chat,Indore,Chat Frontline,1.0,Morning,A3008,Steven Kaur,2,0,5.0,5.0,15,0.0,100.0
2026-W08,chat,Indore,Chat Frontline,1.0,Morning,A3010,Neha Chatterjee,3,1,40.333333333333336,2.0,15,33.33333333333333,66.66666666666667
2026-W08,chat,Indore,Chat Frontline,1.0,Morning,A3011,Karan Roy,4,2,238.0,238.0,15,50.0,50.0
2026-W08,chat,Indore,Chat Frontline,1.0,Morning,A3013,Ritika Chatterjee,5,1,8.2,7.0,15,20.0,80.0
2026-W08,chat,Indore,Logistics,1.0,Day,A3027,Dev Chatterjee,1,0,2.0,2.0,15,0.0,100.0
2026-W08,chat,Indore,Logistics,1.0,Morning,A3028,Krishna Kaur,1,0,1.0,1.0,15,0.0,100.0
2026-W08,email,Bengaluru,Billing,1.0,Day,A3034,Thomas Patel,4,0,225.5,206.5,480,0.0,100.0
2026-W08,email,Bengaluru,Billing,1.0,Morning,A3033,Amit Kulkarni,2,1,510.0,510.0,480,50.0,50.0
2026-W08,email,Bengaluru,Billing,1.0,Morning,A3035,Rohit Mukherjee,1,0,81.0,81.0,480,0.0,100.0
2026-W08,email,Bengaluru,Chat Frontline,1.0,Day,A3006,Lakshmi Reddy,1,1,627.0,627.0,480,100.0,0.0
2026-W08,email,Bengaluru,Email Frontline,1.0,Day,A3020,Ramesh Ghosh,2,0,178.5,178.5,480,0.0,100.0
2026-W08,email,Bengaluru,Email Frontline,1.0,Day,A3021,Aditya Dhillon,3,0,74.66666666666667,84.0,480,0.0,100.0
2026-W08,email,Bengaluru,Email Frontline,1.0,Day,A3022,Steven Tiwari,1,0,157.0,157.0,480,0.0,100.0
2026-W08,email,Bengaluru,Email Frontline,1.0,Morning,A3018,Farah Sheikh,17,5,369.6470588235294,423.0,480,29.411764705882355,70.58823529411765
2026-W08,email,Bengaluru,Email Frontline,1.0,Morning,A3019,Sai Sandhu,11,2,354.27272727272725,426.0,480,18.181818181818183,81.81818181818181
2026-W08,email,Bengaluru,Escalations & Warranty,2.0,Day,A3040,Thomas Arora,1,0,90.0,90.0,480,0.0,100.0
2026-W08,email,Bengaluru,Escalations & Warranty,2.0,Day,A3044,Kunal Malhotra,1,0,91.0,91.0,480,0.0,100.0
2026-W08,email,Bengaluru,Escalations & Warranty,2.0,Morning,A3039,Riya Gaikwad,2,1,410.5,410.5,480,50.0,50.0
2026-W08,email,Bengaluru,Escalations & Warranty,2.0,Morning,A3043,Rohit Jain,1,0,158.0,158.0,480,0.0,100.0
2026-W08,email,Bengaluru,Logistics,1.0,Day,A3030,Sunita Srivastava,1,0,159.0,159.0,480,0.0,100.0
2026-W08,email,Bengaluru,Logistics,1.0,Morning,A3031,Om Malhotra,1,1,615.0,615.0,480,100.0,0.0
2026-W08,email,Bengaluru,Returns Desk,1.0,Morning,A3037,Rahul Sen,2,0,49.0,49.0,480,0.0,100.0
2026-W08,email,Indore,Escalations & Warranty,2.0,Day,A3041,Riya Fernandes,2,1,426.5,426.5,480,50.0,50.0
2026-W08,email,Indore,Logistics,1.0,Day,A3027,Dev Chatterjee,2,0,249.0,249.0,480,0.0,100.0
2026-W08,email,Indore,Logistics,1.0,Morning,A3028,Krishna Kaur,3,1,236.33333333333334,154.0,480,33.33333333333333,66.66666666666667
2026-W08,social,Bengaluru,Billing,1.0,Morning,A3035,Rohit Mukherjee,1,1,537.0,537.0,240,100.0,0.0
2026-W08,social,Bengaluru,Chat Frontline,1.0,Day,A3004,Krishna Naidu,2,1,178.5,178.5,240,50.0,50.0
2026-W08,social,Bengaluru,Chat Frontline,1.0,Day,A3012,Lakshmi Sethi,1,0,15.0,15.0,240,0.0,100.0
2026-W08,social,Bengaluru,Chat Frontline,1.0,Day,A3015,Yash Agarwal,1,0,66.0,66.0,240,0.0,100.0
2026-W08,social,Bengaluru,Chat Frontline,1.0,Morning,A3009,Ramesh Patel,1,0,28.0,28.0,240,0.0,100.0
2026-W08,social,Bengaluru,Chat Frontline,1.0,Morning,A3014,Diya Patil,1,0,47.0,47.0,240,0.0,100.0
2026-W08,social,Bengaluru,Escalations & Warranty,2.0,Morning,A3043,Rohit Jain,2,1,249.5,249.5,240,50.0,50.0
2026-W08,social,Bengaluru,Logistics,1.0,Morning,A3031,Om Malhotra,1,0,23.0,23.0,240,0.0,100.0
2026-W08,social,Indore,Chat Frontline,1.0,Day,A3002,Tarun Mishra,2,1,220.0,220.0,240,50.0,50.0
2026-W08,social,Indore,Chat Frontline,1.0,Morning,A3011,Karan Roy,1,0,171.0,171.0,240,0.0,100.0
2026-W08,voice,Bengaluru,Escalations & Warranty,2.0,Morning,A3039,Riya Gaikwad,1,0,40.0,40.0,120,0.0,100.0
2026-W08,voice,Bengaluru,Logistics,1.0,Day,A3029,Rajat Iyer,1,0,16.0,16.0,120,0.0,100.0
2026-W08,voice,Bengaluru,Logistics,1.0,Morning,A3031,Om Malhotra,3,0,56.0,38.0,120,0.0,100.0
2026-W08,voice,Bengaluru,Returns Desk,1.0,Day,A3038,Amit Yadav,2,0,32.5,32.5,120,0.0,100.0
2026-W08,voice,Bengaluru,Voice Frontline,1.0,Day,A3023,Rahul Khanna,3,0,23.333333333333332,23.0,120,0.0,100.0
2026-W08,voice,Bengaluru,Voice Frontline,1.0,Day,A3026,Lakshmi Qureshi,3,0,22.666666666666668,21.0,120,0.0,100.0
2026-W08,voice,Bengaluru,Voice Frontline,1.0,Morning,A3024,Kunal Khanna,3,0,83.0,79.0,120,0.0,100.0
2026-W08,voice,Bengaluru,Voice Frontline,1.0,Morning,A3025,Lobsang Rao,3,0,55.333333333333336,23.0,120,0.0,100.0
2026-W08,voice,Indore,Logistics,1.0,Day,A3027,Dev Chatterjee,1,0,16.0,16.0,120,0.0,100.0
2026-W08,voice,Indore,Logistics,1.0,Morning,A3028,Krishna Kaur,1,0,17.0,17.0,120,0.0,100.0
2026-W09,chat,Bengaluru,Billing,1.0,Day,A3034,Thomas Patel,11,0,3.4545454545454546,3.0,15,0.0,100.0
2026-W09,chat,Bengaluru,Billing,1.0,Morning,A3033,Amit Kulkarni,2,1,162.0,162.0,15,50.0,50.0
2026-W09,chat,Bengaluru,Chat Frontline,1.0,Day,A3004,Krishna Naidu,3,1,13.333333333333334,10.0,15,33.33333333333333,66.66666666666667
2026-W09,chat,Bengaluru,Chat Frontline,1.0,Day,A3006,Lakshmi Reddy,2,0,2.5,2.5,15,0.0,100.0
2026-W09,chat,Bengaluru,Chat Frontline,1.0,Day,A3012,Lakshmi Sethi,5,0,5.2,2.0,15,0.0,100.0
2026-W09,chat,Bengaluru,Chat Frontline,1.0,Day,A3015,Yash Agarwal,2,0,7.5,7.5,15,0.0,100.0
2026-W09,chat,Bengaluru,Chat Frontline,1.0,Morning,A3005,Sameer Joshi,4,2,204.25,148.5,15,50.0,50.0
2026-W09,chat,Bengaluru,Chat Frontline,1.0,Morning,A3007,Neha Gaikwad,1,1,432.0,432.0,15,100.0,0.0
2026-W09,chat,Bengaluru,Chat Frontline,1.0,Morning,A3009,Ramesh Patel,3,2,347.0,508.0,15,66.66666666666666,33.33333333333334
2026-W09,chat,Bengaluru,Chat Frontline,1.0,Morning,A3014,Diya Patil,2,1,28.5,28.5,15,50.0,50.0
2026-W09,chat,Bengaluru,Escalations & Warranty,2.0,Day,A3040,Thomas Arora,1,0,4.0,4.0,15,0.0,100.0
2026-W09,chat,Bengaluru,Escalations & Warranty,2.0,Day,A3044,Kunal Malhotra,2,0,3.0,3.0,15,0.0,100.0
2026-W09,chat,Bengaluru,Escalations & Warranty,2.0,Morning,A3043,Rohit Jain,1,1,367.0,367.0,15,100.0,0.0
2026-W09,chat,Bengaluru,Logistics,1.0,Day,A3030,Sunita Srivastava,2,0,7.5,7.5,15,0.0,100.0
2026-W09,chat,Bengaluru,Logistics,1.0,Morning,A3031,Om Malhotra,1,1,190.0,190.0,15,100.0,0.0
2026-W09,chat,Bengaluru,Returns Desk,1.0,Day,A3036,Rohit Shinde,2,0,4.5,4.5,15,0.0,100.0
2026-W09,chat,Bengaluru,Returns Desk,1.0,Day,A3038,Amit Yadav,3,0,6.333333333333333,6.0,15,0.0,100.0
2026-W09,chat,Bengaluru,Returns Desk,1.0,Morning,A3037,Rahul Sen,6,3,234.0,215.5,15,50.0,50.0
2026-W09,chat,Indore,Billing,1.0,Morning,A3032,Aadhya Sheikh,1,0,12.0,12.0,15,0.0,100.0
2026-W09,chat,Indore,Chat Frontline,1.0,Day,A3002,Tarun Mishra,5,0,5.2,3.0,15,0.0,100.0
2026-W09,chat,Indore,Chat Frontline,1.0,Day,A3003,Harpreet Deshpande,1,0,4.0,4.0,15,0.0,100.0
2026-W09,chat,Indore,Chat Frontline,1.0,Morning,A3008,Steven Kaur,3,2,141.0,16.0,15,66.66666666666666,33.33333333333334
2026-W09,chat,Indore,Chat Frontline,1.0,Morning,A3010,Neha Chatterjee,3,2,171.66666666666666,18.0,15,66.66666666666666,33.33333333333334
2026-W09,chat,Indore,Chat Frontline,1.0,Morning,A3011,Karan Roy,2,1,15.0,15.0,15,50.0,50.0
2026-W09,chat,Indore,Chat Frontline,1.0,Morning,A3013,Ritika Chatterjee,2,1,162.0,162.0,15,50.0,50.0
2026-W09,chat,Indore,Logistics,1.0,Day,A3027,Dev Chatterjee,1,1,388.0,388.0,15,100.0,0.0
2026-W09,chat,Indore,Logistics,1.0,Morning,A3028,Krishna Kaur,2,2,389.5,389.5,15,100.0,0.0
2026-W09,email,Bengaluru,Billing,1.0,Day,A3034,Thomas Patel,3,0,155.66666666666666,153.0,480,0.0,100.0
2026-W09,email,Bengaluru,Billing,1.0,Morning,A3035,Rohit Mukherjee,1,1,501.0,501.0,480,100.0,0.0
2026-W09,email,Bengaluru,Chat Frontline,1.0,Morning,A3009,Ramesh Patel,1,0,246.0,246.0,480,0.0,100.0
2026-W09,email,Bengaluru,Email Frontline,1.0,Day,A3020,Ramesh Ghosh,5,0,126.2,79.0,480,0.0,100.0
2026-W09,email,Bengaluru,Email Frontline,1.0,Day,A3021,Aditya Dhillon,3,1,660.0,416.0,480,33.33333333333333,66.66666666666667
2026-W09,email,Bengaluru,Email Frontline,1.0,Day,A3022,Steven Tiwari,3,0,150.66666666666666,73.0,480,0.0,100.0
2026-W09,email,Bengaluru,Email Frontline,1.0,Morning,A3018,Farah Sheikh,8,0,165.375,150.0,480,0.0,100.0
2026-W09,email,Bengaluru,Email Frontline,1.0,Morning,A3019,Sai Sandhu,8,1,295.125,247.5,480,12.5,87.5
2026-W09,email,Bengaluru,Escalations & Warranty,2.0,Day,A3042,Steven Chopra,1,0,320.0,320.0,480,0.0,100.0
2026-W09,email,Bengaluru,Escalations & Warranty,2.0,Morning,A3039,Riya Gaikwad,2,0,298.5,298.5,480,0.0,100.0
2026-W09,email,Bengaluru,Logistics,1.0,Morning,A3031,Om Malhotra,4,0,216.25,163.5,480,0.0,100.0
2026-W09,email,Bengaluru,Returns Desk,1.0,Day,A3038,Amit Yadav,1,0,53.0,53.0,480,0.0,100.0
2026-W09,email,Bengaluru,Returns Desk,1.0,Morning,A3037,Rahul Sen,3,2,427.0,521.0,480,66.66666666666666,33.33333333333334
2026-W09,email,Indore,Billing,1.0,Morning,A3032,Aadhya Sheikh,3,1,323.6666666666667,202.0,480,33.33333333333333,66.66666666666667
2026-W09,email,Indore,Escalations & Warranty,2.0,Day,A3041,Riya Fernandes,1,0,79.0,79.0,480,0.0,100.0
2026-W09,email,Indore,Logistics,1.0,Day,A3027,Dev Chatterjee,1,0,133.0,133.0,480,0.0,100.0
2026-W09,email,Indore,Logistics,1.0,Morning,A3028,Krishna Kaur,1,1,520.0,520.0,480,100.0,0.0
2026-W09,social,Bengaluru,Chat Frontline,1.0,Day,A3004,Krishna Naidu,1,0,34.0,34.0,240,0.0,100.0
2026-W09,social,Bengaluru,Chat Frontline,1.0,Day,A3015,Yash Agarwal,1,0,166.0,166.0,240,0.0,100.0
2026-W09,social,Bengaluru,Chat Frontline,1.0,Morning,A3007,Neha Gaikwad,1,0,82.0,82.0,240,0.0,100.0
2026-W09,social,Bengaluru,Chat Frontline,1.0,Morning,A3014,Diya Patil,2,0,121.0,121.0,240,0.0,100.0
2026-W09,social,Bengaluru,Escalations & Warranty,2.0,Morning,A3039,Riya Gaikwad,1,0,46.0,46.0,240,0.0,100.0
2026-W09,social,Bengaluru,Escalations & Warranty,2.0,Morning,A3043,Rohit Jain,1,0,60.0,60.0,240,0.0,100.0
2026-W09,social,Bengaluru,Logistics,1.0,Day,A3030,Sunita Srivastava,1,0,46.0,46.0,240,0.0,100.0
2026-W09,social,Bengaluru,Returns Desk,1.0,Morning,A3037,Rahul Sen,1,0,136.0,136.0,240,0.0,100.0
2026-W09,social,Indore,Billing,1.0,Morning,A3032,Aadhya Sheikh,2,0,79.5,79.5,240,0.0,100.0
2026-W09,social,Indore,Chat Frontline,1.0,Day,A3002,Tarun Mishra,2,0,32.5,32.5,240,0.0,100.0
2026-W09,social,Indore,Chat Frontline,1.0,Morning,A3008,Steven Kaur,1,1,496.0,496.0,240,100.0,0.0
2026-W09,social,Indore,Logistics,1.0,Morning,A3028,Krishna Kaur,2,1,254.5,254.5,240,50.0,50.0
2026-W09,voice,Bengaluru,Billing,1.0,Day,A3034,Thomas Patel,1,0,21.0,21.0,120,0.0,100.0
2026-W09,voice,Bengaluru,Billing,1.0,Morning,A3033,Amit Kulkarni,1,0,40.0,40.0,120,0.0,100.0
2026-W09,voice,Bengaluru,Billing,1.0,Morning,A3035,Rohit Mukherjee,1,1,199.0,199.0,120,100.0,0.0
2026-W09,voice,Bengaluru,Chat Frontline,1.0,Day,A3006,Lakshmi Reddy,1,0,22.0,22.0,120,0.0,100.0
2026-W09,voice,Bengaluru,Email Frontline,1.0,Morning,A3018,Farah Sheikh,1,0,44.0,44.0,120,0.0,100.0
2026-W09,voice,Bengaluru,Escalations & Warranty,2.0,Day,A3042,Steven Chopra,1,1,174.0,174.0,120,100.0,0.0
2026-W09,voice,Bengaluru,Logistics,1.0,Day,A3029,Rajat Iyer,4,0,24.0,14.5,120,0.0,100.0
2026-W09,voice,Bengaluru,Logistics,1.0,Day,A3030,Sunita Srivastava,2,0,77.0,77.0,120,0.0,100.0
2026-W09,voice,Bengaluru,Logistics,1.0,Morning,A3031,Om Malhotra,2,0,45.5,45.5,120,0.0,100.0
2026-W09,voice,Bengaluru,Voice Frontline,1.0,Day,A3023,Rahul Khanna,3,0,49.333333333333336,52.0,120,0.0,100.0
2026-W09,voice,Bengaluru,Voice Frontline,1.0,Day,A3026,Lakshmi Qureshi,2,0,63.5,63.5,120,0.0,100.0
2026-W09,voice,Bengaluru,Voice Frontline,1.0,Morning,A3024,Kunal Khanna,2,0,78.0,78.0,120,0.0,100.0
2026-W09,voice,Bengaluru,Voice Frontline,1.0,Morning,A3025,Lobsang Rao,3,1,106.66666666666667,93.0,120,33.33333333333333,66.66666666666667
2026-W09,voice,Indore,Billing,1.0,Morning,A3032,Aadhya Sheikh,1,0,17.0,17.0,120,0.0,100.0
2026-W09,voice,Indore,Logistics,1.0,Day,A3027,Dev Chatterjee,2,0,40.0,40.0,120,0.0,100.0
2026-W09,voice,Indore,Logistics,1.0,Morning,A3028,Krishna Kaur,2,0,31.5,31.5,120,0.0,100.0
2026-W10,chat,Bengaluru,Billing,1.0,Day,A3034,Thomas Patel,1,0,2.0,2.0,15,0.0,100.0
2026-W10,chat,Bengaluru,Billing,1.0,Morning,A3033,Amit Kulkarni,2,0,11.0,11.0,15,0.0,100.0
2026-W10,chat,Bengaluru,Billing,1.0,Morning,A3035,Rohit Mukherjee,2,2,241.0,241.0,15,100.0,0.0
2026-W10,chat,Bengaluru,Chat Frontline,1.0,Day,A3004,Krishna Naidu,1,0,3.0,3.0,15,0.0,100.0
2026-W10,chat,Bengaluru,Chat Frontline,1.0,Day,A3006,Lakshmi Reddy,5,1,9.8,9.0,15,20.0,80.0
2026-W10,chat,Bengaluru,Chat Frontline,1.0,Day,A3012,Lakshmi Sethi,2,1,10.5,10.5,15,50.0,50.0
2026-W10,chat,Bengaluru,Chat Frontline,1.0,Day,A3015,Yash Agarwal,2,0,2.5,2.5,15,0.0,100.0
2026-W10,chat,Bengaluru,Chat Frontline,1.0,Morning,A3005,Sameer Joshi,4,0,5.25,5.5,15,0.0,100.0
2026-W10,chat,Bengaluru,Chat Frontline,1.0,Morning,A3007,Neha Gaikwad,2,1,187.5,187.5,15,50.0,50.0
2026-W10,chat,Bengaluru,Chat Frontline,1.0,Morning,A3009,Ramesh Patel,2,1,144.5,144.5,15,50.0,50.0
2026-W10,chat,Bengaluru,Chat Frontline,1.0,Morning,A3014,Diya Patil,3,0,6.0,5.0,15,0.0,100.0
2026-W10,chat,Bengaluru,Email Frontline,1.0,Day,A3022,Steven Tiwari,1,0,10.0,10.0,15,0.0,100.0
2026-W10,chat,Bengaluru,Escalations & Warranty,2.0,Day,A3040,Thomas Arora,1,0,4.0,4.0,15,0.0,100.0
2026-W10,chat,Bengaluru,Escalations & Warranty,2.0,Day,A3044,Kunal Malhotra,2,1,18.5,18.5,15,50.0,50.0
2026-W10,chat,Bengaluru,Escalations & Warranty,2.0,Morning,A3039,Riya Gaikwad,1,0,1.0,1.0,15,0.0,100.0
2026-W10,chat,Bengaluru,Escalations & Warranty,2.0,Morning,A3043,Rohit Jain,1,0,7.0,7.0,15,0.0,100.0
2026-W10,chat,Bengaluru,Logistics,1.0,Day,A3029,Rajat Iyer,4,0,9.5,10.5,15,0.0,100.0
2026-W10,chat,Bengaluru,Logistics,1.0,Day,A3030,Sunita Srivastava,2,0,5.5,5.5,15,0.0,100.0
2026-W10,chat,Bengaluru,Returns Desk,1.0,Day,A3036,Rohit Shinde,1,0,2.0,2.0,15,0.0,100.0
2026-W10,chat,Bengaluru,Returns Desk,1.0,Day,A3038,Amit Yadav,9,2,8.555555555555555,9.0,15,22.22222222222222,77.77777777777777
2026-W10,chat,Bengaluru,Returns Desk,1.0,Morning,A3037,Rahul Sen,3,0,0.3333333333333333,0.0,15,0.0,100.0
2026-W10,chat,Indore,Billing,1.0,Morning,A3032,Aadhya Sheikh,2,1,222.0,222.0,15,50.0,50.0
2026-W10,chat,Indore,Chat Frontline,1.0,Day,A3002,Tarun Mishra,3,0,4.333333333333333,4.0,15,0.0,100.0
2026-W10,chat,Indore,Chat Frontline,1.0,Day,A3003,Harpreet Deshpande,3,0,2.3333333333333335,3.0,15,0.0,100.0
2026-W10,chat,Indore,Chat Frontline,1.0,Morning,A3008,Steven Kaur,4,4,331.5,421.5,15,100.0,0.0
2026-W10,chat,Indore,Chat Frontline,1.0,Morning,A3010,Neha Chatterjee,1,1,22.0,22.0,15,100.0,0.0
2026-W10,chat,Indore,Chat Frontline,1.0,Morning,A3011,Karan Roy,6,4,202.83333333333334,162.5,15,66.66666666666666,33.33333333333334
2026-W10,chat,Indore,Chat Frontline,1.0,Morning,A3013,Ritika Chatterjee,5,4,273.2,404.0,15,80.0,20.0
2026-W10,chat,Indore,Escalations & Warranty,2.0,Day,A3041,Riya Fernandes,1,0,1.0,1.0,15,0.0,100.0
2026-W10,chat,Indore,Logistics,1.0,Day,A3027,Dev Chatterjee,4,0,3.75,3.0,15,0.0,100.0
2026-W10,chat,Indore,Logistics,1.0,Morning,A3028,Krishna Kaur,3,2,169.33333333333334,29.0,15,66.66666666666666,33.33333333333334
2026-W10,email,Bengaluru,Billing,1.0,Day,A3034,Thomas Patel,1,0,92.0,92.0,480,0.0,100.0
2026-W10,email,Bengaluru,Billing,1.0,Morning,A3033,Amit Kulkarni,2,1,382.0,382.0,480,50.0,50.0
2026-W10,email,Bengaluru,Chat Frontline,1.0,Day,A3004,Krishna Naidu,1,0,367.0,367.0,480,0.0,100.0
2026-W10,email,Bengaluru,Email Frontline,1.0,Day,A3021,Aditya Dhillon,2,0,245.5,245.5,480,0.0,100.0
2026-W10,email,Bengaluru,Email Frontline,1.0,Day,A3022,Steven Tiwari,2,0,217.5,217.5,480,0.0,100.0
2026-W10,email,Bengaluru,Email Frontline,1.0,Morning,A3018,Farah Sheikh,8,2,288.5,237.0,480,25.0,75.0
2026-W10,email,Bengaluru,Email Frontline,1.0,Morning,A3019,Sai Sandhu,11,2,352.6363636363636,341.0,480,18.181818181818183,81.81818181818181
2026-W10,email,Bengaluru,Escalations & Warranty,2.0,Day,A3040,Thomas Arora,1,0,168.0,168.0,480,0.0,100.0
2026-W10,email,Bengaluru,Escalations & Warranty,2.0,Day,A3042,Steven Chopra,1,0,343.0,343.0,480,0.0,100.0
2026-W10,email,Bengaluru,Escalations & Warranty,2.0,Morning,A3039,Riya Gaikwad,2,2,612.0,612.0,480,100.0,0.0
2026-W10,email,Bengaluru,Logistics,1.0,Day,A3029,Rajat Iyer,2,0,231.5,231.5,480,0.0,100.0
2026-W10,email,Bengaluru,Logistics,1.0,Day,A3030,Sunita Srivastava,2,1,500.5,500.5,480,50.0,50.0
2026-W10,email,Bengaluru,Logistics,1.0,Morning,A3031,Om Malhotra,1,0,34.0,34.0,480,0.0,100.0
2026-W10,email,Bengaluru,Returns Desk,1.0,Day,A3038,Amit Yadav,2,0,113.0,113.0,480,0.0,100.0
2026-W10,email,Bengaluru,Returns Desk,1.0,Morning,A3037,Rahul Sen,2,0,122.0,122.0,480,0.0,100.0
2026-W10,email,Indore,Billing,1.0,Morning,A3032,Aadhya Sheikh,3,1,317.3333333333333,392.0,480,33.33333333333333,66.66666666666667
2026-W10,email,Indore,Escalations & Warranty,2.0,Day,A3041,Riya Fernandes,1,0,44.0,44.0,480,0.0,100.0
2026-W10,email,Indore,Logistics,1.0,Morning,A3028,Krishna Kaur,4,2,386.5,363.5,480,50.0,50.0
2026-W10,social,Bengaluru,Chat Frontline,1.0,Day,A3012,Lakshmi Sethi,2,0,44.5,44.5,240,0.0,100.0
2026-W10,social,Bengaluru,Chat Frontline,1.0,Morning,A3005,Sameer Joshi,2,0,53.0,53.0,240,0.0,100.0
2026-W10,social,Bengaluru,Chat Frontline,1.0,Morning,A3007,Neha Gaikwad,1,1,570.0,570.0,240,100.0,0.0
2026-W10,social,Bengaluru,Chat Frontline,1.0,Morning,A3009,Ramesh Patel,2,0,48.0,48.0,240,0.0,100.0
2026-W10,social,Bengaluru,Escalations & Warranty,2.0,Morning,A3043,Rohit Jain,1,0,120.0,120.0,240,0.0,100.0
2026-W10,social,Bengaluru,Logistics,1.0,Day,A3030,Sunita Srivastava,1,0,87.0,87.0,240,0.0,100.0
2026-W10,social,Bengaluru,Logistics,1.0,Morning,A3031,Om Malhotra,1,1,535.0,535.0,240,100.0,0.0
2026-W10,social,Bengaluru,Returns Desk,1.0,Morning,A3037,Rahul Sen,2,1,239.5,239.5,240,50.0,50.0
2026-W10,social,Indore,Billing,1.0,Morning,A3032,Aadhya Sheikh,1,1,421.0,421.0,240,100.0,0.0
2026-W10,social,Indore,Chat Frontline,1.0,Morning,A3013,Ritika Chatterjee,3,2,343.6666666666667,371.0,240,66.66666666666666,33.33333333333334
2026-W10,social,Indore,Escalations & Warranty,2.0,Day,A3041,Riya Fernandes,1,0,54.0,54.0,240,0.0,100.0
2026-W10,social,Indore,Logistics,1.0,Day,A3027,Dev Chatterjee,2,0,11.0,11.0,240,0.0,100.0
2026-W10,social,Indore,Logistics,1.0,Morning,A3028,Krishna Kaur,1,1,455.0,455.0,240,100.0,0.0
2026-W10,voice,Bengaluru,Billing,1.0,Day,A3034,Thomas Patel,5,1,51.8,38.0,120,20.0,80.0
2026-W10,voice,Bengaluru,Billing,1.0,Morning,A3033,Amit Kulkarni,1,0,22.0,22.0,120,0.0,100.0
2026-W10,voice,Bengaluru,Logistics,1.0,Day,A3029,Rajat Iyer,1,0,7.0,7.0,120,0.0,100.0
2026-W10,voice,Bengaluru,Logistics,1.0,Day,A3030,Sunita Srivastava,2,0,14.5,14.5,120,0.0,100.0
2026-W10,voice,Bengaluru,Returns Desk,1.0,Morning,A3037,Rahul Sen,1,0,38.0,38.0,120,0.0,100.0
2026-W10,voice,Bengaluru,Voice Frontline,1.0,Day,A3023,Rahul Khanna,2,0,39.0,39.0,120,0.0,100.0
2026-W10,voice,Bengaluru,Voice Frontline,1.0,Day,A3026,Lakshmi Qureshi,2,0,26.0,26.0,120,0.0,100.0
2026-W10,voice,Bengaluru,Voice Frontline,1.0,Morning,A3024,Kunal Khanna,1,0,22.0,22.0,120,0.0,100.0
2026-W10,voice,Bengaluru,Voice Frontline,1.0,Morning,A3025,Lobsang Rao,2,1,86.5,86.5,120,50.0,50.0
2026-W10,voice,Indore,Billing,1.0,Morning,A3032,Aadhya Sheikh,1,0,62.0,62.0,120,0.0,100.0
2026-W10,voice,Indore,Logistics,1.0,Day,A3027,Dev Chatterjee,2,0,28.5,28.5,120,0.0,100.0
2026-W11,chat,Bengaluru,Billing,1.0,Day,A3034,Thomas Patel,3,0,5.666666666666667,5.0,15,0.0,100.0
2026-W11,chat,Bengaluru,Billing,1.0,Morning,A3033,Amit Kulkarni,3,1,170.66666666666666,15.0,15,33.33333333333333,66.66666666666667
2026-W11,chat,Bengaluru,Billing,1.0,Morning,A3035,Rohit Mukherjee,5,3,148.0,28.0,15,60.0,40.0
2026-W11,chat,Bengaluru,Chat Frontline,1.0,Day,A3004,Krishna Naidu,7,1,6.571428571428571,3.0,15,14.285714285714285,85.71428571428572
2026-W11,chat,Bengaluru,Chat Frontline,1.0,Day,A3006,Lakshmi Reddy,5,0,4.4,5.0,15,0.0,100.0
2026-W11,chat,Bengaluru,Chat Frontline,1.0,Day,A3012,Lakshmi Sethi,2,1,10.0,10.0,15,50.0,50.0
2026-W11,chat,Bengaluru,Chat Frontline,1.0,Day,A3015,Yash Agarwal,1,0,2.0,2.0,15,0.0,100.0
2026-W11,chat,Bengaluru,Chat Frontline,1.0,Morning,A3005,Sameer Joshi,2,1,148.5,148.5,15,50.0,50.0
2026-W11,chat,Bengaluru,Chat Frontline,1.0,Morning,A3007,Neha Gaikwad,2,1,173.0,173.0,15,50.0,50.0
2026-W11,chat,Bengaluru,Chat Frontline,1.0,Morning,A3009,Ramesh Patel,2,1,90.0,90.0,15,50.0,50.0
2026-W11,chat,Bengaluru,Chat Frontline,1.0,Morning,A3014,Diya Patil,2,2,363.0,363.0,15,100.0,0.0
2026-W11,chat,Bengaluru,Email Frontline,1.0,Day,A3020,Ramesh Ghosh,1,1,78.0,78.0,15,100.0,0.0
2026-W11,chat,Bengaluru,Escalations & Warranty,2.0,Day,A3040,Thomas Arora,2,0,3.0,3.0,15,0.0,100.0
2026-W11,chat,Bengaluru,Escalations & Warranty,2.0,Day,A3042,Steven Chopra,3,0,4.0,2.0,15,0.0,100.0
2026-W11,chat,Bengaluru,Escalations & Warranty,2.0,Morning,A3039,Riya Gaikwad,6,3,191.16666666666666,148.0,15,50.0,50.0
2026-W11,chat,Bengaluru,Escalations & Warranty,2.0,Morning,A3043,Rohit Jain,3,1,154.66666666666666,12.0,15,33.33333333333333,66.66666666666667
2026-W11,chat,Bengaluru,Logistics,1.0,Day,A3029,Rajat Iyer,2,0,7.5,7.5,15,0.0,100.0
2026-W11,chat,Bengaluru,Logistics,1.0,Day,A3030,Sunita Srivastava,2,0,6.0,6.0,15,0.0,100.0
2026-W11,chat,Bengaluru,Logistics,1.0,Morning,A3031,Om Malhotra,1,1,519.0,519.0,15,100.0,0.0
2026-W11,chat,Bengaluru,Returns Desk,1.0,Day,A3036,Rohit Shinde,2,0,1.5,1.5,15,0.0,100.0
2026-W11,chat,Bengaluru,Returns Desk,1.0,Day,A3038,Amit Yadav,3,1,165.0,4.0,15,33.33333333333333,66.66666666666667
2026-W11,chat,Bengaluru,Returns Desk,1.0,Morning,A3037,Rahul Sen,4,3,231.25,221.5,15,75.0,25.0
2026-W11,chat,Indore,Billing,1.0,Morning,A3032,Aadhya Sheikh,4,2,186.0,134.0,15,50.0,50.0
2026-W11,chat,Indore,Chat Frontline,1.0,Day,A3002,Tarun Mishra,1,0,2.0,2.0,15,0.0,100.0
2026-W11,chat,Indore,Chat Frontline,1.0,Day,A3003,Harpreet Deshpande,7,0,6.285714285714286,5.0,15,0.0,100.0
2026-W11,chat,Indore,Chat Frontline,1.0,Morning,A3008,Steven Kaur,3,1,148.0,14.0,15,33.33333333333333,66.66666666666667
2026-W11,chat,Indore,Chat Frontline,1.0,Morning,A3010,Neha Chatterjee,5,2,93.6,3.0,15,40.0,60.0
2026-W11,chat,Indore,Chat Frontline,1.0,Morning,A3011,Karan Roy,2,1,21.0,21.0,15,50.0,50.0
2026-W11,chat,Indore,Chat Frontline,1.0,Morning,A3013,Ritika Chatterjee,2,1,123.0,123.0,15,50.0,50.0
2026-W11,chat,Indore,Logistics,1.0,Day,A3027,Dev Chatterjee,1,0,5.0,5.0,15,0.0,100.0
2026-W11,chat,Indore,Logistics,1.0,Morning,A3028,Krishna Kaur,1,1,474.0,474.0,15,100.0,0.0
2026-W11,email,Bengaluru,Billing,1.0,Day,A3034,Thomas Patel,2,0,172.5,172.5,480,0.0,100.0
2026-W11,email,Bengaluru,Billing,1.0,Morning,A3035,Rohit Mukherjee,4,2,1510.0,556.5,480,50.0,50.0
2026-W11,email,Bengaluru,Chat Frontline,1.0,Day,A3012,Lakshmi Sethi,1,0,269.0,269.0,480,0.0,100.0
2026-W11,email,Bengaluru,Email Frontline,1.0,Day,A3020,Ramesh Ghosh,3,0,194.66666666666666,207.0,480,0.0,100.0
2026-W11,email,Bengaluru,Email Frontline,1.0,Day,A3021,Aditya Dhillon,4,0,115.75,117.0,480,0.0,100.0
2026-W11,email,Bengaluru,Email Frontline,1.0,Day,A3022,Steven Tiwari,5,0,236.8,164.0,480,0.0,100.0
2026-W11,email,Bengaluru,Email Frontline,1.0,Morning,A3018,Farah Sheikh,7,2,351.7142857142857,322.0,480,28.57142857142857,71.42857142857143
2026-W11,email,Bengaluru,Email Frontline,1.0,Morning,A3019,Sai Sandhu,13,3,297.6923076923077,294.0,480,23.076923076923077,76.92307692307692
2026-W11,email,Bengaluru,Escalations & Warranty,2.0,Day,A3040,Thomas Arora,1,0,327.0,327.0,480,0.0,100.0
2026-W11,email,Bengaluru,Escalations & Warranty,2.0,Day,A3044,Kunal Malhotra,1,0,250.0,250.0,480,0.0,100.0
2026-W11,email,Bengaluru,Escalations & Warranty,2.0,Morning,A3039,Riya Gaikwad,2,1,361.5,361.5,480,50.0,50.0
2026-W11,email,Bengaluru,Logistics,1.0,Day,A3030,Sunita Srivastava,1,0,67.0,67.0,480,0.0,100.0
2026-W11,email,Bengaluru,Logistics,1.0,Morning,A3031,Om Malhotra,2,1,2367.0,2367.0,480,50.0,50.0
2026-W11,email,Bengaluru,Returns Desk,1.0,Day,A3036,Rohit Shinde,1,0,312.0,312.0,480,0.0,100.0
2026-W11,email,Bengaluru,Returns Desk,1.0,Morning,A3037,Rahul Sen,3,2,391.6666666666667,523.0,480,66.66666666666666,33.33333333333334
2026-W11,email,Indore,Billing,1.0,Morning,A3032,Aadhya Sheikh,2,1,382.0,382.0,480,50.0,50.0
2026-W11,email,Indore,Chat Frontline,1.0,Morning,A3013,Ritika Chatterjee,1,0,206.0,206.0,480,0.0,100.0
2026-W11,email,Indore,Escalations & Warranty,2.0,Day,A3041,Riya Fernandes,1,0,61.0,61.0,480,0.0,100.0
2026-W11,email,Indore,Logistics,1.0,Morning,A3028,Krishna Kaur,2,2,573.5,573.5,480,100.0,0.0
2026-W11,social,Bengaluru,Billing,1.0,Day,A3034,Thomas Patel,4,0,29.25,31.0,240,0.0,100.0
2026-W11,social,Bengaluru,Billing,1.0,Morning,A3035,Rohit Mukherjee,1,0,105.0,105.0,240,0.0,100.0
2026-W11,social,Bengaluru,Chat Frontline,1.0,Day,A3006,Lakshmi Reddy,1,0,33.0,33.0,240,0.0,100.0
2026-W11,social,Bengaluru,Chat Frontline,1.0,Day,A3012,Lakshmi Sethi,1,1,272.0,272.0,240,100.0,0.0
2026-W11,social,Bengaluru,Chat Frontline,1.0,Day,A3015,Yash Agarwal,1,0,113.0,113.0,240,0.0,100.0
2026-W11,social,Bengaluru,Chat Frontline,1.0,Morning,A3005,Sameer Joshi,1,1,453.0,453.0,240,100.0,0.0
2026-W11,social,Bengaluru,Chat Frontline,1.0,Morning,A3007,Neha Gaikwad,2,1,160.5,160.5,240,50.0,50.0
2026-W11,social,Bengaluru,Chat Frontline,1.0,Morning,A3009,Ramesh Patel,1,1,282.0,282.0,240,100.0,0.0
2026-W11,social,Bengaluru,Escalations & Warranty,2.0,Morning,A3043,Rohit Jain,1,0,43.0,43.0,240,0.0,100.0
2026-W11,social,Bengaluru,Returns Desk,1.0,Day,A3038,Amit Yadav,1,0,89.0,89.0,240,0.0,100.0
2026-W11,social,Bengaluru,Returns Desk,1.0,Morning,A3037,Rahul Sen,1,1,461.0,461.0,240,100.0,0.0
2026-W11,social,Indore,Billing,1.0,Morning,A3032,Aadhya Sheikh,1,1,362.0,362.0,240,100.0,0.0
2026-W11,social,Indore,Chat Frontline,1.0,Day,A3003,Harpreet Deshpande,1,0,130.0,130.0,240,0.0,100.0
2026-W11,social,Indore,Logistics,1.0,Day,A3027,Dev Chatterjee,1,0,72.0,72.0,240,0.0,100.0
2026-W11,social,Indore,Logistics,1.0,Morning,A3028,Krishna Kaur,3,1,202.33333333333334,58.0,240,33.33333333333333,66.66666666666667
2026-W11,voice,Bengaluru,Billing,1.0,Day,A3034,Thomas Patel,2,0,64.0,64.0,120,0.0,100.0
2026-W11,voice,Bengaluru,Billing,1.0,Morning,A3035,Rohit Mukherjee,1,0,29.0,29.0,120,0.0,100.0
2026-W11,voice,Bengaluru,Escalations & Warranty,2.0,Morning,A3039,Riya Gaikwad,1,1,174.0,174.0,120,100.0,0.0
2026-W11,voice,Bengaluru,Logistics,1.0,Day,A3030,Sunita Srivastava,2,0,14.5,14.5,120,0.0,100.0
2026-W11,voice,Bengaluru,Voice Frontline,1.0,Day,A3023,Rahul Khanna,2,0,66.5,66.5,120,0.0,100.0
2026-W11,voice,Bengaluru,Voice Frontline,1.0,Day,A3026,Lakshmi Qureshi,2,0,20.5,20.5,120,0.0,100.0
2026-W11,voice,Bengaluru,Voice Frontline,1.0,Morning,A3024,Kunal Khanna,2,0,57.0,57.0,120,0.0,100.0
2026-W12,chat,Bengaluru,Billing,1.0,Day,A3034,Thomas Patel,5,1,7.6,4.0,15,20.0,80.0
2026-W12,chat,Bengaluru,Billing,1.0,Morning,A3033,Amit Kulkarni,1,0,2.0,2.0,15,0.0,100.0
2026-W12,chat,Bengaluru,Billing,1.0,Morning,A3035,Rohit Mukherjee,3,1,149.33333333333334,9.0,15,33.33333333333333,66.66666666666667
2026-W12,chat,Bengaluru,Chat Frontline,1.0,Day,A3004,Krishna Naidu,3,0,4.0,2.0,15,0.0,100.0
2026-W12,chat,Bengaluru,Chat Frontline,1.0,Day,A3006,Lakshmi Reddy,5,0,4.0,3.0,15,0.0,100.0
2026-W12,chat,Bengaluru,Chat Frontline,1.0,Day,A3012,Lakshmi Sethi,5,0,6.4,7.0,15,0.0,100.0
2026-W12,chat,Bengaluru,Chat Frontline,1.0,Day,A3015,Yash Agarwal,2,0,3.5,3.5,15,0.0,100.0
2026-W12,chat,Bengaluru,Chat Frontline,1.0,Morning,A3005,Sameer Joshi,1,1,427.0,427.0,15,100.0,0.0
2026-W12,chat,Bengaluru,Chat Frontline,1.0,Morning,A3007,Neha Gaikwad,1,0,9.0,9.0,15,0.0,100.0
2026-W12,chat,Bengaluru,Chat Frontline,1.0,Morning,A3009,Ramesh Patel,3,2,76.66666666666667,60.0,15,66.66666666666666,33.33333333333334
2026-W12,chat,Bengaluru,Chat Frontline,1.0,Morning,A3014,Diya Patil,3,2,234.0,218.0,15,66.66666666666666,33.33333333333334
2026-W12,chat,Bengaluru,Escalations & Warranty,2.0,Day,A3044,Kunal Malhotra,1,0,6.0,6.0,15,0.0,100.0
2026-W12,chat,Bengaluru,Escalations & Warranty,2.0,Morning,A3039,Riya Gaikwad,2,0,5.5,5.5,15,0.0,100.0
2026-W12,chat,Bengaluru,Escalations & Warranty,2.0,Morning,A3043,Rohit Jain,2,1,220.0,220.0,15,50.0,50.0
2026-W12,chat,Bengaluru,Logistics,1.0,Day,A3029,Rajat Iyer,2,0,5.0,5.0,15,0.0,100.0
2026-W12,chat,Bengaluru,Logistics,1.0,Day,A3030,Sunita Srivastava,1,0,4.0,4.0,15,0.0,100.0
2026-W12,chat,Bengaluru,Logistics,1.0,Morning,A3031,Om Malhotra,1,0,1.0,1.0,15,0.0,100.0
2026-W12,chat,Bengaluru,Returns Desk,1.0,Day,A3038,Amit Yadav,3,0,2.0,1.0,15,0.0,100.0
2026-W12,chat,Bengaluru,Returns Desk,1.0,Morning,A3037,Rahul Sen,6,3,251.33333333333334,235.5,15,50.0,50.0
2026-W12,chat,Indore,Billing,1.0,Morning,A3032,Aadhya Sheikh,5,5,339.4,367.0,15,100.0,0.0
2026-W12,chat,Indore,Chat Frontline,1.0,Day,A3002,Tarun Mishra,1,0,2.0,2.0,15,0.0,100.0
2026-W12,chat,Indore,Chat Frontline,1.0,Day,A3003,Harpreet Deshpande,4,0,4.5,2.0,15,0.0,100.0
2026-W12,chat,Indore,Chat Frontline,1.0,Morning,A3008,Steven Kaur,6,2,170.33333333333334,7.0,15,33.33333333333333,66.66666666666667
2026-W12,chat,Indore,Chat Frontline,1.0,Morning,A3010,Neha Chatterjee,6,1,76.0,4.0,15,16.666666666666664,83.33333333333334
2026-W12,chat,Indore,Chat Frontline,1.0,Morning,A3011,Karan Roy,2,1,249.5,249.5,15,50.0,50.0
2026-W12,chat,Indore,Logistics,1.0,Day,A3027,Dev Chatterjee,2,0,2.0,2.0,15,0.0,100.0
2026-W12,chat,Indore,Logistics,1.0,Morning,A3028,Krishna Kaur,2,2,300.0,300.0,15,100.0,0.0
2026-W12,email,Bengaluru,Billing,1.0,Day,A3034,Thomas Patel,1,0,282.0,282.0,480,0.0,100.0
2026-W12,email,Bengaluru,Billing,1.0,Morning,A3033,Amit Kulkarni,5,0,231.8,232.0,480,0.0,100.0
2026-W12,email,Bengaluru,Email Frontline,1.0,Day,A3020,Ramesh Ghosh,5,2,366.0,369.0,480,40.0,60.0
2026-W12,email,Bengaluru,Email Frontline,1.0,Day,A3022,Steven Tiwari,3,0,108.0,91.0,480,0.0,100.0
2026-W12,email,Bengaluru,Email Frontline,1.0,Morning,A3018,Farah Sheikh,12,6,375.75,391.5,480,50.0,50.0
2026-W12,email,Bengaluru,Email Frontline,1.0,Morning,A3019,Sai Sandhu,17,2,304.1764705882353,345.0,480,11.76470588235294,88.23529411764706
2026-W12,email,Bengaluru,Escalations & Warranty,2.0,Day,A3042,Steven Chopra,1,0,78.0,78.0,480,0.0,100.0
2026-W12,email,Bengaluru,Escalations & Warranty,2.0,Day,A3044,Kunal Malhotra,1,0,158.0,158.0,480,0.0,100.0
2026-W12,email,Bengaluru,Escalations & Warranty,2.0,Morning,A3039,Riya Gaikwad,1,0,438.0,438.0,480,0.0,100.0
2026-W12,email,Bengaluru,Escalations & Warranty,2.0,Morning,A3043,Rohit Jain,3,1,441.0,334.0,480,33.33333333333333,66.66666666666667
2026-W12,email,Bengaluru,Logistics,1.0,Day,A3030,Sunita Srivastava,2,1,341.5,341.5,480,50.0,50.0
2026-W12,email,Bengaluru,Logistics,1.0,Morning,A3031,Om Malhotra,3,2,871.0,592.0,480,66.66666666666666,33.33333333333334
2026-W12,email,Bengaluru,Returns Desk,1.0,Day,A3036,Rohit Shinde,2,0,290.0,290.0,480,0.0,100.0
2026-W12,email,Bengaluru,Returns Desk,1.0,Day,A3038,Amit Yadav,3,0,281.0,289.0,480,0.0,100.0
2026-W12,email,Bengaluru,Returns Desk,1.0,Morning,A3037,Rahul Sen,4,0,260.0,212.5,480,0.0,100.0
2026-W12,email,Indore,Billing,1.0,Morning,A3032,Aadhya Sheikh,1,1,578.0,578.0,480,100.0,0.0
2026-W12,email,Indore,Chat Frontline,1.0,Morning,A3010,Neha Chatterjee,1,1,564.0,564.0,480,100.0,0.0
2026-W12,email,Indore,Logistics,1.0,Morning,A3028,Krishna Kaur,4,3,809.5,594.0,480,75.0,25.0
2026-W12,social,Bengaluru,Billing,1.0,Day,A3034,Thomas Patel,2,0,73.0,73.0,240,0.0,100.0
2026-W12,social,Bengaluru,Billing,1.0,Morning,A3035,Rohit Mukherjee,2,0,29.0,29.0,240,0.0,100.0
2026-W12,social,Bengaluru,Chat Frontline,1.0,Day,A3004,Krishna Naidu,1,0,67.0,67.0,240,0.0,100.0
2026-W12,social,Bengaluru,Chat Frontline,1.0,Day,A3012,Lakshmi Sethi,2,0,41.5,41.5,240,0.0,100.0
2026-W12,social,Bengaluru,Chat Frontline,1.0,Morning,A3005,Sameer Joshi,1,1,325.0,325.0,240,100.0,0.0
2026-W12,social,Bengaluru,Chat Frontline,1.0,Morning,A3007,Neha Gaikwad,1,0,6.0,6.0,240,0.0,100.0
2026-W12,social,Bengaluru,Escalations & Warranty,2.0,Morning,A3039,Riya Gaikwad,1,1,476.0,476.0,240,100.0,0.0
2026-W12,social,Bengaluru,Logistics,1.0,Morning,A3031,Om Malhotra,1,0,47.0,47.0,240,0.0,100.0
2026-W12,social,Bengaluru,Returns Desk,1.0,Day,A3036,Rohit Shinde,1,0,34.0,34.0,240,0.0,100.0
2026-W12,social,Bengaluru,Returns Desk,1.0,Day,A3038,Amit Yadav,1,0,48.0,48.0,240,0.0,100.0
2026-W12,social,Bengaluru,Returns Desk,1.0,Morning,A3037,Rahul Sen,1,0,15.0,15.0,240,0.0,100.0
2026-W12,social,Indore,Billing,1.0,Morning,A3032,Aadhya Sheikh,2,2,477.5,477.5,240,100.0,0.0
2026-W12,social,Indore,Chat Frontline,1.0,Morning,A3010,Neha Chatterjee,1,1,515.0,515.0,240,100.0,0.0
2026-W12,social,Indore,Logistics,1.0,Day,A3027,Dev Chatterjee,1,0,20.0,20.0,240,0.0,100.0
2026-W12,voice,Bengaluru,Billing,1.0,Morning,A3033,Amit Kulkarni,1,0,50.0,50.0,120,0.0,100.0
2026-W12,voice,Bengaluru,Email Frontline,1.0,Day,A3020,Ramesh Ghosh,1,0,67.0,67.0,120,0.0,100.0
2026-W12,voice,Bengaluru,Email Frontline,1.0,Morning,A3018,Farah Sheikh,1,0,9.0,9.0,120,0.0,100.0
2026-W12,voice,Bengaluru,Email Frontline,1.0,Morning,A3019,Sai Sandhu,1,0,23.0,23.0,120,0.0,100.0
2026-W12,voice,Bengaluru,Escalations & Warranty,2.0,Day,A3044,Kunal Malhotra,1,0,41.0,41.0,120,0.0,100.0
2026-W12,voice,Bengaluru,Escalations & Warranty,2.0,Morning,A3043,Rohit Jain,2,0,34.0,34.0,120,0.0,100.0
2026-W12,voice,Bengaluru,Logistics,1.0,Day,A3029,Rajat Iyer,2,0,17.0,17.0,120,0.0,100.0
2026-W12,voice,Bengaluru,Logistics,1.0,Day,A3030,Sunita Srivastava,1,0,47.0,47.0,120,0.0,100.0
2026-W12,voice,Bengaluru,Logistics,1.0,Morning,A3031,Om Malhotra,2,0,27.5,27.5,120,0.0,100.0
2026-W12,voice,Bengaluru,Returns Desk,1.0,Day,A3038,Amit Yadav,2,0,25.5,25.5,120,0.0,100.0
2026-W12,voice,Bengaluru,Returns Desk,1.0,Morning,A3037,Rahul Sen,1,0,31.0,31.0,120,0.0,100.0
2026-W12,voice,Bengaluru,Voice Frontline,1.0,Day,A3023,Rahul Khanna,4,0,68.0,68.5,120,0.0,100.0
2026-W12,voice,Bengaluru,Voice Frontline,1.0,Day,A3026,Lakshmi Qureshi,3,1,96.66666666666667,115.0,120,33.33333333333333,66.66666666666667
2026-W12,voice,Bengaluru,Voice Frontline,1.0,Morning,A3024,Kunal Khanna,2,0,27.0,27.0,120,0.0,100.0
2026-W12,voice,Bengaluru,Voice Frontline,1.0,Morning,A3025,Lobsang Rao,1,0,29.0,29.0,120,0.0,100.0
2026-W12,voice,Indore,Logistics,1.0,Day,A3027,Dev Chatterjee,1,0,27.0,27.0,120,0.0,100.0
2026-W12,voice,Indore,Logistics,1.0,Morning,A3028,Krishna Kaur,1,0,74.0,74.0,120,0.0,100.0
2026-W13,chat,Bengaluru,Billing,1.0,Day,A3034,Thomas Patel,6,2,7.666666666666667,3.5,15,33.33333333333333,66.66666666666667
2026-W13,chat,Bengaluru,Billing,1.0,Morning,A3033,Amit Kulkarni,1,0,1.0,1.0,15,0.0,100.0
2026-W13,chat,Bengaluru,Billing,1.0,Morning,A3035,Rohit Mukherjee,6,2,151.83333333333334,2.5,15,33.33333333333333,66.66666666666667
2026-W13,chat,Bengaluru,Chat Frontline,1.0,Day,A3004,Krishna Naidu,2,0,2.5,2.5,15,0.0,100.0
2026-W13,chat,Bengaluru,Chat Frontline,1.0,Day,A3006,Lakshmi Reddy,3,0,6.666666666666667,7.0,15,0.0,100.0
2026-W13,chat,Bengaluru,Chat Frontline,1.0,Day,A3012,Lakshmi Sethi,2,0,7.0,7.0,15,0.0,100.0
2026-W13,chat,Bengaluru,Chat Frontline,1.0,Day,A3015,Yash Agarwal,3,0,3.3333333333333335,2.0,15,0.0,100.0
2026-W13,chat,Bengaluru,Chat Frontline,1.0,Morning,A3005,Sameer Joshi,1,0,2.0,2.0,15,0.0,100.0
2026-W13,chat,Bengaluru,Chat Frontline,1.0,Morning,A3007,Neha Gaikwad,1,1,411.0,411.0,15,100.0,0.0
2026-W13,chat,Bengaluru,Chat Frontline,1.0,Morning,A3014,Diya Patil,6,4,269.5,332.5,15,66.66666666666666,33.33333333333334
2026-W13,chat,Bengaluru,Email Frontline,1.0,Morning,A3019,Sai Sandhu,1,1,514.0,514.0,15,100.0,0.0
2026-W13,chat,Bengaluru,Escalations & Warranty,2.0,Day,A3042,Steven Chopra,1,0,6.0,6.0,15,0.0,100.0
2026-W13,chat,Bengaluru,Escalations & Warranty,2.0,Day,A3044,Kunal Malhotra,1,0,0.0,0.0,15,0.0,100.0
2026-W13,chat,Bengaluru,Escalations & Warranty,2.0,Morning,A3039,Riya Gaikwad,1,1,16.0,16.0,15,100.0,0.0
2026-W13,chat,Bengaluru,Escalations & Warranty,2.0,Morning,A3043,Rohit Jain,1,1,151.0,151.0,15,100.0,0.0
2026-W13,chat,Bengaluru,Logistics,1.0,Day,A3029,Rajat Iyer,3,1,15.333333333333334,11.0,15,33.33333333333333,66.66666666666667
2026-W13,chat,Bengaluru,Logistics,1.0,Day,A3030,Sunita Srivastava,2,0,5.0,5.0,15,0.0,100.0
2026-W13,chat,Bengaluru,Logistics,1.0,Morning,A3031,Om Malhotra,2,1,254.5,254.5,15,50.0,50.0
2026-W13,chat,Bengaluru,Returns Desk,1.0,Day,A3036,Rohit Shinde,1,1,538.0,538.0,15,100.0,0.0
2026-W13,chat,Bengaluru,Returns Desk,1.0,Morning,A3037,Rahul Sen,3,2,181.66666666666666,28.0,15,66.66666666666666,33.33333333333334
2026-W13,chat,Indore,Billing,1.0,Morning,A3032,Aadhya Sheikh,1,0,5.0,5.0,15,0.0,100.0
2026-W13,chat,Indore,Chat Frontline,1.0,Day,A3002,Tarun Mishra,3,0,7.666666666666667,7.0,15,0.0,100.0
2026-W13,chat,Indore,Chat Frontline,1.0,Day,A3003,Harpreet Deshpande,4,0,4.25,3.5,15,0.0,100.0
2026-W13,chat,Indore,Chat Frontline,1.0,Morning,A3008,Steven Kaur,4,1,93.25,5.5,15,25.0,75.0
2026-W13,chat,Indore,Chat Frontline,1.0,Morning,A3010,Neha Chatterjee,2,1,192.0,192.0,15,50.0,50.0
2026-W13,chat,Indore,Chat Frontline,1.0,Morning,A3011,Karan Roy,3,1,30.666666666666668,13.0,15,33.33333333333333,66.66666666666667
2026-W13,chat,Indore,Chat Frontline,1.0,Morning,A3013,Ritika Chatterjee,2,1,238.0,238.0,15,50.0,50.0
2026-W13,chat,Indore,Logistics,1.0,Day,A3027,Dev Chatterjee,3,0,7.333333333333333,6.0,15,0.0,100.0
2026-W13,chat,Indore,Logistics,1.0,Morning,A3028,Krishna Kaur,1,0,4.0,4.0,15,0.0,100.0
2026-W13,email,Bengaluru,Billing,1.0,Day,A3034,Thomas Patel,3,0,94.33333333333333,42.0,480,0.0,100.0
2026-W13,email,Bengaluru,Billing,1.0,Morning,A3033,Amit Kulkarni,1,0,98.0,98.0,480,0.0,100.0
2026-W13,email,Bengaluru,Billing,1.0,Morning,A3035,Rohit Mukherjee,3,1,318.3333333333333,354.0,480,33.33333333333333,66.66666666666667
2026-W13,email,Bengaluru,Email Frontline,1.0,Day,A3020,Ramesh Ghosh,3,0,195.0,214.0,480,0.0,100.0
2026-W13,email,Bengaluru,Email Frontline,1.0,Day,A3021,Aditya Dhillon,1,0,157.0,157.0,480,0.0,100.0
2026-W13,email,Bengaluru,Email Frontline,1.0,Day,A3022,Steven Tiwari,2,1,313.0,313.0,480,50.0,50.0
2026-W13,email,Bengaluru,Email Frontline,1.0,Morning,A3018,Farah Sheikh,6,3,397.1666666666667,469.0,480,50.0,50.0
2026-W13,email,Bengaluru,Email Frontline,1.0,Morning,A3019,Sai Sandhu,6,0,215.33333333333334,197.0,480,0.0,100.0
2026-W13,email,Bengaluru,Escalations & Warranty,2.0,Morning,A3039,Riya Gaikwad,4,2,465.75,457.0,480,50.0,50.0
2026-W13,email,Bengaluru,Escalations & Warranty,2.0,Morning,A3043,Rohit Jain,1,1,647.0,647.0,480,100.0,0.0
2026-W13,email,Bengaluru,Logistics,1.0,Day,A3029,Rajat Iyer,3,0,112.0,54.0,480,0.0,100.0
2026-W13,email,Bengaluru,Logistics,1.0,Day,A3030,Sunita Srivastava,2,0,224.0,224.0,480,0.0,100.0
2026-W13,email,Bengaluru,Returns Desk,1.0,Morning,A3037,Rahul Sen,2,1,344.0,344.0,480,50.0,50.0
2026-W13,email,Indore,Billing,1.0,Morning,A3032,Aadhya Sheikh,1,1,667.0,667.0,480,100.0,0.0
2026-W13,email,Indore,Chat Frontline,1.0,Morning,A3013,Ritika Chatterjee,1,0,319.0,319.0,480,0.0,100.0
2026-W13,email,Indore,Escalations & Warranty,2.0,Day,A3041,Riya Fernandes,2,1,685.0,685.0,480,50.0,50.0
2026-W13,email,Indore,Logistics,1.0,Day,A3027,Dev Chatterjee,1,0,23.0,23.0,480,0.0,100.0
2026-W13,email,Indore,Logistics,1.0,Morning,A3028,Krishna Kaur,1,0,167.0,167.0,480,0.0,100.0
2026-W13,social,Bengaluru,Billing,1.0,Morning,A3033,Amit Kulkarni,1,1,535.0,535.0,240,100.0,0.0
2026-W13,social,Bengaluru,Billing,1.0,Morning,A3035,Rohit Mukherjee,2,1,231.5,231.5,240,50.0,50.0
2026-W13,social,Bengaluru,Chat Frontline,1.0,Day,A3012,Lakshmi Sethi,2,1,239.0,239.0,240,50.0,50.0
2026-W13,social,Bengaluru,Chat Frontline,1.0,Morning,A3005,Sameer Joshi,1,0,83.0,83.0,240,0.0,100.0
2026-W13,social,Bengaluru,Chat Frontline,1.0,Morning,A3009,Ramesh Patel,1,0,44.0,44.0,240,0.0,100.0
2026-W13,social,Bengaluru,Chat Frontline,1.0,Morning,A3014,Diya Patil,1,0,95.0,95.0,240,0.0,100.0
2026-W13,social,Bengaluru,Escalations & Warranty,2.0,Day,A3044,Kunal Malhotra,1,0,8.0,8.0,240,0.0,100.0
2026-W13,social,Bengaluru,Logistics,1.0,Morning,A3031,Om Malhotra,1,0,77.0,77.0,240,0.0,100.0
2026-W13,social,Bengaluru,Returns Desk,1.0,Day,A3036,Rohit Shinde,1,0,35.0,35.0,240,0.0,100.0
2026-W13,social,Bengaluru,Returns Desk,1.0,Day,A3038,Amit Yadav,1,0,14.0,14.0,240,0.0,100.0
2026-W13,social,Bengaluru,Returns Desk,1.0,Morning,A3037,Rahul Sen,2,1,287.0,287.0,240,50.0,50.0
2026-W13,social,Indore,Chat Frontline,1.0,Day,A3002,Tarun Mishra,1,0,13.0,13.0,240,0.0,100.0
2026-W13,social,Indore,Chat Frontline,1.0,Day,A3003,Harpreet Deshpande,1,0,151.0,151.0,240,0.0,100.0
2026-W13,social,Indore,Chat Frontline,1.0,Morning,A3008,Steven Kaur,1,0,29.0,29.0,240,0.0,100.0
2026-W13,social,Indore,Chat Frontline,1.0,Morning,A3010,Neha Chatterjee,1,1,363.0,363.0,240,100.0,0.0
2026-W13,social,Indore,Chat Frontline,1.0,Morning,A3011,Karan Roy,2,1,265.5,265.5,240,50.0,50.0
2026-W13,social,Indore,Chat Frontline,1.0,Morning,A3013,Ritika Chatterjee,1,0,109.0,109.0,240,0.0,100.0
2026-W13,social,Indore,Logistics,1.0,Day,A3027,Dev Chatterjee,1,0,8.0,8.0,240,0.0,100.0
2026-W13,social,Indore,Logistics,1.0,Morning,A3028,Krishna Kaur,1,1,509.0,509.0,240,100.0,0.0
2026-W13,voice,Bengaluru,Billing,1.0,Day,A3034,Thomas Patel,4,0,40.75,37.5,120,0.0,100.0
2026-W13,voice,Bengaluru,Billing,1.0,Morning,A3033,Amit Kulkarni,1,0,24.0,24.0,120,0.0,100.0
2026-W13,voice,Bengaluru,Chat Frontline,1.0,Morning,A3005,Sameer Joshi,1,0,103.0,103.0,120,0.0,100.0
2026-W13,voice,Bengaluru,Logistics,1.0,Day,A3029,Rajat Iyer,1,0,8.0,8.0,120,0.0,100.0
2026-W13,voice,Bengaluru,Voice Frontline,1.0,Day,A3023,Rahul Khanna,3,0,54.333333333333336,46.0,120,0.0,100.0
2026-W13,voice,Bengaluru,Voice Frontline,1.0,Day,A3026,Lakshmi Qureshi,4,0,46.5,36.0,120,0.0,100.0
2026-W13,voice,Bengaluru,Voice Frontline,1.0,Morning,A3024,Kunal Khanna,7,0,51.0,50.0,120,0.0,100.0
2026-W13,voice,Bengaluru,Voice Frontline,1.0,Morning,A3025,Lobsang Rao,5,0,41.8,39.0,120,0.0,100.0
2026-W13,voice,Indore,Billing,1.0,Morning,A3032,Aadhya Sheikh,1,0,92.0,92.0,120,0.0,100.0
2026-W13,voice,Indore,Chat Frontline,1.0,Day,A3002,Tarun Mishra,1,0,92.0,92.0,120,0.0,100.0
2026-W13,voice,Indore,Chat Frontline,1.0,Morning,A3008,Steven Kaur,1,0,119.0,119.0,120,0.0,100.0
2026-W14,chat,Bengaluru,Billing,1.0,Day,A3034,Thomas Patel,4,1,8.25,4.5,15,25.0,75.0
2026-W14,chat,Bengaluru,Billing,1.0,Morning,A3033,Amit Kulkarni,2,1,148.0,148.0,15,50.0,50.0
2026-W14,chat,Bengaluru,Billing,1.0,Morning,A3035,Rohit Mukherjee,2,1,265.0,265.0,15,50.0,50.0
2026-W14,chat,Bengaluru,Chat Frontline,1.0,Day,A3004,Krishna Naidu,5,1,10.8,8.0,15,20.0,80.0
2026-W14,chat,Bengaluru,Chat Frontline,1.0,Day,A3006,Lakshmi Reddy,7,2,9.571428571428571,5.0,15,28.57142857142857,71.42857142857143
2026-W14,chat,Bengaluru,Chat Frontline,1.0,Day,A3012,Lakshmi Sethi,3,2,17.333333333333332,17.0,15,66.66666666666666,33.33333333333334
2026-W14,chat,Bengaluru,Chat Frontline,1.0,Day,A3015,Yash Agarwal,2,0,4.0,4.0,15,0.0,100.0
2026-W14,chat,Bengaluru,Chat Frontline,1.0,Morning,A3005,Sameer Joshi,7,5,200.85714285714286,264.0,15,71.42857142857143,28.57142857142857
2026-W14,chat,Bengaluru,Chat Frontline,1.0,Morning,A3007,Neha Gaikwad,1,0,7.0,7.0,15,0.0,100.0
2026-W14,chat,Bengaluru,Chat Frontline,1.0,Morning,A3009,Ramesh Patel,3,1,129.0,9.0,15,33.33333333333333,66.66666666666667
2026-W14,chat,Bengaluru,Chat Frontline,1.0,Morning,A3014,Diya Patil,2,0,7.5,7.5,15,0.0,100.0
2026-W14,chat,Bengaluru,Email Frontline,1.0,Morning,A3019,Sai Sandhu,1,0,6.0,6.0,15,0.0,100.0
2026-W14,chat,Bengaluru,Escalations & Warranty,2.0,Day,A3044,Kunal Malhotra,2,1,10.5,10.5,15,50.0,50.0
2026-W14,chat,Bengaluru,Escalations & Warranty,2.0,Morning,A3039,Riya Gaikwad,3,3,359.3333333333333,311.0,15,100.0,0.0
2026-W14,chat,Bengaluru,Logistics,1.0,Day,A3029,Rajat Iyer,1,0,7.0,7.0,15,0.0,100.0
2026-W14,chat,Bengaluru,Logistics,1.0,Day,A3030,Sunita Srivastava,4,0,5.5,5.0,15,0.0,100.0
2026-W14,chat,Bengaluru,Logistics,1.0,Morning,A3031,Om Malhotra,6,3,232.33333333333334,208.0,15,50.0,50.0
2026-W14,chat,Bengaluru,Returns Desk,1.0,Day,A3038,Amit Yadav,1,0,2.0,2.0,15,0.0,100.0
2026-W14,chat,Bengaluru,Returns Desk,1.0,Morning,A3037,Rahul Sen,4,1,116.25,3.5,15,25.0,75.0
2026-W14,chat,Indore,Billing,1.0,Morning,A3032,Aadhya Sheikh,2,1,243.5,243.5,15,50.0,50.0
2026-W14,chat,Indore,Chat Frontline,1.0,Day,A3002,Tarun Mishra,2,1,10.5,10.5,15,50.0,50.0
2026-W14,chat,Indore,Chat Frontline,1.0,Day,A3003,Harpreet Deshpande,3,0,1.6666666666666667,2.0,15,0.0,100.0
2026-W14,chat,Indore,Chat Frontline,1.0,Morning,A3008,Steven Kaur,1,0,6.0,6.0,15,0.0,100.0
2026-W14,chat,Indore,Chat Frontline,1.0,Morning,A3010,Neha Chatterjee,1,0,6.0,6.0,15,0.0,100.0
2026-W14,chat,Indore,Chat Frontline,1.0,Morning,A3011,Karan Roy,3,2,193.0,83.0,15,66.66666666666666,33.33333333333334
2026-W14,chat,Indore,Chat Frontline,1.0,Morning,A3013,Ritika Chatterjee,4,1,71.0,3.0,15,25.0,75.0
2026-W14,chat,Indore,Logistics,1.0,Day,A3027,Dev Chatterjee,1,0,0.0,0.0,15,0.0,100.0
2026-W14,chat,Indore,Logistics,1.0,Morning,A3028,Krishna Kaur,4,1,108.75,8.5,15,25.0,75.0
2026-W14,email,Bengaluru,Billing,1.0,Day,A3034,Thomas Patel,6,0,200.83333333333334,189.5,480,0.0,100.0
2026-W14,email,Bengaluru,Billing,1.0,Morning,A3033,Amit Kulkarni,1,0,95.0,95.0,480,0.0,100.0
2026-W14,email,Bengaluru,Billing,1.0,Morning,A3035,Rohit Mukherjee,4,1,316.5,306.5,480,25.0,75.0
2026-W14,email,Bengaluru,Email Frontline,1.0,Day,A3021,Aditya Dhillon,6,0,168.33333333333334,85.5,480,0.0,100.0
2026-W14,email,Bengaluru,Email Frontline,1.0,Day,A3022,Steven Tiwari,9,1,175.55555555555554,119.0,480,11.11111111111111,88.88888888888889
2026-W14,email,Bengaluru,Email Frontline,1.0,Morning,A3018,Farah Sheikh,12,5,409.8333333333333,406.5,480,41.66666666666667,58.33333333333333
2026-W14,email,Bengaluru,Email Frontline,1.0,Morning,A3019,Sai Sandhu,10,7,430.4,541.0,480,70.0,30.0
2026-W14,email,Bengaluru,Logistics,1.0,Day,A3029,Rajat Iyer,1,0,108.0,108.0,480,0.0,100.0
2026-W14,email,Bengaluru,Logistics,1.0,Day,A3030,Sunita Srivastava,1,1,666.0,666.0,480,100.0,0.0
2026-W14,email,Bengaluru,Logistics,1.0,Morning,A3031,Om Malhotra,2,0,89.5,89.5,480,0.0,100.0
2026-W14,email,Bengaluru,Returns Desk,1.0,Morning,A3037,Rahul Sen,3,1,323.0,177.0,480,33.33333333333333,66.66666666666667
2026-W14,email,Indore,Billing,1.0,Morning,A3032,Aadhya Sheikh,1,1,487.0,487.0,480,100.0,0.0
2026-W14,email,Indore,Escalations & Warranty,2.0,Day,A3041,Riya Fernandes,1,0,286.0,286.0,480,0.0,100.0
2026-W14,email,Indore,Logistics,1.0,Day,A3027,Dev Chatterjee,2,0,73.0,73.0,480,0.0,100.0
2026-W14,email,Indore,Logistics,1.0,Morning,A3028,Krishna Kaur,1,0,180.0,180.0,480,0.0,100.0
2026-W14,social,Bengaluru,Chat Frontline,1.0,Day,A3004,Krishna Naidu,1,0,185.0,185.0,240,0.0,100.0
2026-W14,social,Bengaluru,Chat Frontline,1.0,Morning,A3005,Sameer Joshi,1,1,366.0,366.0,240,100.0,0.0
2026-W14,social,Bengaluru,Chat Frontline,1.0,Morning,A3009,Ramesh Patel,1,1,538.0,538.0,240,100.0,0.0
2026-W14,social,Bengaluru,Chat Frontline,1.0,Morning,A3014,Diya Patil,1,0,58.0,58.0,240,0.0,100.0
2026-W14,social,Bengaluru,Logistics,1.0,Day,A3030,Sunita Srivastava,1,0,104.0,104.0,240,0.0,100.0
2026-W14,social,Bengaluru,Logistics,1.0,Morning,A3031,Om Malhotra,2,0,141.0,141.0,240,0.0,100.0
2026-W14,social,Bengaluru,Returns Desk,1.0,Morning,A3037,Rahul Sen,1,1,494.0,494.0,240,100.0,0.0
2026-W14,social,Indore,Chat Frontline,1.0,Day,A3002,Tarun Mishra,2,0,73.5,73.5,240,0.0,100.0
2026-W14,social,Indore,Chat Frontline,1.0,Morning,A3011,Karan Roy,1,1,419.0,419.0,240,100.0,0.0
2026-W14,social,Indore,Logistics,1.0,Day,A3027,Dev Chatterjee,1,0,181.0,181.0,240,0.0,100.0
2026-W14,voice,Bengaluru,Billing,1.0,Day,A3034,Thomas Patel,2,0,34.5,34.5,120,0.0,100.0
2026-W14,voice,Bengaluru,Billing,1.0,Morning,A3033,Amit Kulkarni,1,0,83.0,83.0,120,0.0,100.0
2026-W14,voice,Bengaluru,Billing,1.0,Morning,A3035,Rohit Mukherjee,1,0,51.0,51.0,120,0.0,100.0
2026-W14,voice,Bengaluru,Email Frontline,1.0,Day,A3022,Steven Tiwari,1,0,38.0,38.0,120,0.0,100.0
2026-W14,voice,Bengaluru,Logistics,1.0,Day,A3030,Sunita Srivastava,1,0,44.0,44.0,120,0.0,100.0
2026-W14,voice,Bengaluru,Logistics,1.0,Morning,A3031,Om Malhotra,3,0,88.66666666666667,101.0,120,0.0,100.0
2026-W14,voice,Bengaluru,Returns Desk,1.0,Day,A3036,Rohit Shinde,1,0,80.0,80.0,120,0.0,100.0
2026-W14,voice,Bengaluru,Returns Desk,1.0,Day,A3038,Amit Yadav,1,0,17.0,17.0,120,0.0,100.0
2026-W14,voice,Bengaluru,Voice Frontline,1.0,Day,A3023,Rahul Khanna,3,1,68.33333333333333,45.0,120,33.33333333333333,66.66666666666667
2026-W14,voice,Bengaluru,Voice Frontline,1.0,Day,A3026,Lakshmi Qureshi,1,0,17.0,17.0,120,0.0,100.0
2026-W14,voice,Bengaluru,Voice Frontline,1.0,Morning,A3024,Kunal Khanna,2,0,29.0,29.0,120,0.0,100.0
2026-W14,voice,Bengaluru,Voice Frontline,1.0,Morning,A3025,Lobsang Rao,1,0,18.0,18.0,120,0.0,100.0
2026-W14,voice,Indore,Logistics,1.0,Day,A3027,Dev Chatterjee,1,1,159.0,159.0,120,100.0,0.0
2026-W15,chat,Bengaluru,Billing,1.0,Day,A3034,Thomas Patel,4,0,2.25,2.0,15,0.0,100.0
2026-W15,chat,Bengaluru,Billing,1.0,Morning,A3033,Amit Kulkarni,2,2,407.5,407.5,15,100.0,0.0
2026-W15,chat,Bengaluru,Billing,1.0,Morning,A3035,Rohit Mukherjee,2,2,241.0,241.0,15,100.0,0.0
2026-W15,chat,Bengaluru,Chat Frontline,1.0,Day,A3004,Krishna Naidu,1,0,2.0,2.0,15,0.0,100.0
2026-W15,chat,Bengaluru,Chat Frontline,1.0,Day,A3006,Lakshmi Reddy,4,0,3.5,4.0,15,0.0,100.0
2026-W15,chat,Bengaluru,Chat Frontline,1.0,Day,A3012,Lakshmi Sethi,1,0,13.0,13.0,15,0.0,100.0
2026-W15,chat,Bengaluru,Chat Frontline,1.0,Day,A3015,Yash Agarwal,2,0,6.0,6.0,15,0.0,100.0
2026-W15,chat,Bengaluru,Chat Frontline,1.0,Morning,A3005,Sameer Joshi,3,1,115.66666666666667,10.0,15,33.33333333333333,66.66666666666667
2026-W15,chat,Bengaluru,Chat Frontline,1.0,Morning,A3007,Neha Gaikwad,2,1,11.0,11.0,15,50.0,50.0
2026-W15,chat,Bengaluru,Chat Frontline,1.0,Morning,A3009,Ramesh Patel,1,0,4.0,4.0,15,0.0,100.0
2026-W15,chat,Bengaluru,Chat Frontline,1.0,Morning,A3014,Diya Patil,5,2,204.2,5.0,15,40.0,60.0
2026-W15,chat,Bengaluru,Email Frontline,1.0,Day,A3021,Aditya Dhillon,1,0,8.0,8.0,15,0.0,100.0
2026-W15,chat,Bengaluru,Escalations & Warranty,2.0,Morning,A3039,Riya Gaikwad,1,0,6.0,6.0,15,0.0,100.0
2026-W15,chat,Bengaluru,Logistics,1.0,Day,A3029,Rajat Iyer,1,0,2.0,2.0,15,0.0,100.0
2026-W15,chat,Bengaluru,Logistics,1.0,Day,A3030,Sunita Srivastava,3,0,4.666666666666667,4.0,15,0.0,100.0
2026-W15,chat,Bengaluru,Logistics,1.0,Morning,A3031,Om Malhotra,2,1,250.0,250.0,15,50.0,50.0
2026-W15,chat,Bengaluru,Returns Desk,1.0,Day,A3038,Amit Yadav,2,0,8.0,8.0,15,0.0,100.0
2026-W15,chat,Bengaluru,Returns Desk,1.0,Morning,A3037,Rahul Sen,2,2,302.5,302.5,15,100.0,0.0
2026-W15,chat,Indore,Billing,1.0,Morning,A3032,Aadhya Sheikh,1,0,5.0,5.0,15,0.0,100.0
2026-W15,chat,Indore,Chat Frontline,1.0,Day,A3002,Tarun Mishra,4,0,6.75,6.5,15,0.0,100.0
2026-W15,chat,Indore,Chat Frontline,1.0,Day,A3003,Harpreet Deshpande,1,1,19.0,19.0,15,100.0,0.0
2026-W15,chat,Indore,Chat Frontline,1.0,Morning,A3008,Steven Kaur,3,1,167.33333333333334,2.0,15,33.33333333333333,66.66666666666667
2026-W15,chat,Indore,Chat Frontline,1.0,Morning,A3010,Neha Chatterjee,2,2,382.5,382.5,15,100.0,0.0
2026-W15,chat,Indore,Chat Frontline,1.0,Morning,A3011,Karan Roy,1,0,6.0,6.0,15,0.0,100.0
2026-W15,chat,Indore,Chat Frontline,1.0,Morning,A3013,Ritika Chatterjee,2,1,217.5,217.5,15,50.0,50.0
2026-W15,chat,Indore,Logistics,1.0,Day,A3027,Dev Chatterjee,3,0,6.333333333333333,4.0,15,0.0,100.0
2026-W15,chat,Indore,Logistics,1.0,Morning,A3028,Krishna Kaur,4,2,47.75,13.5,15,50.0,50.0
2026-W15,email,Bengaluru,Billing,1.0,Day,A3034,Thomas Patel,5,0,113.0,87.0,480,0.0,100.0
2026-W15,email,Bengaluru,Billing,1.0,Morning,A3033,Amit Kulkarni,3,2,479.0,487.0,480,66.66666666666666,33.33333333333334
2026-W15,email,Bengaluru,Billing,1.0,Morning,A3035,Rohit Mukherjee,2,1,277.0,277.0,480,50.0,50.0
2026-W15,email,Bengaluru,Chat Frontline,1.0,Day,A3006,Lakshmi Reddy,1,1,505.0,505.0,480,100.0,0.0
2026-W15,email,Bengaluru,Email Frontline,1.0,Day,A3020,Ramesh Ghosh,5,1,419.6,352.0,480,20.0,80.0
2026-W15,email,Bengaluru,Email Frontline,1.0,Day,A3021,Aditya Dhillon,4,0,161.0,114.0,480,0.0,100.0
2026-W15,email,Bengaluru,Email Frontline,1.0,Day,A3022,Steven Tiwari,2,0,114.0,114.0,480,0.0,100.0
2026-W15,email,Bengaluru,Email Frontline,1.0,Morning,A3018,Farah Sheikh,14,5,416.42857142857144,396.0,480,35.714285714285715,64.28571428571428
2026-W15,email,Bengaluru,Email Frontline,1.0,Morning,A3019,Sai Sandhu,6,1,319.8333333333333,187.0,480,16.666666666666664,83.33333333333334
2026-W15,email,Bengaluru,Escalations & Warranty,2.0,Day,A3044,Kunal Malhotra,1,0,115.0,115.0,480,0.0,100.0
2026-W15,email,Bengaluru,Escalations & Warranty,2.0,Morning,A3039,Riya Gaikwad,1,0,273.0,273.0,480,0.0,100.0
2026-W15,email,Bengaluru,Logistics,1.0,Day,A3030,Sunita Srivastava,1,1,562.0,562.0,480,100.0,0.0
2026-W15,email,Bengaluru,Logistics,1.0,Morning,A3031,Om Malhotra,4,0,104.0,102.0,480,0.0,100.0
2026-W15,email,Bengaluru,Returns Desk,1.0,Day,A3036,Rohit Shinde,1,0,149.0,149.0,480,0.0,100.0
2026-W15,email,Bengaluru,Returns Desk,1.0,Morning,A3037,Rahul Sen,2,0,150.5,150.5,480,0.0,100.0
2026-W15,email,Indore,Billing,1.0,Morning,A3032,Aadhya Sheikh,2,1,426.5,426.5,480,50.0,50.0
2026-W15,email,Indore,Chat Frontline,1.0,Morning,A3008,Steven Kaur,1,0,63.0,63.0,480,0.0,100.0
2026-W15,email,Indore,Chat Frontline,1.0,Morning,A3013,Ritika Chatterjee,1,0,137.0,137.0,480,0.0,100.0
2026-W15,email,Indore,Logistics,1.0,Day,A3027,Dev Chatterjee,2,0,417.0,417.0,480,0.0,100.0
2026-W15,social,Bengaluru,Billing,1.0,Day,A3034,Thomas Patel,2,0,172.0,172.0,240,0.0,100.0
2026-W15,social,Bengaluru,Billing,1.0,Morning,A3035,Rohit Mukherjee,1,1,475.0,475.0,240,100.0,0.0
2026-W15,social,Bengaluru,Chat Frontline,1.0,Morning,A3007,Neha Gaikwad,2,1,309.5,309.5,240,50.0,50.0
2026-W15,social,Bengaluru,Chat Frontline,1.0,Morning,A3009,Ramesh Patel,1,0,38.0,38.0,240,0.0,100.0
2026-W15,social,Bengaluru,Escalations & Warranty,2.0,Morning,A3043,Rohit Jain,2,2,433.5,433.5,240,100.0,0.0
2026-W15,social,Bengaluru,Logistics,1.0,Morning,A3031,Om Malhotra,1,1,446.0,446.0,240,100.0,0.0
2026-W15,social,Indore,Billing,1.0,Morning,A3032,Aadhya Sheikh,1,0,47.0,47.0,240,0.0,100.0
2026-W15,social,Indore,Chat Frontline,1.0,Day,A3002,Tarun Mishra,1,0,18.0,18.0,240,0.0,100.0
2026-W15,social,Indore,Chat Frontline,1.0,Day,A3003,Harpreet Deshpande,1,0,31.0,31.0,240,0.0,100.0
2026-W15,social,Indore,Chat Frontline,1.0,Morning,A3008,Steven Kaur,1,1,560.0,560.0,240,100.0,0.0
2026-W15,social,Indore,Chat Frontline,1.0,Morning,A3013,Ritika Chatterjee,1,1,490.0,490.0,240,100.0,0.0
2026-W15,voice,Bengaluru,Billing,1.0,Day,A3034,Thomas Patel,1,0,83.0,83.0,120,0.0,100.0
2026-W15,voice,Bengaluru,Billing,1.0,Morning,A3035,Rohit Mukherjee,1,0,30.0,30.0,120,0.0,100.0
2026-W15,voice,Bengaluru,Email Frontline,1.0,Morning,A3019,Sai Sandhu,1,0,93.0,93.0,120,0.0,100.0
2026-W15,voice,Bengaluru,Escalations & Warranty,2.0,Morning,A3039,Riya Gaikwad,2,0,36.0,36.0,120,0.0,100.0
2026-W15,voice,Bengaluru,Escalations & Warranty,2.0,Morning,A3043,Rohit Jain,1,0,41.0,41.0,120,0.0,100.0
2026-W15,voice,Bengaluru,Logistics,1.0,Morning,A3031,Om Malhotra,1,0,32.0,32.0,120,0.0,100.0
2026-W15,voice,Bengaluru,Returns Desk,1.0,Morning,A3037,Rahul Sen,2,0,30.5,30.5,120,0.0,100.0
2026-W15,voice,Bengaluru,Voice Frontline,1.0,Day,A3023,Rahul Khanna,8,2,85.25,50.0,120,25.0,75.0
2026-W15,voice,Bengaluru,Voice Frontline,1.0,Day,A3026,Lakshmi Qureshi,2,0,17.0,17.0,120,0.0,100.0
2026-W15,voice,Bengaluru,Voice Frontline,1.0,Morning,A3024,Kunal Khanna,2,1,102.5,102.5,120,50.0,50.0
2026-W15,voice,Indore,Escalations & Warranty,2.0,Day,A3041,Riya Fernandes,1,0,26.0,26.0,120,0.0,100.0
2026-W15,voice,Indore,Logistics,1.0,Day,A3027,Dev Chatterjee,2,0,65.0,65.0,120,0.0,100.0
2026-W15,voice,Indore,Logistics,1.0,Morning,A3028,Krishna Kaur,2,0,70.5,70.5,120,0.0,100.0
2026-W16,chat,Bengaluru,Billing,1.0,Day,A3034,Thomas Patel,2,2,30.5,30.5,15,100.0,0.0
2026-W16,chat,Bengaluru,Billing,1.0,Morning,A3033,Amit Kulkarni,2,1,270.5,270.5,15,50.0,50.0
2026-W16,chat,Bengaluru,Billing,1.0,Morning,A3035,Rohit Mukherjee,3,2,129.66666666666666,18.0,15,66.66666666666666,33.33333333333334
2026-W16,chat,Bengaluru,Chat Frontline,1.0,Day,A3004,Krishna Naidu,3,0,4.0,1.0,15,0.0,100.0
2026-W16,chat,Bengaluru,Chat Frontline,1.0,Day,A3006,Lakshmi Reddy,5,0,2.6,2.0,15,0.0,100.0
2026-W16,chat,Bengaluru,Chat Frontline,1.0,Day,A3012,Lakshmi Sethi,4,0,4.75,3.0,15,0.0,100.0
2026-W16,chat,Bengaluru,Chat Frontline,1.0,Day,A3015,Yash Agarwal,1,0,3.0,3.0,15,0.0,100.0
2026-W16,chat,Bengaluru,Chat Frontline,1.0,Morning,A3009,Ramesh Patel,1,1,173.0,173.0,15,100.0,0.0
2026-W16,chat,Bengaluru,Chat Frontline,1.0,Morning,A3014,Diya Patil,3,1,174.0,7.0,15,33.33333333333333,66.66666666666667
2026-W16,chat,Bengaluru,Email Frontline,1.0,Day,A3021,Aditya Dhillon,1,0,4.0,4.0,15,0.0,100.0
2026-W16,chat,Bengaluru,Escalations & Warranty,2.0,Day,A3040,Thomas Arora,1,0,10.0,10.0,15,0.0,100.0
2026-W16,chat,Bengaluru,Escalations & Warranty,2.0,Morning,A3039,Riya Gaikwad,2,0,4.0,4.0,15,0.0,100.0
2026-W16,chat,Bengaluru,Logistics,1.0,Day,A3029,Rajat Iyer,1,1,25.0,25.0,15,100.0,0.0
2026-W16,chat,Bengaluru,Logistics,1.0,Day,A3030,Sunita Srivastava,2,1,211.0,211.0,15,50.0,50.0
2026-W16,chat,Bengaluru,Logistics,1.0,Morning,A3031,Om Malhotra,6,3,140.66666666666666,15.0,15,50.0,50.0
2026-W16,chat,Bengaluru,Returns Desk,1.0,Day,A3036,Rohit Shinde,1,0,6.0,6.0,15,0.0,100.0
2026-W16,chat,Bengaluru,Returns Desk,1.0,Day,A3038,Amit Yadav,3,1,22.666666666666668,5.0,15,33.33333333333333,66.66666666666667
2026-W16,chat,Bengaluru,Returns Desk,1.0,Morning,A3037,Rahul Sen,4,1,106.0,11.0,15,25.0,75.0
2026-W16,chat,Indore,Billing,1.0,Morning,A3032,Aadhya Sheikh,4,0,3.0,1.0,15,0.0,100.0
2026-W16,chat,Indore,Chat Frontline,1.0,Day,A3002,Tarun Mishra,3,0,3.0,3.0,15,0.0,100.0
2026-W16,chat,Indore,Chat Frontline,1.0,Day,A3003,Harpreet Deshpande,2,1,15.5,15.5,15,50.0,50.0
2026-W16,chat,Indore,Chat Frontline,1.0,Morning,A3008,Steven Kaur,3,3,441.3333333333333,437.0,15,100.0,0.0
2026-W16,chat,Indore,Chat Frontline,1.0,Morning,A3010,Neha Chatterjee,1,1,160.0,160.0,15,100.0,0.0
2026-W16,chat,Indore,Chat Frontline,1.0,Morning,A3011,Karan Roy,2,1,236.0,236.0,15,50.0,50.0
2026-W16,chat,Indore,Chat Frontline,1.0,Morning,A3013,Ritika Chatterjee,4,2,176.75,106.5,15,50.0,50.0
2026-W16,chat,Indore,Escalations & Warranty,2.0,Day,A3041,Riya Fernandes,2,0,1.5,1.5,15,0.0,100.0
2026-W16,chat,Indore,Logistics,1.0,Day,A3027,Dev Chatterjee,1,0,5.0,5.0,15,0.0,100.0
2026-W16,email,Bengaluru,Billing,1.0,Day,A3034,Thomas Patel,2,0,222.5,222.5,480,0.0,100.0
2026-W16,email,Bengaluru,Billing,1.0,Morning,A3033,Amit Kulkarni,5,1,301.2,200.0,480,20.0,80.0
2026-W16,email,Bengaluru,Billing,1.0,Morning,A3035,Rohit Mukherjee,2,0,264.5,264.5,480,0.0,100.0
2026-W16,email,Bengaluru,Chat Frontline,1.0,Day,A3006,Lakshmi Reddy,1,0,126.0,126.0,480,0.0,100.0
2026-W16,email,Bengaluru,Email Frontline,1.0,Day,A3020,Ramesh Ghosh,3,0,227.33333333333334,182.0,480,0.0,100.0
2026-W16,email,Bengaluru,Email Frontline,1.0,Day,A3021,Aditya Dhillon,4,0,167.5,140.5,480,0.0,100.0
2026-W16,email,Bengaluru,Email Frontline,1.0,Day,A3022,Steven Tiwari,5,0,138.6,123.0,480,0.0,100.0
2026-W16,email,Bengaluru,Email Frontline,1.0,Morning,A3018,Farah Sheikh,8,3,404.0,320.5,480,37.5,62.5
2026-W16,email,Bengaluru,Email Frontline,1.0,Morning,A3019,Sai Sandhu,7,2,346.7142857142857,269.0,480,28.57142857142857,71.42857142857143
2026-W16,email,Bengaluru,Escalations & Warranty,2.0,Day,A3044,Kunal Malhotra,1,0,93.0,93.0,480,0.0,100.0
2026-W16,email,Bengaluru,Escalations & Warranty,2.0,Morning,A3039,Riya Gaikwad,2,1,387.0,387.0,480,50.0,50.0
2026-W16,email,Bengaluru,Logistics,1.0,Day,A3029,Rajat Iyer,1,0,111.0,111.0,480,0.0,100.0
2026-W16,email,Bengaluru,Logistics,1.0,Morning,A3031,Om Malhotra,2,1,328.5,328.5,480,50.0,50.0
2026-W16,email,Bengaluru,Returns Desk,1.0,Morning,A3037,Rahul Sen,5,2,277.0,141.0,480,40.0,60.0
2026-W16,email,Indore,Billing,1.0,Morning,A3032,Aadhya Sheikh,3,2,450.0,537.0,480,66.66666666666666,33.33333333333334
2026-W16,email,Indore,Logistics,1.0,Day,A3027,Dev Chatterjee,3,0,164.0,104.0,480,0.0,100.0
2026-W16,email,Indore,Logistics,1.0,Morning,A3028,Krishna Kaur,5,3,439.2,494.0,480,60.0,40.0
2026-W16,social,Bengaluru,Billing,1.0,Morning,A3035,Rohit Mukherjee,2,1,304.5,304.5,240,50.0,50.0
2026-W16,social,Bengaluru,Chat Frontline,1.0,Day,A3004,Krishna Naidu,1,1,322.0,322.0,240,100.0,0.0
2026-W16,social,Bengaluru,Chat Frontline,1.0,Day,A3012,Lakshmi Sethi,1,0,38.0,38.0,240,0.0,100.0
2026-W16,social,Bengaluru,Chat Frontline,1.0,Day,A3015,Yash Agarwal,1,0,86.0,86.0,240,0.0,100.0
2026-W16,social,Bengaluru,Chat Frontline,1.0,Morning,A3005,Sameer Joshi,1,1,576.0,576.0,240,100.0,0.0
2026-W16,social,Bengaluru,Chat Frontline,1.0,Morning,A3014,Diya Patil,1,0,18.0,18.0,240,0.0,100.0
2026-W16,social,Bengaluru,Escalations & Warranty,2.0,Morning,A3039,Riya Gaikwad,1,1,498.0,498.0,240,100.0,0.0
2026-W16,social,Bengaluru,Logistics,1.0,Day,A3029,Rajat Iyer,2,1,310.0,310.0,240,50.0,50.0
2026-W16,social,Bengaluru,Logistics,1.0,Day,A3030,Sunita Srivastava,1,0,233.0,233.0,240,0.0,100.0
2026-W16,social,Bengaluru,Logistics,1.0,Morning,A3031,Om Malhotra,1,0,130.0,130.0,240,0.0,100.0
2026-W16,social,Bengaluru,Returns Desk,1.0,Morning,A3037,Rahul Sen,2,1,232.5,232.5,240,50.0,50.0
2026-W16,social,Indore,Chat Frontline,1.0,Day,A3003,Harpreet Deshpande,1,0,10.0,10.0,240,0.0,100.0
2026-W16,social,Indore,Chat Frontline,1.0,Morning,A3010,Neha Chatterjee,1,0,11.0,11.0,240,0.0,100.0
2026-W16,social,Indore,Chat Frontline,1.0,Morning,A3011,Karan Roy,2,1,162.5,162.5,240,50.0,50.0
2026-W16,social,Indore,Logistics,1.0,Day,A3027,Dev Chatterjee,1,0,80.0,80.0,240,0.0,100.0
2026-W16,social,Indore,Logistics,1.0,Morning,A3028,Krishna Kaur,1,0,73.0,73.0,240,0.0,100.0
2026-W16,voice,Bengaluru,Billing,1.0,Day,A3034,Thomas Patel,3,0,28.0,28.0,120,0.0,100.0
2026-W16,voice,Bengaluru,Escalations & Warranty,2.0,Day,A3040,Thomas Arora,1,1,136.0,136.0,120,100.0,0.0
2026-W16,voice,Bengaluru,Escalations & Warranty,2.0,Day,A3044,Kunal Malhotra,1,0,42.0,42.0,120,0.0,100.0
2026-W16,voice,Bengaluru,Escalations & Warranty,2.0,Morning,A3039,Riya Gaikwad,2,0,36.0,36.0,120,0.0,100.0
2026-W16,voice,Bengaluru,Logistics,1.0,Day,A3030,Sunita Srivastava,1,0,28.0,28.0,120,0.0,100.0
2026-W16,voice,Bengaluru,Returns Desk,1.0,Day,A3036,Rohit Shinde,1,0,6.0,6.0,120,0.0,100.0
2026-W16,voice,Bengaluru,Returns Desk,1.0,Day,A3038,Amit Yadav,1,0,105.0,105.0,120,0.0,100.0
2026-W16,voice,Bengaluru,Returns Desk,1.0,Morning,A3037,Rahul Sen,1,0,30.0,30.0,120,0.0,100.0
2026-W16,voice,Bengaluru,Voice Frontline,1.0,Day,A3023,Rahul Khanna,8,0,35.875,26.5,120,0.0,100.0
2026-W16,voice,Bengaluru,Voice Frontline,1.0,Day,A3026,Lakshmi Qureshi,2,0,49.5,49.5,120,0.0,100.0
2026-W16,voice,Bengaluru,Voice Frontline,1.0,Morning,A3024,Kunal Khanna,3,0,33.666666666666664,31.0,120,0.0,100.0
2026-W16,voice,Bengaluru,Voice Frontline,1.0,Morning,A3025,Lobsang Rao,2,0,26.5,26.5,120,0.0,100.0
2026-W16,voice,Indore,Logistics,1.0,Day,A3027,Dev Chatterjee,1,0,27.0,27.0,120,0.0,100.0
2026-W17,chat,Bengaluru,Billing,1.0,Day,A3034,Thomas Patel,3,1,14.0,6.0,15,33.33333333333333,66.66666666666667
2026-W17,chat,Bengaluru,Billing,1.0,Morning,A3033,Amit Kulkarni,3,2,263.6666666666667,261.0,15,66.66666666666666,33.33333333333334
2026-W17,chat,Bengaluru,Billing,1.0,Morning,A3035,Rohit Mukherjee,7,2,149.85714285714286,11.0,15,28.57142857142857,71.42857142857143
2026-W17,chat,Bengaluru,Chat Frontline,1.0,Day,A3004,Krishna Naidu,1,0,6.0,6.0,15,0.0,100.0
2026-W17,chat,Bengaluru,Chat Frontline,1.0,Day,A3006,Lakshmi Reddy,1,0,2.0,2.0,15,0.0,100.0
2026-W17,chat,Bengaluru,Chat Frontline,1.0,Day,A3012,Lakshmi Sethi,4,1,9.0,7.0,15,25.0,75.0
2026-W17,chat,Bengaluru,Chat Frontline,1.0,Day,A3015,Yash Agarwal,3,0,7.0,3.0,15,0.0,100.0
2026-W17,chat,Bengaluru,Chat Frontline,1.0,Morning,A3005,Sameer Joshi,5,3,127.6,20.0,15,60.0,40.0
2026-W17,chat,Bengaluru,Chat Frontline,1.0,Morning,A3007,Neha Gaikwad,3,2,296.3333333333333,392.0,15,66.66666666666666,33.33333333333334
2026-W17,chat,Bengaluru,Chat Frontline,1.0,Morning,A3009,Ramesh Patel,4,0,6.25,6.5,15,0.0,100.0
2026-W17,chat,Bengaluru,Chat Frontline,1.0,Morning,A3014,Diya Patil,3,2,311.0,462.0,15,66.66666666666666,33.33333333333334
2026-W17,chat,Bengaluru,Email Frontline,1.0,Day,A3021,Aditya Dhillon,1,1,457.0,457.0,15,100.0,0.0
2026-W17,chat,Bengaluru,Escalations & Warranty,2.0,Day,A3040,Thomas Arora,1,0,5.0,5.0,15,0.0,100.0
2026-W17,chat,Bengaluru,Escalations & Warranty,2.0,Day,A3044,Kunal Malhotra,1,0,2.0,2.0,15,0.0,100.0
2026-W17,chat,Bengaluru,Escalations & Warranty,2.0,Morning,A3039,Riya Gaikwad,1,1,21.0,21.0,15,100.0,0.0
2026-W17,chat,Bengaluru,Logistics,1.0,Day,A3029,Rajat Iyer,1,0,9.0,9.0,15,0.0,100.0
2026-W17,chat,Bengaluru,Logistics,1.0,Day,A3030,Sunita Srivastava,2,0,4.5,4.5,15,0.0,100.0
2026-W17,chat,Bengaluru,Logistics,1.0,Morning,A3031,Om Malhotra,1,0,6.0,6.0,15,0.0,100.0
2026-W17,chat,Bengaluru,Returns Desk,1.0,Day,A3036,Rohit Shinde,2,0,0.5,0.5,15,0.0,100.0
2026-W17,chat,Bengaluru,Returns Desk,1.0,Day,A3038,Amit Yadav,2,0,1.5,1.5,15,0.0,100.0
2026-W17,chat,Bengaluru,Returns Desk,1.0,Morning,A3037,Rahul Sen,2,1,126.5,126.5,15,50.0,50.0
2026-W17,chat,Indore,Billing,1.0,Morning,A3032,Aadhya Sheikh,1,0,4.0,4.0,15,0.0,100.0
2026-W17,chat,Indore,Chat Frontline,1.0,Day,A3002,Tarun Mishra,1,0,2.0,2.0,15,0.0,100.0
2026-W17,chat,Indore,Chat Frontline,1.0,Day,A3003,Harpreet Deshpande,3,0,6.333333333333333,7.0,15,0.0,100.0
2026-W17,chat,Indore,Chat Frontline,1.0,Morning,A3008,Steven Kaur,4,2,228.25,217.0,15,50.0,50.0
2026-W17,chat,Indore,Chat Frontline,1.0,Morning,A3010,Neha Chatterjee,6,4,203.5,126.0,15,66.66666666666666,33.33333333333334
2026-W17,chat,Indore,Chat Frontline,1.0,Morning,A3011,Karan Roy,4,1,121.25,2.0,15,25.0,75.0
2026-W17,chat,Indore,Chat Frontline,1.0,Morning,A3013,Ritika Chatterjee,2,2,450.0,450.0,15,100.0,0.0
2026-W17,chat,Indore,Logistics,1.0,Day,A3027,Dev Chatterjee,2,0,0.5,0.5,15,0.0,100.0
2026-W17,chat,Indore,Logistics,1.0,Morning,A3028,Krishna Kaur,7,2,68.28571428571429,11.0,15,28.57142857142857,71.42857142857143
2026-W17,email,Bengaluru,Billing,1.0,Day,A3034,Thomas Patel,2,1,268.0,268.0,480,50.0,50.0
2026-W17,email,Bengaluru,Billing,1.0,Morning,A3033,Amit Kulkarni,1,0,406.0,406.0,480,0.0,100.0
2026-W17,email,Bengaluru,Billing,1.0,Morning,A3035,Rohit Mukherjee,1,0,435.0,435.0,480,0.0,100.0
2026-W17,email,Bengaluru,Email Frontline,1.0,Day,A3020,Ramesh Ghosh,4,0,234.25,214.5,480,0.0,100.0
2026-W17,email,Bengaluru,Email Frontline,1.0,Day,A3021,Aditya Dhillon,3,0,96.0,51.0,480,0.0,100.0
2026-W17,email,Bengaluru,Email Frontline,1.0,Day,A3022,Steven Tiwari,4,0,256.5,247.5,480,0.0,100.0
2026-W17,email,Bengaluru,Email Frontline,1.0,Morning,A3018,Farah Sheikh,8,4,451.625,519.5,480,50.0,50.0
2026-W17,email,Bengaluru,Email Frontline,1.0,Morning,A3019,Sai Sandhu,8,2,257.25,199.5,480,25.0,75.0
2026-W17,email,Bengaluru,Escalations & Warranty,2.0,Morning,A3039,Riya Gaikwad,1,1,536.0,536.0,480,100.0,0.0
2026-W17,email,Bengaluru,Escalations & Warranty,2.0,Morning,A3043,Rohit Jain,1,0,142.0,142.0,480,0.0,100.0
2026-W17,email,Bengaluru,Logistics,1.0,Day,A3030,Sunita Srivastava,4,0,195.5,219.5,480,0.0,100.0
2026-W17,email,Bengaluru,Logistics,1.0,Morning,A3031,Om Malhotra,6,1,425.1666666666667,364.0,480,16.666666666666664,83.33333333333334
2026-W17,email,Bengaluru,Returns Desk,1.0,Day,A3036,Rohit Shinde,1,0,125.0,125.0,480,0.0,100.0
2026-W17,email,Bengaluru,Returns Desk,1.0,Day,A3038,Amit Yadav,1,0,43.0,43.0,480,0.0,100.0
2026-W17,email,Bengaluru,Returns Desk,1.0,Morning,A3037,Rahul Sen,2,1,479.0,479.0,480,50.0,50.0
2026-W17,email,Indore,Billing,1.0,Morning,A3032,Aadhya Sheikh,2,0,145.0,145.0,480,0.0,100.0
2026-W17,email,Indore,Logistics,1.0,Morning,A3028,Krishna Kaur,2,0,92.5,92.5,480,0.0,100.0
2026-W17,social,Bengaluru,Billing,1.0,Day,A3034,Thomas Patel,3,1,116.0,36.0,240,33.33333333333333,66.66666666666667
2026-W17,social,Bengaluru,Billing,1.0,Morning,A3033,Amit Kulkarni,1,1,432.0,432.0,240,100.0,0.0
2026-W17,social,Bengaluru,Chat Frontline,1.0,Day,A3004,Krishna Naidu,1,0,34.0,34.0,240,0.0,100.0
2026-W17,social,Bengaluru,Chat Frontline,1.0,Day,A3006,Lakshmi Reddy,1,0,176.0,176.0,240,0.0,100.0
2026-W17,social,Bengaluru,Chat Frontline,1.0,Day,A3015,Yash Agarwal,2,0,60.0,60.0,240,0.0,100.0
2026-W17,social,Bengaluru,Chat Frontline,1.0,Morning,A3014,Diya Patil,1,1,398.0,398.0,240,100.0,0.0
2026-W17,social,Bengaluru,Escalations & Warranty,2.0,Morning,A3043,Rohit Jain,2,2,451.5,451.5,240,100.0,0.0
2026-W17,social,Bengaluru,Logistics,1.0,Day,A3029,Rajat Iyer,1,0,83.0,83.0,240,0.0,100.0
2026-W17,social,Bengaluru,Logistics,1.0,Morning,A3031,Om Malhotra,1,1,242.0,242.0,240,100.0,0.0
2026-W17,social,Indore,Billing,1.0,Morning,A3032,Aadhya Sheikh,1,0,81.0,81.0,240,0.0,100.0
2026-W17,social,Indore,Chat Frontline,1.0,Day,A3002,Tarun Mishra,1,0,62.0,62.0,240,0.0,100.0
2026-W17,social,Indore,Chat Frontline,1.0,Morning,A3010,Neha Chatterjee,1,1,267.0,267.0,240,100.0,0.0
2026-W17,social,Indore,Chat Frontline,1.0,Morning,A3013,Ritika Chatterjee,3,1,197.33333333333334,158.0,240,33.33333333333333,66.66666666666667
2026-W17,voice,Bengaluru,Billing,1.0,Day,A3034,Thomas Patel,2,0,74.5,74.5,120,0.0,100.0
2026-W17,voice,Bengaluru,Email Frontline,1.0,Day,A3021,Aditya Dhillon,1,0,26.0,26.0,120,0.0,100.0
2026-W17,voice,Bengaluru,Logistics,1.0,Day,A3029,Rajat Iyer,1,0,45.0,45.0,120,0.0,100.0
2026-W17,voice,Bengaluru,Logistics,1.0,Day,A3030,Sunita Srivastava,1,0,10.0,10.0,120,0.0,100.0
2026-W17,voice,Bengaluru,Returns Desk,1.0,Morning,A3037,Rahul Sen,1,0,64.0,64.0,120,0.0,100.0
2026-W17,voice,Bengaluru,Voice Frontline,1.0,Day,A3023,Rahul Khanna,6,2,80.0,51.5,120,33.33333333333333,66.66666666666667
2026-W17,voice,Bengaluru,Voice Frontline,1.0,Morning,A3024,Kunal Khanna,4,1,65.0,34.5,120,25.0,75.0
2026-W17,voice,Bengaluru,Voice Frontline,1.0,Morning,A3025,Lobsang Rao,4,2,103.75,87.5,120,50.0,50.0
2026-W17,voice,Indore,Billing,1.0,Morning,A3032,Aadhya Sheikh,1,0,27.0,27.0,120,0.0,100.0
2026-W17,voice,Indore,Logistics,1.0,Morning,A3028,Krishna Kaur,1,0,21.0,21.0,120,0.0,100.0
2026-W18,chat,Bengaluru,Billing,1.0,Day,A3034,Thomas Patel,5,1,93.8,7.0,15,20.0,80.0
2026-W18,chat,Bengaluru,Billing,1.0,Morning,A3033,Amit Kulkarni,2,1,222.5,222.5,15,50.0,50.0
2026-W18,chat,Bengaluru,Chat Frontline,1.0,Day,A3004,Krishna Naidu,5,0,7.2,9.0,15,0.0,100.0
2026-W18,chat,Bengaluru,Chat Frontline,1.0,Day,A3006,Lakshmi Reddy,1,0,3.0,3.0,15,0.0,100.0
2026-W18,chat,Bengaluru,Chat Frontline,1.0,Day,A3012,Lakshmi Sethi,2,0,2.0,2.0,15,0.0,100.0
2026-W18,chat,Bengaluru,Chat Frontline,1.0,Day,A3015,Yash Agarwal,2,1,13.0,13.0,15,50.0,50.0
2026-W18,chat,Bengaluru,Chat Frontline,1.0,Morning,A3005,Sameer Joshi,3,0,1.3333333333333333,1.0,15,0.0,100.0
2026-W18,chat,Bengaluru,Chat Frontline,1.0,Morning,A3007,Neha Gaikwad,1,1,425.0,425.0,15,100.0,0.0
2026-W18,chat,Bengaluru,Chat Frontline,1.0,Morning,A3009,Ramesh Patel,7,4,237.28571428571428,284.0,15,57.14285714285714,42.85714285714286
2026-W18,chat,Bengaluru,Chat Frontline,1.0,Morning,A3014,Diya Patil,1,0,3.0,3.0,15,0.0,100.0
2026-W18,chat,Bengaluru,Email Frontline,1.0,Morning,A3019,Sai Sandhu,1,0,12.0,12.0,15,0.0,100.0
2026-W18,chat,Bengaluru,Escalations & Warranty,2.0,Day,A3040,Thomas Arora,1,0,8.0,8.0,15,0.0,100.0
2026-W18,chat,Bengaluru,Escalations & Warranty,2.0,Morning,A3039,Riya Gaikwad,1,0,2.0,2.0,15,0.0,100.0
2026-W18,chat,Bengaluru,Logistics,1.0,Day,A3029,Rajat Iyer,2,0,5.0,5.0,15,0.0,100.0
2026-W18,chat,Bengaluru,Logistics,1.0,Day,A3030,Sunita Srivastava,1,0,1.0,1.0,15,0.0,100.0
2026-W18,chat,Bengaluru,Logistics,1.0,Morning,A3031,Om Malhotra,4,1,84.5,3.5,15,25.0,75.0
2026-W18,chat,Bengaluru,Returns Desk,1.0,Morning,A3037,Rahul Sen,2,1,227.5,227.5,15,50.0,50.0
2026-W18,chat,Indore,Billing,1.0,Morning,A3032,Aadhya Sheikh,3,0,1.6666666666666667,1.0,15,0.0,100.0
2026-W18,chat,Indore,Chat Frontline,1.0,Day,A3002,Tarun Mishra,2,0,2.0,2.0,15,0.0,100.0
2026-W18,chat,Indore,Chat Frontline,1.0,Day,A3003,Harpreet Deshpande,3,0,4.666666666666667,2.0,15,0.0,100.0
2026-W18,chat,Indore,Chat Frontline,1.0,Morning,A3008,Steven Kaur,3,3,107.0,94.0,15,100.0,0.0
2026-W18,chat,Indore,Chat Frontline,1.0,Morning,A3010,Neha Chatterjee,3,1,124.0,4.0,15,33.33333333333333,66.66666666666667
2026-W18,chat,Indore,Chat Frontline,1.0,Morning,A3011,Karan Roy,1,1,481.0,481.0,15,100.0,0.0
2026-W18,chat,Indore,Chat Frontline,1.0,Morning,A3013,Ritika Chatterjee,4,3,135.5,110.0,15,75.0,25.0
2026-W18,chat,Indore,Escalations & Warranty,2.0,Day,A3041,Riya Fernandes,1,0,9.0,9.0,15,0.0,100.0
2026-W18,chat,Indore,Logistics,1.0,Day,A3027,Dev Chatterjee,1,0,8.0,8.0,15,0.0,100.0
2026-W18,chat,Indore,Logistics,1.0,Morning,A3028,Krishna Kaur,7,4,222.28571428571428,197.0,15,57.14285714285714,42.85714285714286
2026-W18,email,Bengaluru,Billing,1.0,Morning,A3035,Rohit Mukherjee,2,1,386.5,386.5,480,50.0,50.0
2026-W18,email,Bengaluru,Email Frontline,1.0,Day,A3020,Ramesh Ghosh,4,0,277.75,250.5,480,0.0,100.0
2026-W18,email,Bengaluru,Email Frontline,1.0,Day,A3021,Aditya Dhillon,2,0,62.0,62.0,480,0.0,100.0
2026-W18,email,Bengaluru,Email Frontline,1.0,Day,A3022,Steven Tiwari,7,1,223.28571428571428,186.0,480,14.285714285714285,85.71428571428572
2026-W18,email,Bengaluru,Email Frontline,1.0,Morning,A3018,Farah Sheikh,11,2,274.27272727272725,258.0,480,18.181818181818183,81.81818181818181
2026-W18,email,Bengaluru,Email Frontline,1.0,Morning,A3019,Sai Sandhu,9,4,524.6666666666666,470.0,480,44.44444444444444,55.55555555555556
2026-W18,email,Bengaluru,Escalations & Warranty,2.0,Day,A3042,Steven Chopra,1,1,1586.0,1586.0,480,100.0,0.0
2026-W18,email,Bengaluru,Escalations & Warranty,2.0,Morning,A3043,Rohit Jain,2,1,350.0,350.0,480,50.0,50.0
2026-W18,email,Bengaluru,Logistics,1.0,Day,A3029,Rajat Iyer,4,0,162.5,180.0,480,0.0,100.0
2026-W18,email,Bengaluru,Logistics,1.0,Morning,A3031,Om Malhotra,3,2,450.6666666666667,634.0,480,66.66666666666666,33.33333333333334
2026-W18,email,Bengaluru,Returns Desk,1.0,Day,A3036,Rohit Shinde,3,1,359.0,385.0,480,33.33333333333333,66.66666666666667
2026-W18,email,Bengaluru,Returns Desk,1.0,Day,A3038,Amit Yadav,2,1,466.0,466.0,480,50.0,50.0
2026-W18,email,Bengaluru,Returns Desk,1.0,Morning,A3037,Rahul Sen,5,0,190.2,167.0,480,0.0,100.0
2026-W18,email,Indore,Billing,1.0,Morning,A3032,Aadhya Sheikh,3,0,192.66666666666666,261.0,480,0.0,100.0
2026-W18,email,Indore,Chat Frontline,1.0,Morning,A3010,Neha Chatterjee,1,1,517.0,517.0,480,100.0,0.0
2026-W18,email,Indore,Chat Frontline,1.0,Morning,A3013,Ritika Chatterjee,1,1,628.0,628.0,480,100.0,0.0
2026-W18,email,Indore,Logistics,1.0,Day,A3027,Dev Chatterjee,2,1,924.0,924.0,480,50.0,50.0
2026-W18,email,Indore,Logistics,1.0,Morning,A3028,Krishna Kaur,3,2,423.3333333333333,509.0,480,66.66666666666666,33.33333333333334
2026-W18,social,Bengaluru,Billing,1.0,Day,A3034,Thomas Patel,1,0,37.0,37.0,240,0.0,100.0
2026-W18,social,Bengaluru,Billing,1.0,Morning,A3033,Amit Kulkarni,1,0,162.0,162.0,240,0.0,100.0
2026-W18,social,Bengaluru,Chat Frontline,1.0,Day,A3004,Krishna Naidu,2,0,129.0,129.0,240,0.0,100.0
2026-W18,social,Bengaluru,Chat Frontline,1.0,Day,A3006,Lakshmi Reddy,2,0,99.5,99.5,240,0.0,100.0
2026-W18,social,Bengaluru,Chat Frontline,1.0,Morning,A3009,Ramesh Patel,1,0,102.0,102.0,240,0.0,100.0
2026-W18,social,Bengaluru,Chat Frontline,1.0,Morning,A3014,Diya Patil,2,0,97.5,97.5,240,0.0,100.0
2026-W18,social,Bengaluru,Email Frontline,1.0,Day,A3022,Steven Tiwari,1,0,60.0,60.0,240,0.0,100.0
2026-W18,social,Bengaluru,Escalations & Warranty,2.0,Morning,A3039,Riya Gaikwad,1,1,534.0,534.0,240,100.0,0.0
2026-W18,social,Bengaluru,Escalations & Warranty,2.0,Morning,A3043,Rohit Jain,1,0,104.0,104.0,240,0.0,100.0
2026-W18,social,Bengaluru,Logistics,1.0,Day,A3029,Rajat Iyer,1,0,240.0,240.0,240,0.0,100.0
2026-W18,social,Bengaluru,Logistics,1.0,Morning,A3031,Om Malhotra,1,0,107.0,107.0,240,0.0,100.0
2026-W18,social,Bengaluru,Returns Desk,1.0,Day,A3038,Amit Yadav,2,0,143.5,143.5,240,0.0,100.0
2026-W18,social,Bengaluru,Returns Desk,1.0,Morning,A3037,Rahul Sen,2,0,45.5,45.5,240,0.0,100.0
2026-W18,social,Indore,Chat Frontline,1.0,Day,A3002,Tarun Mishra,1,0,32.0,32.0,240,0.0,100.0
2026-W18,social,Indore,Chat Frontline,1.0,Morning,A3010,Neha Chatterjee,1,1,437.0,437.0,240,100.0,0.0
2026-W18,social,Indore,Chat Frontline,1.0,Morning,A3013,Ritika Chatterjee,1,0,65.0,65.0,240,0.0,100.0
2026-W18,social,Indore,Logistics,1.0,Day,A3027,Dev Chatterjee,1,0,94.0,94.0,240,0.0,100.0
2026-W18,voice,Bengaluru,Billing,1.0,Day,A3034,Thomas Patel,4,1,78.0,44.0,120,25.0,75.0
2026-W18,voice,Bengaluru,Billing,1.0,Morning,A3035,Rohit Mukherjee,1,0,13.0,13.0,120,0.0,100.0
2026-W18,voice,Bengaluru,Escalations & Warranty,2.0,Day,A3042,Steven Chopra,1,0,102.0,102.0,120,0.0,100.0
2026-W18,voice,Bengaluru,Logistics,1.0,Day,A3029,Rajat Iyer,1,0,3.0,3.0,120,0.0,100.0
2026-W18,voice,Bengaluru,Logistics,1.0,Day,A3030,Sunita Srivastava,1,0,54.0,54.0,120,0.0,100.0
2026-W18,voice,Bengaluru,Voice Frontline,1.0,Day,A3023,Rahul Khanna,4,0,31.75,28.0,120,0.0,100.0
2026-W18,voice,Bengaluru,Voice Frontline,1.0,Day,A3026,Lakshmi Qureshi,4,1,75.75,53.0,120,25.0,75.0
2026-W18,voice,Bengaluru,Voice Frontline,1.0,Morning,A3024,Kunal Khanna,3,0,20.333333333333332,18.0,120,0.0,100.0
2026-W18,voice,Bengaluru,Voice Frontline,1.0,Morning,A3025,Lobsang Rao,4,0,29.75,30.5,120,0.0,100.0
2026-W18,voice,Indore,Logistics,1.0,Day,A3027,Dev Chatterjee,2,0,16.5,16.5,120,0.0,100.0
2026-W19,chat,Bengaluru,Billing,1.0,Day,A3034,Thomas Patel,3,0,8.666666666666666,10.0,15,0.0,100.0
2026-W19,chat,Bengaluru,Billing,1.0,Morning,A3033,Amit Kulkarni,5,2,189.2,3.0,15,40.0,60.0
2026-W19,chat,Bengaluru,Billing,1.0,Morning,A3035,Rohit Mukherjee,1,0,1.0,1.0,15,0.0,100.0
2026-W19,chat,Bengaluru,Chat Frontline,1.0,Day,A3004,Krishna Naidu,1,0,2.0,2.0,15,0.0,100.0
2026-W19,chat,Bengaluru,Chat Frontline,1.0,Day,A3006,Lakshmi Reddy,1,0,11.0,11.0,15,0.0,100.0
2026-W19,chat,Bengaluru,Chat Frontline,1.0,Day,A3012,Lakshmi Sethi,4,0,4.25,2.5,15,0.0,100.0
2026-W19,chat,Bengaluru,Chat Frontline,1.0,Day,A3015,Yash Agarwal,3,0,3.0,3.0,15,0.0,100.0
2026-W19,chat,Bengaluru,Chat Frontline,1.0,Morning,A3005,Sameer Joshi,4,2,144.0,42.0,15,50.0,50.0
2026-W19,chat,Bengaluru,Chat Frontline,1.0,Morning,A3007,Neha Gaikwad,6,2,121.83333333333333,8.5,15,33.33333333333333,66.66666666666667
2026-W19,chat,Bengaluru,Chat Frontline,1.0,Morning,A3009,Ramesh Patel,4,3,221.5,194.0,15,75.0,25.0
2026-W19,chat,Bengaluru,Chat Frontline,1.0,Morning,A3014,Diya Patil,2,1,223.5,223.5,15,50.0,50.0
2026-W19,chat,Bengaluru,Escalations & Warranty,2.0,Day,A3042,Steven Chopra,1,0,2.0,2.0,15,0.0,100.0
2026-W19,chat,Bengaluru,Escalations & Warranty,2.0,Day,A3044,Kunal Malhotra,1,0,13.0,13.0,15,0.0,100.0
2026-W19,chat,Bengaluru,Escalations & Warranty,2.0,Morning,A3039,Riya Gaikwad,1,0,4.0,4.0,15,0.0,100.0
2026-W19,chat,Bengaluru,Escalations & Warranty,2.0,Morning,A3043,Rohit Jain,1,0,0.0,0.0,15,0.0,100.0
2026-W19,chat,Bengaluru,Logistics,1.0,Day,A3029,Rajat Iyer,1,0,1.0,1.0,15,0.0,100.0
2026-W19,chat,Bengaluru,Logistics,1.0,Morning,A3031,Om Malhotra,1,0,1.0,1.0,15,0.0,100.0
2026-W19,chat,Bengaluru,Returns Desk,1.0,Day,A3036,Rohit Shinde,3,0,9.0,9.0,15,0.0,100.0
2026-W19,chat,Bengaluru,Returns Desk,1.0,Day,A3038,Amit Yadav,1,0,4.0,4.0,15,0.0,100.0
2026-W19,chat,Bengaluru,Returns Desk,1.0,Morning,A3037,Rahul Sen,4,2,225.25,193.5,15,50.0,50.0
2026-W19,chat,Indore,Billing,1.0,Morning,A3032,Aadhya Sheikh,2,0,3.0,3.0,15,0.0,100.0
2026-W19,chat,Indore,Chat Frontline,1.0,Day,A3002,Tarun Mishra,2,0,6.5,6.5,15,0.0,100.0
2026-W19,chat,Indore,Chat Frontline,1.0,Day,A3003,Harpreet Deshpande,2,0,4.0,4.0,15,0.0,100.0
2026-W19,chat,Indore,Chat Frontline,1.0,Morning,A3008,Steven Kaur,3,0,8.0,6.0,15,0.0,100.0
2026-W19,chat,Indore,Chat Frontline,1.0,Morning,A3010,Neha Chatterjee,1,0,1.0,1.0,15,0.0,100.0
2026-W19,chat,Indore,Chat Frontline,1.0,Morning,A3011,Karan Roy,1,1,452.0,452.0,15,100.0,0.0
2026-W19,chat,Indore,Chat Frontline,1.0,Morning,A3013,Ritika Chatterjee,3,2,215.0,255.0,15,66.66666666666666,33.33333333333334
2026-W19,chat,Indore,Escalations & Warranty,2.0,Day,A3041,Riya Fernandes,1,0,5.0,5.0,15,0.0,100.0
2026-W19,chat,Indore,Logistics,1.0,Morning,A3028,Krishna Kaur,1,1,391.0,391.0,15,100.0,0.0
2026-W19,email,Bengaluru,Billing,1.0,Day,A3034,Thomas Patel,3,0,210.0,119.0,480,0.0,100.0
2026-W19,email,Bengaluru,Billing,1.0,Morning,A3035,Rohit Mukherjee,3,1,338.6666666666667,332.0,480,33.33333333333333,66.66666666666667
2026-W19,email,Bengaluru,Email Frontline,1.0,Day,A3020,Ramesh Ghosh,1,0,116.0,116.0,480,0.0,100.0
2026-W19,email,Bengaluru,Email Frontline,1.0,Day,A3021,Aditya Dhillon,6,1,172.16666666666666,118.5,480,16.666666666666664,83.33333333333334
2026-W19,email,Bengaluru,Email Frontline,1.0,Day,A3022,Steven Tiwari,3,0,73.0,57.0,480,0.0,100.0
2026-W19,email,Bengaluru,Email Frontline,1.0,Morning,A3018,Farah Sheikh,8,3,331.625,377.5,480,37.5,62.5
2026-W19,email,Bengaluru,Email Frontline,1.0,Morning,A3019,Sai Sandhu,11,3,309.6363636363636,298.0,480,27.27272727272727,72.72727272727273
2026-W19,email,Bengaluru,Escalations & Warranty,2.0,Morning,A3039,Riya Gaikwad,1,1,909.0,909.0,480,100.0,0.0
2026-W19,email,Bengaluru,Escalations & Warranty,2.0,Morning,A3043,Rohit Jain,2,1,354.0,354.0,480,50.0,50.0
2026-W19,email,Bengaluru,Logistics,1.0,Day,A3029,Rajat Iyer,1,0,374.0,374.0,480,0.0,100.0
2026-W19,email,Bengaluru,Logistics,1.0,Day,A3030,Sunita Srivastava,1,0,31.0,31.0,480,0.0,100.0
2026-W19,email,Bengaluru,Logistics,1.0,Morning,A3031,Om Malhotra,8,3,463.75,381.0,480,37.5,62.5
2026-W19,email,Bengaluru,Returns Desk,1.0,Day,A3036,Rohit Shinde,2,0,263.5,263.5,480,0.0,100.0
2026-W19,email,Bengaluru,Returns Desk,1.0,Day,A3038,Amit Yadav,1,0,124.0,124.0,480,0.0,100.0
2026-W19,email,Bengaluru,Returns Desk,1.0,Morning,A3037,Rahul Sen,3,1,228.33333333333334,105.0,480,33.33333333333333,66.66666666666667
2026-W19,email,Indore,Billing,1.0,Morning,A3032,Aadhya Sheikh,4,0,217.5,224.0,480,0.0,100.0
2026-W19,email,Indore,Logistics,1.0,Day,A3027,Dev Chatterjee,2,1,694.5,694.5,480,50.0,50.0
2026-W19,email,Indore,Logistics,1.0,Morning,A3028,Krishna Kaur,3,0,308.3333333333333,306.0,480,0.0,100.0
2026-W19,social,Bengaluru,Billing,1.0,Day,A3034,Thomas Patel,1,0,7.0,7.0,240,0.0,100.0
2026-W19,social,Bengaluru,Billing,1.0,Morning,A3035,Rohit Mukherjee,1,0,50.0,50.0,240,0.0,100.0
2026-W19,social,Bengaluru,Chat Frontline,1.0,Day,A3004,Krishna Naidu,1,0,140.0,140.0,240,0.0,100.0
2026-W19,social,Bengaluru,Chat Frontline,1.0,Day,A3006,Lakshmi Reddy,2,0,123.0,123.0,240,0.0,100.0
2026-W19,social,Bengaluru,Chat Frontline,1.0,Day,A3012,Lakshmi Sethi,1,0,70.0,70.0,240,0.0,100.0
2026-W19,social,Bengaluru,Chat Frontline,1.0,Day,A3015,Yash Agarwal,1,0,212.0,212.0,240,0.0,100.0
2026-W19,social,Bengaluru,Chat Frontline,1.0,Morning,A3005,Sameer Joshi,2,2,421.5,421.5,240,100.0,0.0
2026-W19,social,Bengaluru,Chat Frontline,1.0,Morning,A3007,Neha Gaikwad,1,0,237.0,237.0,240,0.0,100.0
2026-W19,social,Bengaluru,Escalations & Warranty,2.0,Morning,A3043,Rohit Jain,1,0,58.0,58.0,240,0.0,100.0
2026-W19,social,Bengaluru,Returns Desk,1.0,Morning,A3037,Rahul Sen,1,0,83.0,83.0,240,0.0,100.0
2026-W19,social,Indore,Chat Frontline,1.0,Morning,A3011,Karan Roy,1,1,399.0,399.0,240,100.0,0.0
2026-W19,social,Indore,Chat Frontline,1.0,Morning,A3013,Ritika Chatterjee,1,1,541.0,541.0,240,100.0,0.0
2026-W19,social,Indore,Logistics,1.0,Day,A3027,Dev Chatterjee,1,0,26.0,26.0,240,0.0,100.0
2026-W19,social,Indore,Logistics,1.0,Morning,A3028,Krishna Kaur,1,0,134.0,134.0,240,0.0,100.0
2026-W19,voice,Bengaluru,Billing,1.0,Morning,A3035,Rohit Mukherjee,1,0,20.0,20.0,120,0.0,100.0
2026-W19,voice,Bengaluru,Escalations & Warranty,2.0,Day,A3044,Kunal Malhotra,2,0,52.5,52.5,120,0.0,100.0
2026-W19,voice,Bengaluru,Returns Desk,1.0,Day,A3036,Rohit Shinde,1,0,26.0,26.0,120,0.0,100.0
2026-W19,voice,Bengaluru,Returns Desk,1.0,Day,A3038,Amit Yadav,1,0,62.0,62.0,120,0.0,100.0
2026-W19,voice,Bengaluru,Returns Desk,1.0,Morning,A3037,Rahul Sen,1,0,56.0,56.0,120,0.0,100.0
2026-W19,voice,Bengaluru,Voice Frontline,1.0,Day,A3023,Rahul Khanna,2,0,42.0,42.0,120,0.0,100.0
2026-W19,voice,Bengaluru,Voice Frontline,1.0,Day,A3026,Lakshmi Qureshi,3,0,61.666666666666664,62.0,120,0.0,100.0
2026-W19,voice,Bengaluru,Voice Frontline,1.0,Morning,A3024,Kunal Khanna,2,0,30.0,30.0,120,0.0,100.0
2026-W19,voice,Bengaluru,Voice Frontline,1.0,Morning,A3025,Lobsang Rao,2,0,44.0,44.0,120,0.0,100.0
2026-W20,chat,Bengaluru,Billing,1.0,Day,A3034,Thomas Patel,7,1,5.857142857142857,3.0,15,14.285714285714285,85.71428571428572
2026-W20,chat,Bengaluru,Billing,1.0,Morning,A3033,Amit Kulkarni,3,2,327.6666666666667,462.0,15,66.66666666666666,33.33333333333334
2026-W20,chat,Bengaluru,Billing,1.0,Morning,A3035,Rohit Mukherjee,2,1,30.0,30.0,15,50.0,50.0
2026-W20,chat,Bengaluru,Chat Frontline,1.0,Day,A3004,Krishna Naidu,1,0,14.0,14.0,15,0.0,100.0
2026-W20,chat,Bengaluru,Chat Frontline,1.0,Day,A3006,Lakshmi Reddy,3,1,17.0,9.0,15,33.33333333333333,66.66666666666667
2026-W20,chat,Bengaluru,Chat Frontline,1.0,Day,A3012,Lakshmi Sethi,2,0,7.5,7.5,15,0.0,100.0
2026-W20,chat,Bengaluru,Chat Frontline,1.0,Day,A3015,Yash Agarwal,3,0,3.3333333333333335,2.0,15,0.0,100.0
2026-W20,chat,Bengaluru,Chat Frontline,1.0,Morning,A3005,Sameer Joshi,2,1,243.0,243.0,15,50.0,50.0
2026-W20,chat,Bengaluru,Chat Frontline,1.0,Morning,A3007,Neha Gaikwad,3,2,294.3333333333333,390.0,15,66.66666666666666,33.33333333333334
2026-W20,chat,Bengaluru,Chat Frontline,1.0,Morning,A3009,Ramesh Patel,4,2,117.25,30.5,15,50.0,50.0
2026-W20,chat,Bengaluru,Chat Frontline,1.0,Morning,A3014,Diya Patil,2,0,5.5,5.5,15,0.0,100.0
2026-W20,chat,Bengaluru,Email Frontline,1.0,Day,A3022,Steven Tiwari,1,0,4.0,4.0,15,0.0,100.0
2026-W20,chat,Bengaluru,Email Frontline,1.0,Morning,A3019,Sai Sandhu,1,0,5.0,5.0,15,0.0,100.0
2026-W20,chat,Bengaluru,Escalations & Warranty,2.0,Day,A3040,Thomas Arora,2,0,11.5,11.5,15,0.0,100.0
2026-W20,chat,Bengaluru,Escalations & Warranty,2.0,Day,A3044,Kunal Malhotra,2,0,3.0,3.0,15,0.0,100.0
2026-W20,chat,Bengaluru,Escalations & Warranty,2.0,Morning,A3039,Riya Gaikwad,2,1,233.0,233.0,15,50.0,50.0
2026-W20,chat,Bengaluru,Escalations & Warranty,2.0,Morning,A3043,Rohit Jain,2,1,10.5,10.5,15,50.0,50.0
2026-W20,chat,Bengaluru,Logistics,1.0,Day,A3029,Rajat Iyer,1,0,10.0,10.0,15,0.0,100.0
2026-W20,chat,Bengaluru,Logistics,1.0,Day,A3030,Sunita Srivastava,1,0,2.0,2.0,15,0.0,100.0
2026-W20,chat,Bengaluru,Logistics,1.0,Morning,A3031,Om Malhotra,6,3,201.0,152.0,15,50.0,50.0
2026-W20,chat,Bengaluru,Returns Desk,1.0,Day,A3036,Rohit Shinde,1,0,6.0,6.0,15,0.0,100.0
2026-W20,chat,Bengaluru,Returns Desk,1.0,Day,A3038,Amit Yadav,1,1,34.0,34.0,15,100.0,0.0
2026-W20,chat,Bengaluru,Returns Desk,1.0,Morning,A3037,Rahul Sen,5,4,312.2,358.0,15,80.0,20.0
2026-W20,chat,Indore,Billing,1.0,Morning,A3032,Aadhya Sheikh,2,2,463.5,463.5,15,100.0,0.0
2026-W20,chat,Indore,Chat Frontline,1.0,Day,A3002,Tarun Mishra,2,0,5.5,5.5,15,0.0,100.0
2026-W20,chat,Indore,Chat Frontline,1.0,Day,A3003,Harpreet Deshpande,3,2,17.0,22.0,15,66.66666666666666,33.33333333333334
2026-W20,chat,Indore,Chat Frontline,1.0,Morning,A3008,Steven Kaur,3,1,135.66666666666666,4.0,15,33.33333333333333,66.66666666666667
2026-W20,chat,Indore,Chat Frontline,1.0,Morning,A3010,Neha Chatterjee,3,2,302.3333333333333,432.0,15,66.66666666666666,33.33333333333334
2026-W20,chat,Indore,Chat Frontline,1.0,Morning,A3011,Karan Roy,4,2,239.75,219.0,15,50.0,50.0
2026-W20,chat,Indore,Logistics,1.0,Day,A3027,Dev Chatterjee,1,0,2.0,2.0,15,0.0,100.0
2026-W20,chat,Indore,Logistics,1.0,Morning,A3028,Krishna Kaur,8,5,263.25,334.5,15,62.5,37.5
2026-W20,email,Bengaluru,Billing,1.0,Morning,A3033,Amit Kulkarni,2,0,35.5,35.5,480,0.0,100.0
2026-W20,email,Bengaluru,Email Frontline,1.0,Day,A3020,Ramesh Ghosh,1,0,68.0,68.0,480,0.0,100.0
2026-W20,email,Bengaluru,Email Frontline,1.0,Day,A3021,Aditya Dhillon,6,1,479.1666666666667,252.5,480,16.666666666666664,83.33333333333334
2026-W20,email,Bengaluru,Email Frontline,1.0,Day,A3022,Steven Tiwari,8,2,316.75,181.5,480,25.0,75.0
2026-W20,email,Bengaluru,Email Frontline,1.0,Morning,A3018,Farah Sheikh,5,1,339.4,349.0,480,20.0,80.0
2026-W20,email,Bengaluru,Email Frontline,1.0,Morning,A3019,Sai Sandhu,8,2,301.75,314.5,480,25.0,75.0
2026-W20,email,Bengaluru,Escalations & Warranty,2.0,Day,A3042,Steven Chopra,1,0,210.0,210.0,480,0.0,100.0
2026-W20,email,Bengaluru,Escalations & Warranty,2.0,Morning,A3039,Riya Gaikwad,2,1,336.5,336.5,480,50.0,50.0
2026-W20,email,Bengaluru,Escalations & Warranty,2.0,Morning,A3043,Rohit Jain,1,0,233.0,233.0,480,0.0,100.0
2026-W20,email,Bengaluru,Logistics,1.0,Day,A3029,Rajat Iyer,1,0,147.0,147.0,480,0.0,100.0
2026-W20,email,Bengaluru,Logistics,1.0,Day,A3030,Sunita Srivastava,1,0,55.0,55.0,480,0.0,100.0
2026-W20,email,Bengaluru,Logistics,1.0,Morning,A3031,Om Malhotra,2,1,1176.5,1176.5,480,50.0,50.0
2026-W20,email,Bengaluru,Returns Desk,1.0,Day,A3036,Rohit Shinde,1,0,203.0,203.0,480,0.0,100.0
2026-W20,email,Bengaluru,Returns Desk,1.0,Day,A3038,Amit Yadav,3,0,118.0,64.0,480,0.0,100.0
2026-W20,email,Bengaluru,Returns Desk,1.0,Morning,A3037,Rahul Sen,3,1,480.6666666666667,430.0,480,33.33333333333333,66.66666666666667
2026-W20,email,Indore,Billing,1.0,Morning,A3032,Aadhya Sheikh,1,0,283.0,283.0,480,0.0,100.0
2026-W20,email,Indore,Logistics,1.0,Day,A3027,Dev Chatterjee,1,0,207.0,207.0,480,0.0,100.0
2026-W20,email,Indore,Logistics,1.0,Morning,A3028,Krishna Kaur,3,1,384.0,469.0,480,33.33333333333333,66.66666666666667
2026-W20,social,Bengaluru,Billing,1.0,Day,A3034,Thomas Patel,1,0,102.0,102.0,240,0.0,100.0
2026-W20,social,Bengaluru,Billing,1.0,Morning,A3035,Rohit Mukherjee,1,0,109.0,109.0,240,0.0,100.0
2026-W20,social,Bengaluru,Chat Frontline,1.0,Day,A3015,Yash Agarwal,1,0,113.0,113.0,240,0.0,100.0
2026-W20,social,Bengaluru,Chat Frontline,1.0,Morning,A3005,Sameer Joshi,1,0,87.0,87.0,240,0.0,100.0
2026-W20,social,Bengaluru,Chat Frontline,1.0,Morning,A3009,Ramesh Patel,1,0,139.0,139.0,240,0.0,100.0
2026-W20,social,Bengaluru,Logistics,1.0,Day,A3029,Rajat Iyer,1,0,100.0,100.0,240,0.0,100.0
2026-W20,social,Bengaluru,Logistics,1.0,Morning,A3031,Om Malhotra,1,0,56.0,56.0,240,0.0,100.0
2026-W20,social,Bengaluru,Returns Desk,1.0,Day,A3038,Amit Yadav,1,0,51.0,51.0,240,0.0,100.0
2026-W20,social,Bengaluru,Returns Desk,1.0,Morning,A3037,Rahul Sen,2,2,431.5,431.5,240,100.0,0.0
2026-W20,social,Indore,Billing,1.0,Morning,A3032,Aadhya Sheikh,1,0,36.0,36.0,240,0.0,100.0
2026-W20,social,Indore,Chat Frontline,1.0,Morning,A3010,Neha Chatterjee,1,0,171.0,171.0,240,0.0,100.0
2026-W20,voice,Bengaluru,Billing,1.0,Day,A3034,Thomas Patel,4,1,56.25,27.0,120,25.0,75.0
2026-W20,voice,Bengaluru,Billing,1.0,Morning,A3035,Rohit Mukherjee,1,0,16.0,16.0,120,0.0,100.0
2026-W20,voice,Bengaluru,Escalations & Warranty,2.0,Day,A3040,Thomas Arora,1,0,33.0,33.0,120,0.0,100.0
2026-W20,voice,Bengaluru,Logistics,1.0,Morning,A3031,Om Malhotra,1,0,13.0,13.0,120,0.0,100.0
2026-W20,voice,Bengaluru,Returns Desk,1.0,Day,A3038,Amit Yadav,1,0,83.0,83.0,120,0.0,100.0
2026-W20,voice,Bengaluru,Returns Desk,1.0,Morning,A3037,Rahul Sen,1,0,30.0,30.0,120,0.0,100.0
2026-W20,voice,Bengaluru,Voice Frontline,1.0,Day,A3023,Rahul Khanna,3,0,24.333333333333332,19.0,120,0.0,100.0
2026-W20,voice,Bengaluru,Voice Frontline,1.0,Day,A3026,Lakshmi Qureshi,8,0,41.625,36.0,120,0.0,100.0
2026-W20,voice,Bengaluru,Voice Frontline,1.0,Morning,A3024,Kunal Khanna,2,0,20.0,20.0,120,0.0,100.0
2026-W20,voice,Bengaluru,Voice Frontline,1.0,Morning,A3025,Lobsang Rao,1,0,89.0,89.0,120,0.0,100.0
2026-W20,voice,Indore,Logistics,1.0,Day,A3027,Dev Chatterjee,2,0,42.5,42.5,120,0.0,100.0
2026-W20,voice,Indore,Logistics,1.0,Morning,A3028,Krishna Kaur,2,0,26.5,26.5,120,0.0,100.0
2026-W21,chat,Bengaluru,Billing,1.0,Day,A3034,Thomas Patel,8,0,5.25,4.0,15,0.0,100.0
2026-W21,chat,Bengaluru,Billing,1.0,Morning,A3033,Amit Kulkarni,2,2,60.5,60.5,15,100.0,0.0
2026-W21,chat,Bengaluru,Billing,1.0,Morning,A3035,Rohit Mukherjee,1,0,10.0,10.0,15,0.0,100.0
2026-W21,chat,Bengaluru,Chat Frontline,1.0,Day,A3004,Krishna Naidu,2,0,4.0,4.0,15,0.0,100.0
2026-W21,chat,Bengaluru,Chat Frontline,1.0,Day,A3006,Lakshmi Reddy,2,0,3.0,3.0,15,0.0,100.0
2026-W21,chat,Bengaluru,Chat Frontline,1.0,Day,A3012,Lakshmi Sethi,3,1,11.333333333333334,8.0,15,33.33333333333333,66.66666666666667
2026-W21,chat,Bengaluru,Chat Frontline,1.0,Day,A3015,Yash Agarwal,1,1,24.0,24.0,15,100.0,0.0
2026-W21,chat,Bengaluru,Chat Frontline,1.0,Morning,A3005,Sameer Joshi,3,3,438.6666666666667,452.0,15,100.0,0.0
2026-W21,chat,Bengaluru,Chat Frontline,1.0,Morning,A3007,Neha Gaikwad,5,3,233.0,210.0,15,60.0,40.0
2026-W21,chat,Bengaluru,Chat Frontline,1.0,Morning,A3009,Ramesh Patel,4,3,328.75,412.0,15,75.0,25.0
2026-W21,chat,Bengaluru,Chat Frontline,1.0,Morning,A3014,Diya Patil,4,2,142.5,58.0,15,50.0,50.0
2026-W21,chat,Bengaluru,Email Frontline,1.0,Morning,A3018,Farah Sheikh,1,0,8.0,8.0,15,0.0,100.0
2026-W21,chat,Bengaluru,Email Frontline,1.0,Morning,A3019,Sai Sandhu,1,1,412.0,412.0,15,100.0,0.0
2026-W21,chat,Bengaluru,Escalations & Warranty,2.0,Day,A3040,Thomas Arora,1,0,1.0,1.0,15,0.0,100.0
2026-W21,chat,Bengaluru,Escalations & Warranty,2.0,Day,A3042,Steven Chopra,1,0,5.0,5.0,15,0.0,100.0
2026-W21,chat,Bengaluru,Escalations & Warranty,2.0,Day,A3044,Kunal Malhotra,1,0,0.0,0.0,15,0.0,100.0
2026-W21,chat,Bengaluru,Escalations & Warranty,2.0,Morning,A3039,Riya Gaikwad,2,0,11.0,11.0,15,0.0,100.0
2026-W21,chat,Bengaluru,Logistics,1.0,Day,A3030,Sunita Srivastava,3,0,1.6666666666666667,2.0,15,0.0,100.0
2026-W21,chat,Bengaluru,Logistics,1.0,Morning,A3031,Om Malhotra,3,3,450.0,437.0,15,100.0,0.0
2026-W21,chat,Bengaluru,Returns Desk,1.0,Day,A3036,Rohit Shinde,2,0,5.5,5.5,15,0.0,100.0
2026-W21,chat,Bengaluru,Returns Desk,1.0,Day,A3038,Amit Yadav,1,0,12.0,12.0,15,0.0,100.0
2026-W21,chat,Bengaluru,Returns Desk,1.0,Morning,A3037,Rahul Sen,4,2,121.25,13.5,15,50.0,50.0
2026-W21,chat,Indore,Billing,1.0,Morning,A3032,Aadhya Sheikh,1,1,522.0,522.0,15,100.0,0.0
2026-W21,chat,Indore,Chat Frontline,1.0,Day,A3002,Tarun Mishra,6,1,8.0,5.0,15,16.666666666666664,83.33333333333334
2026-W21,chat,Indore,Chat Frontline,1.0,Day,A3003,Harpreet Deshpande,1,0,5.0,5.0,15,0.0,100.0
2026-W21,chat,Indore,Chat Frontline,1.0,Morning,A3008,Steven Kaur,1,1,314.0,314.0,15,100.0,0.0
2026-W21,chat,Indore,Chat Frontline,1.0,Morning,A3010,Neha Chatterjee,2,1,14.5,14.5,15,50.0,50.0
2026-W21,chat,Indore,Chat Frontline,1.0,Morning,A3011,Karan Roy,2,1,219.5,219.5,15,50.0,50.0
2026-W21,chat,Indore,Chat Frontline,1.0,Morning,A3013,Ritika Chatterjee,7,3,131.71428571428572,2.0,15,42.857142857142854,57.142857142857146
2026-W21,chat,Indore,Escalations & Warranty,2.0,Day,A3041,Riya Fernandes,1,0,11.0,11.0,15,0.0,100.0
2026-W21,chat,Indore,Logistics,1.0,Day,A3027,Dev Chatterjee,4,0,3.5,2.5,15,0.0,100.0
2026-W21,chat,Indore,Logistics,1.0,Morning,A3028,Krishna Kaur,3,1,146.0,8.0,15,33.33333333333333,66.66666666666667
2026-W21,email,Bengaluru,Billing,1.0,Day,A3034,Thomas Patel,1,0,55.0,55.0,480,0.0,100.0
2026-W21,email,Bengaluru,Billing,1.0,Morning,A3035,Rohit Mukherjee,3,2,524.3333333333334,545.0,480,66.66666666666666,33.33333333333334
2026-W21,email,Bengaluru,Email Frontline,1.0,Day,A3020,Ramesh Ghosh,3,0,191.33333333333334,176.0,480,0.0,100.0
2026-W21,email,Bengaluru,Email Frontline,1.0,Day,A3021,Aditya Dhillon,2,0,179.5,179.5,480,0.0,100.0
2026-W21,email,Bengaluru,Email Frontline,1.0,Day,A3022,Steven Tiwari,7,2,201.0,94.0,480,28.57142857142857,71.42857142857143
2026-W21,email,Bengaluru,Email Frontline,1.0,Morning,A3018,Farah Sheikh,7,2,403.57142857142856,409.0,480,28.57142857142857,71.42857142857143
2026-W21,email,Bengaluru,Email Frontline,1.0,Morning,A3019,Sai Sandhu,9,4,567.5555555555555,450.0,480,44.44444444444444,55.55555555555556
2026-W21,email,Bengaluru,Escalations & Warranty,2.0,Day,A3040,Thomas Arora,1,0,339.0,339.0,480,0.0,100.0
2026-W21,email,Bengaluru,Escalations & Warranty,2.0,Morning,A3039,Riya Gaikwad,2,0,252.5,252.5,480,0.0,100.0
2026-W21,email,Bengaluru,Logistics,1.0,Day,A3029,Rajat Iyer,1,0,157.0,157.0,480,0.0,100.0
2026-W21,email,Bengaluru,Logistics,1.0,Day,A3030,Sunita Srivastava,2,0,195.0,195.0,480,0.0,100.0
2026-W21,email,Bengaluru,Logistics,1.0,Morning,A3031,Om Malhotra,5,1,368.8,452.0,480,20.0,80.0
2026-W21,email,Bengaluru,Returns Desk,1.0,Day,A3038,Amit Yadav,1,1,619.0,619.0,480,100.0,0.0
2026-W21,email,Bengaluru,Returns Desk,1.0,Morning,A3037,Rahul Sen,2,0,144.5,144.5,480,0.0,100.0
2026-W21,email,Indore,Billing,1.0,Morning,A3032,Aadhya Sheikh,1,0,235.0,235.0,480,0.0,100.0
2026-W21,email,Indore,Logistics,1.0,Morning,A3028,Krishna Kaur,2,0,201.5,201.5,480,0.0,100.0
2026-W21,social,Bengaluru,Billing,1.0,Day,A3034,Thomas Patel,1,0,99.0,99.0,240,0.0,100.0
2026-W21,social,Bengaluru,Chat Frontline,1.0,Day,A3004,Krishna Naidu,1,0,178.0,178.0,240,0.0,100.0
2026-W21,social,Bengaluru,Chat Frontline,1.0,Morning,A3005,Sameer Joshi,1,0,80.0,80.0,240,0.0,100.0
2026-W21,social,Bengaluru,Chat Frontline,1.0,Morning,A3007,Neha Gaikwad,2,0,85.0,85.0,240,0.0,100.0
2026-W21,social,Bengaluru,Chat Frontline,1.0,Morning,A3009,Ramesh Patel,1,0,21.0,21.0,240,0.0,100.0
2026-W21,social,Bengaluru,Chat Frontline,1.0,Morning,A3014,Diya Patil,2,0,34.0,34.0,240,0.0,100.0
2026-W21,social,Bengaluru,Escalations & Warranty,2.0,Day,A3042,Steven Chopra,1,0,75.0,75.0,240,0.0,100.0
2026-W21,social,Bengaluru,Escalations & Warranty,2.0,Morning,A3039,Riya Gaikwad,1,0,34.0,34.0,240,0.0,100.0
2026-W21,social,Bengaluru,Escalations & Warranty,2.0,Morning,A3043,Rohit Jain,1,1,862.0,862.0,240,100.0,0.0
2026-W21,social,Bengaluru,Returns Desk,1.0,Day,A3036,Rohit Shinde,1,0,96.0,96.0,240,0.0,100.0
2026-W21,social,Indore,Billing,1.0,Morning,A3032,Aadhya Sheikh,1,0,88.0,88.0,240,0.0,100.0
2026-W21,social,Indore,Chat Frontline,1.0,Day,A3002,Tarun Mishra,1,0,137.0,137.0,240,0.0,100.0
2026-W21,social,Indore,Chat Frontline,1.0,Day,A3003,Harpreet Deshpande,1,0,48.0,48.0,240,0.0,100.0
2026-W21,social,Indore,Chat Frontline,1.0,Morning,A3010,Neha Chatterjee,1,1,296.0,296.0,240,100.0,0.0
2026-W21,social,Indore,Chat Frontline,1.0,Morning,A3011,Karan Roy,1,1,549.0,549.0,240,100.0,0.0
2026-W21,social,Indore,Chat Frontline,1.0,Morning,A3013,Ritika Chatterjee,2,0,122.0,122.0,240,0.0,100.0
2026-W21,social,Indore,Escalations & Warranty,2.0,Day,A3041,Riya Fernandes,1,0,15.0,15.0,240,0.0,100.0
2026-W21,voice,Bengaluru,Billing,1.0,Day,A3034,Thomas Patel,3,0,41.333333333333336,41.0,120,0.0,100.0
2026-W21,voice,Bengaluru,Billing,1.0,Morning,A3033,Amit Kulkarni,1,0,28.0,28.0,120,0.0,100.0
2026-W21,voice,Bengaluru,Billing,1.0,Morning,A3035,Rohit Mukherjee,1,0,34.0,34.0,120,0.0,100.0
2026-W21,voice,Bengaluru,Escalations & Warranty,2.0,Morning,A3039,Riya Gaikwad,1,0,75.0,75.0,120,0.0,100.0
2026-W21,voice,Bengaluru,Returns Desk,1.0,Morning,A3037,Rahul Sen,3,0,34.0,32.0,120,0.0,100.0
2026-W21,voice,Bengaluru,Voice Frontline,1.0,Day,A3023,Rahul Khanna,4,0,50.75,48.0,120,0.0,100.0
2026-W21,voice,Bengaluru,Voice Frontline,1.0,Day,A3026,Lakshmi Qureshi,4,0,21.5,19.5,120,0.0,100.0
2026-W21,voice,Bengaluru,Voice Frontline,1.0,Morning,A3024,Kunal Khanna,2,0,33.5,33.5,120,0.0,100.0
2026-W21,voice,Bengaluru,Voice Frontline,1.0,Morning,A3025,Lobsang Rao,2,0,51.0,51.0,120,0.0,100.0
2026-W21,voice,Indore,Billing,1.0,Morning,A3032,Aadhya Sheikh,2,0,35.5,35.5,120,0.0,100.0
2026-W21,voice,Indore,Escalations & Warranty,2.0,Day,A3041,Riya Fernandes,1,0,27.0,27.0,120,0.0,100.0
2026-W21,voice,Indore,Logistics,1.0,Day,A3027,Dev Chatterjee,2,0,66.0,66.0,120,0.0,100.0
2026-W22,chat,Bengaluru,Billing,1.0,Day,A3034,Thomas Patel,5,0,2.4,2.0,15,0.0,100.0
2026-W22,chat,Bengaluru,Billing,1.0,Morning,A3033,Amit Kulkarni,3,2,293.0,405.0,15,66.66666666666666,33.33333333333334
2026-W22,chat,Bengaluru,Billing,1.0,Morning,A3035,Rohit Mukherjee,6,5,228.66666666666666,235.5,15,83.33333333333334,16.666666666666657
2026-W22,chat,Bengaluru,Chat Frontline,1.0,Day,A3004,Krishna Naidu,2,1,15.5,15.5,15,50.0,50.0
2026-W22,chat,Bengaluru,Chat Frontline,1.0,Day,A3006,Lakshmi Reddy,1,1,16.0,16.0,15,100.0,0.0
2026-W22,chat,Bengaluru,Chat Frontline,1.0,Day,A3012,Lakshmi Sethi,5,0,3.4,1.0,15,0.0,100.0
2026-W22,chat,Bengaluru,Chat Frontline,1.0,Day,A3015,Yash Agarwal,3,1,11.333333333333334,8.0,15,33.33333333333333,66.66666666666667
2026-W22,chat,Bengaluru,Chat Frontline,1.0,Morning,A3005,Sameer Joshi,5,3,184.6,135.0,15,60.0,40.0
2026-W22,chat,Bengaluru,Chat Frontline,1.0,Morning,A3007,Neha Gaikwad,1,1,34.0,34.0,15,100.0,0.0
2026-W22,chat,Bengaluru,Chat Frontline,1.0,Morning,A3009,Ramesh Patel,4,2,173.25,126.5,15,50.0,50.0
2026-W22,chat,Bengaluru,Chat Frontline,1.0,Morning,A3014,Diya Patil,7,2,137.71428571428572,4.0,15,28.57142857142857,71.42857142857143
2026-W22,chat,Bengaluru,Email Frontline,1.0,Day,A3020,Ramesh Ghosh,1,0,4.0,4.0,15,0.0,100.0
2026-W22,chat,Bengaluru,Escalations & Warranty,2.0,Day,A3040,Thomas Arora,3,0,6.666666666666667,5.0,15,0.0,100.0
2026-W22,chat,Bengaluru,Escalations & Warranty,2.0,Day,A3044,Kunal Malhotra,3,1,10.0,8.0,15,33.33333333333333,66.66666666666667
2026-W22,chat,Bengaluru,Escalations & Warranty,2.0,Morning,A3039,Riya Gaikwad,1,1,56.0,56.0,15,100.0,0.0
2026-W22,chat,Bengaluru,Escalations & Warranty,2.0,Morning,A3043,Rohit Jain,1,1,16.0,16.0,15,100.0,0.0
2026-W22,chat,Bengaluru,Logistics,1.0,Day,A3029,Rajat Iyer,1,0,1.0,1.0,15,0.0,100.0
2026-W22,chat,Bengaluru,Logistics,1.0,Day,A3030,Sunita Srivastava,1,0,5.0,5.0,15,0.0,100.0
2026-W22,chat,Bengaluru,Logistics,1.0,Morning,A3031,Om Malhotra,5,2,143.4,10.0,15,40.0,60.0
2026-W22,chat,Bengaluru,Returns Desk,1.0,Day,A3036,Rohit Shinde,1,0,1.0,1.0,15,0.0,100.0
2026-W22,chat,Bengaluru,Returns Desk,1.0,Day,A3038,Amit Yadav,1,0,1.0,1.0,15,0.0,100.0
2026-W22,chat,Bengaluru,Returns Desk,1.0,Morning,A3037,Rahul Sen,5,1,96.8,4.0,15,20.0,80.0
2026-W22,chat,Indore,Billing,1.0,Morning,A3032,Aadhya Sheikh,3,2,146.33333333333334,44.0,15,66.66666666666666,33.33333333333334
2026-W22,chat,Indore,Chat Frontline,1.0,Day,A3002,Tarun Mishra,1,0,6.0,6.0,15,0.0,100.0
2026-W22,chat,Indore,Chat Frontline,1.0,Day,A3003,Harpreet Deshpande,1,0,2.0,2.0,15,0.0,100.0
2026-W22,chat,Indore,Chat Frontline,1.0,Morning,A3008,Steven Kaur,4,2,240.5,219.5,15,50.0,50.0
2026-W22,chat,Indore,Chat Frontline,1.0,Morning,A3011,Karan Roy,2,2,435.0,435.0,15,100.0,0.0
2026-W22,chat,Indore,Chat Frontline,1.0,Morning,A3013,Ritika Chatterjee,1,0,5.0,5.0,15,0.0,100.0
2026-W22,chat,Indore,Logistics,1.0,Day,A3027,Dev Chatterjee,1,0,8.0,8.0,15,0.0,100.0
2026-W22,chat,Indore,Logistics,1.0,Morning,A3028,Krishna Kaur,2,0,4.0,4.0,15,0.0,100.0
2026-W22,email,Bengaluru,Billing,1.0,Day,A3034,Thomas Patel,1,0,90.0,90.0,480,0.0,100.0
2026-W22,email,Bengaluru,Billing,1.0,Morning,A3035,Rohit Mukherjee,3,0,174.0,151.0,480,0.0,100.0
2026-W22,email,Bengaluru,Chat Frontline,1.0,Morning,A3009,Ramesh Patel,1,0,173.0,173.0,480,0.0,100.0
2026-W22,email,Bengaluru,Email Frontline,1.0,Day,A3020,Ramesh Ghosh,5,0,254.0,287.0,480,0.0,100.0
2026-W22,email,Bengaluru,Email Frontline,1.0,Day,A3021,Aditya Dhillon,4,1,249.25,237.5,480,25.0,75.0
2026-W22,email,Bengaluru,Email Frontline,1.0,Day,A3022,Steven Tiwari,4,0,281.25,304.5,480,0.0,100.0
2026-W22,email,Bengaluru,Email Frontline,1.0,Morning,A3018,Farah Sheikh,6,2,345.0,380.0,480,33.33333333333333,66.66666666666667
2026-W22,email,Bengaluru,Email Frontline,1.0,Morning,A3019,Sai Sandhu,2,1,459.5,459.5,480,50.0,50.0
2026-W22,email,Bengaluru,Escalations & Warranty,2.0,Morning,A3039,Riya Gaikwad,2,1,516.0,516.0,480,50.0,50.0
2026-W22,email,Bengaluru,Escalations & Warranty,2.0,Morning,A3043,Rohit Jain,1,0,418.0,418.0,480,0.0,100.0
2026-W22,email,Bengaluru,Logistics,1.0,Day,A3029,Rajat Iyer,1,0,151.0,151.0,480,0.0,100.0
2026-W22,email,Bengaluru,Logistics,1.0,Day,A3030,Sunita Srivastava,1,0,155.0,155.0,480,0.0,100.0
2026-W22,email,Bengaluru,Logistics,1.0,Morning,A3031,Om Malhotra,2,0,191.5,191.5,480,0.0,100.0
2026-W22,email,Bengaluru,Returns Desk,1.0,Day,A3036,Rohit Shinde,4,0,255.25,254.0,480,0.0,100.0
2026-W22,email,Bengaluru,Returns Desk,1.0,Morning,A3037,Rahul Sen,5,1,431.2,437.0,480,20.0,80.0
2026-W22,email,Indore,Chat Frontline,1.0,Day,A3003,Harpreet Deshpande,1,0,146.0,146.0,480,0.0,100.0
2026-W22,email,Indore,Escalations & Warranty,2.0,Day,A3041,Riya Fernandes,1,0,126.0,126.0,480,0.0,100.0
2026-W22,email,Indore,Logistics,1.0,Day,A3027,Dev Chatterjee,1,0,248.0,248.0,480,0.0,100.0
2026-W22,email,Indore,Logistics,1.0,Morning,A3028,Krishna Kaur,1,1,547.0,547.0,480,100.0,0.0
2026-W22,social,Bengaluru,Billing,1.0,Day,A3034,Thomas Patel,1,0,39.0,39.0,240,0.0,100.0
2026-W22,social,Bengaluru,Billing,1.0,Morning,A3033,Amit Kulkarni,1,0,59.0,59.0,240,0.0,100.0
2026-W22,social,Bengaluru,Billing,1.0,Morning,A3035,Rohit Mukherjee,1,0,32.0,32.0,240,0.0,100.0
2026-W22,social,Bengaluru,Chat Frontline,1.0,Day,A3012,Lakshmi Sethi,3,0,142.33333333333334,155.0,240,0.0,100.0
2026-W22,social,Bengaluru,Chat Frontline,1.0,Day,A3015,Yash Agarwal,1,0,17.0,17.0,240,0.0,100.0
2026-W22,social,Bengaluru,Chat Frontline,1.0,Morning,A3005,Sameer Joshi,2,1,366.0,366.0,240,50.0,50.0
2026-W22,social,Bengaluru,Chat Frontline,1.0,Morning,A3009,Ramesh Patel,1,0,23.0,23.0,240,0.0,100.0
2026-W22,social,Bengaluru,Email Frontline,1.0,Morning,A3019,Sai Sandhu,1,1,513.0,513.0,240,100.0,0.0
2026-W22,social,Bengaluru,Escalations & Warranty,2.0,Day,A3044,Kunal Malhotra,2,0,27.0,27.0,240,0.0,100.0
2026-W22,social,Bengaluru,Escalations & Warranty,2.0,Morning,A3043,Rohit Jain,1,0,22.0,22.0,240,0.0,100.0
2026-W22,social,Bengaluru,Logistics,1.0,Day,A3029,Rajat Iyer,1,0,32.0,32.0,240,0.0,100.0
2026-W22,social,Bengaluru,Logistics,1.0,Day,A3030,Sunita Srivastava,1,0,98.0,98.0,240,0.0,100.0
2026-W22,social,Bengaluru,Logistics,1.0,Morning,A3031,Om Malhotra,1,0,106.0,106.0,240,0.0,100.0
2026-W22,social,Indore,Chat Frontline,1.0,Morning,A3008,Steven Kaur,1,0,71.0,71.0,240,0.0,100.0
2026-W22,social,Indore,Chat Frontline,1.0,Morning,A3010,Neha Chatterjee,2,1,227.0,227.0,240,50.0,50.0
2026-W22,voice,Bengaluru,Billing,1.0,Day,A3034,Thomas Patel,1,0,7.0,7.0,120,0.0,100.0
2026-W22,voice,Bengaluru,Escalations & Warranty,2.0,Day,A3040,Thomas Arora,1,0,34.0,34.0,120,0.0,100.0
2026-W22,voice,Bengaluru,Logistics,1.0,Day,A3029,Rajat Iyer,1,0,26.0,26.0,120,0.0,100.0
2026-W22,voice,Bengaluru,Logistics,1.0,Day,A3030,Sunita Srivastava,1,0,49.0,49.0,120,0.0,100.0
2026-W22,voice,Bengaluru,Logistics,1.0,Morning,A3031,Om Malhotra,2,0,31.0,31.0,120,0.0,100.0
2026-W22,voice,Bengaluru,Returns Desk,1.0,Day,A3036,Rohit Shinde,1,0,12.0,12.0,120,0.0,100.0
2026-W22,voice,Bengaluru,Voice Frontline,1.0,Day,A3023,Rahul Khanna,1,0,10.0,10.0,120,0.0,100.0
2026-W22,voice,Bengaluru,Voice Frontline,1.0,Day,A3026,Lakshmi Qureshi,1,0,37.0,37.0,120,0.0,100.0
2026-W22,voice,Bengaluru,Voice Frontline,1.0,Morning,A3024,Kunal Khanna,1,1,160.0,160.0,120,100.0,0.0
2026-W22,voice,Indore,Logistics,1.0,Day,A3027,Dev Chatterjee,1,0,35.0,35.0,120,0.0,100.0
2026-W23,chat,Bengaluru,Billing,1.0,Day,A3034,Thomas Patel,2,0,4.0,4.0,15,0.0,100.0
2026-W23,chat,Bengaluru,Billing,1.0,Morning,A3033,Amit Kulkarni,2,1,249.5,249.5,15,50.0,50.0
2026-W23,chat,Bengaluru,Billing,1.0,Morning,A3035,Rohit Mukherjee,2,0,3.0,3.0,15,0.0,100.0
2026-W23,chat,Bengaluru,Chat Frontline,1.0,Day,A3004,Krishna Naidu,2,0,2.0,2.0,15,0.0,100.0
2026-W23,chat,Bengaluru,Chat Frontline,1.0,Day,A3006,Lakshmi Reddy,4,0,3.5,3.5,15,0.0,100.0
2026-W23,chat,Bengaluru,Chat Frontline,1.0,Morning,A3005,Sameer Joshi,1,1,357.0,357.0,15,100.0,0.0
2026-W23,chat,Bengaluru,Chat Frontline,1.0,Morning,A3007,Neha Gaikwad,2,2,329.0,329.0,15,100.0,0.0
2026-W23,chat,Bengaluru,Chat Frontline,1.0,Morning,A3014,Diya Patil,2,1,211.5,211.5,15,50.0,50.0
2026-W23,chat,Bengaluru,Escalations & Warranty,2.0,Day,A3042,Steven Chopra,1,0,2.0,2.0,15,0.0,100.0
2026-W23,chat,Bengaluru,Escalations & Warranty,2.0,Morning,A3039,Riya Gaikwad,1,0,5.0,5.0,15,0.0,100.0
2026-W23,chat,Bengaluru,Escalations & Warranty,2.0,Morning,A3043,Rohit Jain,2,2,449.5,449.5,15,100.0,0.0
2026-W23,chat,Bengaluru,Logistics,1.0,Day,A3029,Rajat Iyer,4,0,3.0,3.5,15,0.0,100.0
2026-W23,chat,Bengaluru,Logistics,1.0,Day,A3030,Sunita Srivastava,1,0,5.0,5.0,15,0.0,100.0
2026-W23,chat,Bengaluru,Logistics,1.0,Morning,A3031,Om Malhotra,4,2,233.5,230.0,15,50.0,50.0
2026-W23,chat,Bengaluru,Returns Desk,1.0,Day,A3038,Amit Yadav,5,0,5.6,4.0,15,0.0,100.0
2026-W23,chat,Bengaluru,Returns Desk,1.0,Morning,A3037,Rahul Sen,5,3,102.2,37.0,15,60.0,40.0
2026-W23,chat,Indore,Billing,1.0,Morning,A3032,Aadhya Sheikh,7,4,173.42857142857142,16.0,15,57.14285714285714,42.85714285714286
2026-W23,chat,Indore,Chat Frontline,1.0,Day,A3002,Tarun Mishra,2,0,3.5,3.5,15,0.0,100.0
2026-W23,chat,Indore,Chat Frontline,1.0,Day,A3003,Harpreet Deshpande,2,0,2.0,2.0,15,0.0,100.0
2026-W23,chat,Indore,Chat Frontline,1.0,Morning,A3008,Steven Kaur,2,2,269.0,269.0,15,100.0,0.0
2026-W23,chat,Indore,Chat Frontline,1.0,Morning,A3010,Neha Chatterjee,2,0,7.0,7.0,15,0.0,100.0
2026-W23,chat,Indore,Chat Frontline,1.0,Morning,A3011,Karan Roy,5,1,85.6,3.0,15,20.0,80.0
2026-W23,chat,Indore,Chat Frontline,1.0,Morning,A3013,Ritika Chatterjee,2,1,163.5,163.5,15,50.0,50.0
2026-W23,chat,Indore,Logistics,1.0,Day,A3027,Dev Chatterjee,3,0,3.3333333333333335,3.0,15,0.0,100.0
2026-W23,chat,Indore,Logistics,1.0,Morning,A3028,Krishna Kaur,2,0,3.0,3.0,15,0.0,100.0
2026-W23,email,Bengaluru,Billing,1.0,Day,A3034,Thomas Patel,3,0,190.66666666666666,121.0,480,0.0,100.0
2026-W23,email,Bengaluru,Billing,1.0,Morning,A3033,Amit Kulkarni,2,1,377.0,377.0,480,50.0,50.0
2026-W23,email,Bengaluru,Billing,1.0,Morning,A3035,Rohit Mukherjee,4,1,214.5,126.0,480,25.0,75.0
2026-W23,email,Bengaluru,Email Frontline,1.0,Day,A3020,Ramesh Ghosh,3,0,146.66666666666666,122.0,480,0.0,100.0
2026-W23,email,Bengaluru,Email Frontline,1.0,Day,A3021,Aditya Dhillon,6,2,289.1666666666667,233.0,480,33.33333333333333,66.66666666666667
2026-W23,email,Bengaluru,Email Frontline,1.0,Day,A3022,Steven Tiwari,5,0,287.6,261.0,480,0.0,100.0
2026-W23,email,Bengaluru,Email Frontline,1.0,Morning,A3018,Farah Sheikh,11,2,320.3636363636364,236.0,480,18.181818181818183,81.81818181818181
2026-W23,email,Bengaluru,Email Frontline,1.0,Morning,A3019,Sai Sandhu,8,1,249.5,238.5,480,12.5,87.5
2026-W23,email,Bengaluru,Escalations & Warranty,2.0,Day,A3042,Steven Chopra,2,1,446.5,446.5,480,50.0,50.0
2026-W23,email,Bengaluru,Escalations & Warranty,2.0,Morning,A3039,Riya Gaikwad,1,1,3852.0,3852.0,480,100.0,0.0
2026-W23,email,Bengaluru,Escalations & Warranty,2.0,Morning,A3043,Rohit Jain,2,0,139.5,139.5,480,0.0,100.0
2026-W23,email,Bengaluru,Logistics,1.0,Day,A3030,Sunita Srivastava,1,0,436.0,436.0,480,0.0,100.0
2026-W23,email,Bengaluru,Logistics,1.0,Morning,A3031,Om Malhotra,3,1,367.6666666666667,205.0,480,33.33333333333333,66.66666666666667
2026-W23,email,Bengaluru,Returns Desk,1.0,Day,A3036,Rohit Shinde,1,0,199.0,199.0,480,0.0,100.0
2026-W23,email,Bengaluru,Returns Desk,1.0,Day,A3038,Amit Yadav,1,0,61.0,61.0,480,0.0,100.0
2026-W23,email,Bengaluru,Returns Desk,1.0,Morning,A3037,Rahul Sen,3,0,324.3333333333333,380.0,480,0.0,100.0
2026-W23,email,Indore,Billing,1.0,Morning,A3032,Aadhya Sheikh,2,1,533.0,533.0,480,50.0,50.0
2026-W23,email,Indore,Logistics,1.0,Day,A3027,Dev Chatterjee,1,0,370.0,370.0,480,0.0,100.0
2026-W23,email,Indore,Logistics,1.0,Morning,A3028,Krishna Kaur,3,2,517.3333333333334,570.0,480,66.66666666666666,33.33333333333334
2026-W23,social,Bengaluru,Billing,1.0,Morning,A3033,Amit Kulkarni,1,0,33.0,33.0,240,0.0,100.0
2026-W23,social,Bengaluru,Chat Frontline,1.0,Day,A3004,Krishna Naidu,1,0,42.0,42.0,240,0.0,100.0
2026-W23,social,Bengaluru,Email Frontline,1.0,Day,A3022,Steven Tiwari,1,0,54.0,54.0,240,0.0,100.0
2026-W23,social,Bengaluru,Logistics,1.0,Day,A3030,Sunita Srivastava,3,0,95.66666666666667,105.0,240,0.0,100.0
2026-W23,social,Indore,Billing,1.0,Morning,A3032,Aadhya Sheikh,1,1,275.0,275.0,240,100.0,0.0
2026-W23,social,Indore,Chat Frontline,1.0,Morning,A3011,Karan Roy,1,1,445.0,445.0,240,100.0,0.0
2026-W23,social,Indore,Logistics,1.0,Morning,A3028,Krishna Kaur,1,0,28.0,28.0,240,0.0,100.0
2026-W23,voice,Bengaluru,Billing,1.0,Day,A3034,Thomas Patel,3,0,31.333333333333332,33.0,120,0.0,100.0
2026-W23,voice,Bengaluru,Email Frontline,1.0,Morning,A3019,Sai Sandhu,1,0,26.0,26.0,120,0.0,100.0
2026-W23,voice,Bengaluru,Logistics,1.0,Day,A3030,Sunita Srivastava,1,0,23.0,23.0,120,0.0,100.0
2026-W23,voice,Bengaluru,Returns Desk,1.0,Day,A3036,Rohit Shinde,1,0,9.0,9.0,120,0.0,100.0
2026-W23,voice,Bengaluru,Voice Frontline,1.0,Day,A3023,Rahul Khanna,5,0,39.8,21.0,120,0.0,100.0
2026-W23,voice,Bengaluru,Voice Frontline,1.0,Day,A3026,Lakshmi Qureshi,4,1,50.25,24.5,120,25.0,75.0
2026-W23,voice,Bengaluru,Voice Frontline,1.0,Morning,A3024,Kunal Khanna,1,0,16.0,16.0,120,0.0,100.0
2026-W23,voice,Bengaluru,Voice Frontline,1.0,Morning,A3025,Lobsang Rao,6,0,60.666666666666664,54.0,120,0.0,100.0
2026-W23,voice,Indore,Logistics,1.0,Day,A3027,Dev Chatterjee,2,0,64.0,64.0,120,0.0,100.0
2026-W24,chat,Bengaluru,Billing,1.0,Day,A3034,Thomas Patel,1,0,1.0,1.0,15,0.0,100.0
2026-W24,chat,Bengaluru,Billing,1.0,Morning,A3033,Amit Kulkarni,1,0,1.0,1.0,15,0.0,100.0
2026-W24,chat,Bengaluru,Billing,1.0,Morning,A3035,Rohit Mukherjee,1,0,11.0,11.0,15,0.0,100.0
2026-W24,chat,Bengaluru,Chat Frontline,1.0,Day,A3004,Krishna Naidu,1,0,2.0,2.0,15,0.0,100.0
2026-W24,chat,Bengaluru,Chat Frontline,1.0,Day,A3006,Lakshmi Reddy,2,1,10.5,10.5,15,50.0,50.0
2026-W24,chat,Bengaluru,Chat Frontline,1.0,Day,A3012,Lakshmi Sethi,2,0,6.5,6.5,15,0.0,100.0
2026-W24,chat,Bengaluru,Chat Frontline,1.0,Day,A3015,Yash Agarwal,2,0,2.0,2.0,15,0.0,100.0
2026-W24,chat,Bengaluru,Chat Frontline,1.0,Morning,A3005,Sameer Joshi,5,4,248.0,288.0,15,80.0,20.0
2026-W24,chat,Bengaluru,Chat Frontline,1.0,Morning,A3007,Neha Gaikwad,8,4,121.0,14.0,15,50.0,50.0
2026-W24,chat,Bengaluru,Chat Frontline,1.0,Morning,A3009,Ramesh Patel,4,3,219.75,216.5,15,75.0,25.0
2026-W24,chat,Bengaluru,Email Frontline,1.0,Day,A3021,Aditya Dhillon,1,0,12.0,12.0,15,0.0,100.0
2026-W24,chat,Bengaluru,Email Frontline,1.0,Morning,A3018,Farah Sheikh,1,0,3.0,3.0,15,0.0,100.0
2026-W24,chat,Bengaluru,Escalations & Warranty,2.0,Morning,A3039,Riya Gaikwad,1,1,412.0,412.0,15,100.0,0.0
2026-W24,chat,Bengaluru,Logistics,1.0,Day,A3029,Rajat Iyer,1,0,3.0,3.0,15,0.0,100.0
2026-W24,chat,Bengaluru,Logistics,1.0,Day,A3030,Sunita Srivastava,1,0,7.0,7.0,15,0.0,100.0
2026-W24,chat,Bengaluru,Logistics,1.0,Morning,A3031,Om Malhotra,4,2,142.75,55.5,15,50.0,50.0
2026-W24,chat,Bengaluru,Returns Desk,1.0,Day,A3036,Rohit Shinde,3,0,4.666666666666667,6.0,15,0.0,100.0
2026-W24,chat,Bengaluru,Returns Desk,1.0,Day,A3038,Amit Yadav,2,0,2.0,2.0,15,0.0,100.0
2026-W24,chat,Bengaluru,Returns Desk,1.0,Morning,A3037,Rahul Sen,3,1,97.0,14.0,15,33.33333333333333,66.66666666666667
2026-W24,chat,Indore,Billing,1.0,Morning,A3032,Aadhya Sheikh,1,0,3.0,3.0,15,0.0,100.0
2026-W24,chat,Indore,Chat Frontline,1.0,Day,A3002,Tarun Mishra,2,1,13.0,13.0,15,50.0,50.0
2026-W24,chat,Indore,Chat Frontline,1.0,Day,A3003,Harpreet Deshpande,1,0,1.0,1.0,15,0.0,100.0
2026-W24,chat,Indore,Chat Frontline,1.0,Morning,A3008,Steven Kaur,3,1,38.333333333333336,1.0,15,33.33333333333333,66.66666666666667
2026-W24,chat,Indore,Chat Frontline,1.0,Morning,A3010,Neha Chatterjee,5,5,315.4,438.0,15,100.0,0.0
2026-W24,chat,Indore,Chat Frontline,1.0,Morning,A3011,Karan Roy,4,0,4.25,2.5,15,0.0,100.0
2026-W24,chat,Indore,Chat Frontline,1.0,Morning,A3013,Ritika Chatterjee,4,2,250.5,234.5,15,50.0,50.0
2026-W24,chat,Indore,Escalations & Warranty,2.0,Day,A3041,Riya Fernandes,1,0,1.0,1.0,15,0.0,100.0
2026-W24,chat,Indore,Logistics,1.0,Day,A3027,Dev Chatterjee,1,0,1.0,1.0,15,0.0,100.0
2026-W24,chat,Indore,Logistics,1.0,Morning,A3028,Krishna Kaur,3,1,107.0,5.0,15,33.33333333333333,66.66666666666667
2026-W24,email,Bengaluru,Billing,1.0,Day,A3034,Thomas Patel,5,1,204.4,138.0,480,20.0,80.0
2026-W24,email,Bengaluru,Billing,1.0,Morning,A3033,Amit Kulkarni,2,1,424.0,424.0,480,50.0,50.0
2026-W24,email,Bengaluru,Billing,1.0,Morning,A3035,Rohit Mukherjee,2,0,213.0,213.0,480,0.0,100.0
2026-W24,email,Bengaluru,Email Frontline,1.0,Day,A3020,Ramesh Ghosh,6,0,206.33333333333334,151.5,480,0.0,100.0
2026-W24,email,Bengaluru,Email Frontline,1.0,Day,A3021,Aditya Dhillon,3,0,67.66666666666667,63.0,480,0.0,100.0
2026-W24,email,Bengaluru,Email Frontline,1.0,Day,A3022,Steven Tiwari,1,0,198.0,198.0,480,0.0,100.0
2026-W24,email,Bengaluru,Email Frontline,1.0,Morning,A3018,Farah Sheikh,13,6,408.9230769230769,469.0,480,46.15384615384615,53.84615384615385
2026-W24,email,Bengaluru,Email Frontline,1.0,Morning,A3019,Sai Sandhu,8,3,352.875,399.0,480,37.5,62.5
2026-W24,email,Bengaluru,Escalations & Warranty,2.0,Day,A3044,Kunal Malhotra,2,0,196.5,196.5,480,0.0,100.0
2026-W24,email,Bengaluru,Escalations & Warranty,2.0,Morning,A3043,Rohit Jain,1,0,414.0,414.0,480,0.0,100.0
2026-W24,email,Bengaluru,Logistics,1.0,Day,A3029,Rajat Iyer,2,0,236.0,236.0,480,0.0,100.0
2026-W24,email,Bengaluru,Logistics,1.0,Day,A3030,Sunita Srivastava,1,0,49.0,49.0,480,0.0,100.0
2026-W24,email,Bengaluru,Logistics,1.0,Morning,A3031,Om Malhotra,3,1,430.3333333333333,358.0,480,33.33333333333333,66.66666666666667
2026-W24,email,Bengaluru,Returns Desk,1.0,Day,A3038,Amit Yadav,1,0,87.0,87.0,480,0.0,100.0
2026-W24,email,Bengaluru,Returns Desk,1.0,Morning,A3037,Rahul Sen,3,0,174.33333333333334,123.0,480,0.0,100.0
2026-W24,email,Indore,Billing,1.0,Morning,A3032,Aadhya Sheikh,4,2,415.75,414.0,480,50.0,50.0
2026-W24,email,Indore,Logistics,1.0,Morning,A3028,Krishna Kaur,3,1,540.0,169.0,480,33.33333333333333,66.66666666666667
2026-W24,social,Bengaluru,Billing,1.0,Day,A3034,Thomas Patel,1,0,93.0,93.0,240,0.0,100.0
2026-W24,social,Bengaluru,Billing,1.0,Morning,A3035,Rohit Mukherjee,1,0,29.0,29.0,240,0.0,100.0
2026-W24,social,Bengaluru,Chat Frontline,1.0,Day,A3012,Lakshmi Sethi,1,0,44.0,44.0,240,0.0,100.0
2026-W24,social,Bengaluru,Logistics,1.0,Day,A3029,Rajat Iyer,1,0,209.0,209.0,240,0.0,100.0
2026-W24,social,Bengaluru,Logistics,1.0,Day,A3030,Sunita Srivastava,1,1,297.0,297.0,240,100.0,0.0
2026-W24,social,Bengaluru,Returns Desk,1.0,Morning,A3037,Rahul Sen,1,0,48.0,48.0,240,0.0,100.0
2026-W24,social,Indore,Chat Frontline,1.0,Day,A3003,Harpreet Deshpande,1,0,37.0,37.0,240,0.0,100.0
2026-W24,social,Indore,Chat Frontline,1.0,Morning,A3008,Steven Kaur,1,1,425.0,425.0,240,100.0,0.0
2026-W24,social,Indore,Chat Frontline,1.0,Morning,A3010,Neha Chatterjee,1,1,568.0,568.0,240,100.0,0.0
2026-W24,social,Indore,Chat Frontline,1.0,Morning,A3011,Karan Roy,1,1,508.0,508.0,240,100.0,0.0
2026-W24,social,Indore,Chat Frontline,1.0,Morning,A3013,Ritika Chatterjee,1,0,60.0,60.0,240,0.0,100.0
2026-W24,social,Indore,Logistics,1.0,Morning,A3028,Krishna Kaur,2,1,277.5,277.5,240,50.0,50.0
2026-W24,voice,Bengaluru,Email Frontline,1.0,Day,A3020,Ramesh Ghosh,1,0,21.0,21.0,120,0.0,100.0
2026-W24,voice,Bengaluru,Escalations & Warranty,2.0,Day,A3042,Steven Chopra,1,0,37.0,37.0,120,0.0,100.0
2026-W24,voice,Bengaluru,Escalations & Warranty,2.0,Day,A3044,Kunal Malhotra,1,0,59.0,59.0,120,0.0,100.0
2026-W24,voice,Bengaluru,Logistics,1.0,Day,A3029,Rajat Iyer,1,0,20.0,20.0,120,0.0,100.0
2026-W24,voice,Bengaluru,Logistics,1.0,Day,A3030,Sunita Srivastava,1,0,51.0,51.0,120,0.0,100.0
2026-W24,voice,Bengaluru,Logistics,1.0,Morning,A3031,Om Malhotra,1,0,23.0,23.0,120,0.0,100.0
2026-W24,voice,Bengaluru,Returns Desk,1.0,Day,A3036,Rohit Shinde,1,0,88.0,88.0,120,0.0,100.0
2026-W24,voice,Bengaluru,Voice Frontline,1.0,Day,A3026,Lakshmi Qureshi,6,0,34.666666666666664,33.0,120,0.0,100.0
2026-W24,voice,Bengaluru,Voice Frontline,1.0,Morning,A3024,Kunal Khanna,3,0,23.333333333333332,18.0,120,0.0,100.0
2026-W24,voice,Bengaluru,Voice Frontline,1.0,Morning,A3025,Lobsang Rao,2,1,117.5,117.5,120,50.0,50.0
2026-W24,voice,Indore,Billing,1.0,Morning,A3032,Aadhya Sheikh,3,0,37.0,40.0,120,0.0,100.0
2026-W25,chat,Bengaluru,Billing,1.0,Day,A3034,Thomas Patel,3,0,3.6666666666666665,5.0,15,0.0,100.0
2026-W25,chat,Bengaluru,Billing,1.0,Morning,A3033,Amit Kulkarni,3,1,152.33333333333334,4.0,15,33.33333333333333,66.66666666666667
2026-W25,chat,Bengaluru,Billing,1.0,Morning,A3035,Rohit Mukherjee,5,1,52.6,10.0,15,20.0,80.0
2026-W25,chat,Bengaluru,Chat Frontline,1.0,Day,A3004,Krishna Naidu,1,0,6.0,6.0,15,0.0,100.0
2026-W25,chat,Bengaluru,Chat Frontline,1.0,Day,A3006,Lakshmi Reddy,1,0,5.0,5.0,15,0.0,100.0
2026-W25,chat,Bengaluru,Chat Frontline,1.0,Day,A3012,Lakshmi Sethi,2,0,7.0,7.0,15,0.0,100.0
2026-W25,chat,Bengaluru,Chat Frontline,1.0,Day,A3015,Yash Agarwal,2,0,4.5,4.5,15,0.0,100.0
2026-W25,chat,Bengaluru,Chat Frontline,1.0,Morning,A3005,Sameer Joshi,2,1,226.5,226.5,15,50.0,50.0
2026-W25,chat,Bengaluru,Chat Frontline,1.0,Morning,A3007,Neha Gaikwad,3,2,179.0,69.0,15,66.66666666666666,33.33333333333334
2026-W25,chat,Bengaluru,Chat Frontline,1.0,Morning,A3009,Ramesh Patel,3,0,3.6666666666666665,4.0,15,0.0,100.0
2026-W25,chat,Bengaluru,Chat Frontline,1.0,Morning,A3014,Diya Patil,6,1,81.16666666666667,6.5,15,16.666666666666664,83.33333333333334
2026-W25,chat,Bengaluru,Email Frontline,1.0,Day,A3020,Ramesh Ghosh,2,2,24.5,24.5,15,100.0,0.0
2026-W25,chat,Bengaluru,Escalations & Warranty,2.0,Day,A3042,Steven Chopra,1,0,1.0,1.0,15,0.0,100.0
2026-W25,chat,Bengaluru,Escalations & Warranty,2.0,Day,A3044,Kunal Malhotra,1,0,0.0,0.0,15,0.0,100.0
2026-W25,chat,Bengaluru,Escalations & Warranty,2.0,Morning,A3043,Rohit Jain,2,1,210.0,210.0,15,50.0,50.0
2026-W25,chat,Bengaluru,Logistics,1.0,Day,A3029,Rajat Iyer,1,0,15.0,15.0,15,0.0,100.0
2026-W25,chat,Bengaluru,Logistics,1.0,Morning,A3031,Om Malhotra,4,1,10.25,5.5,15,25.0,75.0
2026-W25,chat,Bengaluru,Returns Desk,1.0,Day,A3036,Rohit Shinde,2,1,247.5,247.5,15,50.0,50.0
2026-W25,chat,Bengaluru,Returns Desk,1.0,Morning,A3037,Rahul Sen,2,1,44.5,44.5,15,50.0,50.0
2026-W25,chat,Indore,Billing,1.0,Morning,A3032,Aadhya Sheikh,1,0,2.0,2.0,15,0.0,100.0
2026-W25,chat,Indore,Chat Frontline,1.0,Day,A3002,Tarun Mishra,2,0,4.0,4.0,15,0.0,100.0
2026-W25,chat,Indore,Chat Frontline,1.0,Day,A3003,Harpreet Deshpande,2,0,7.5,7.5,15,0.0,100.0
2026-W25,chat,Indore,Chat Frontline,1.0,Morning,A3008,Steven Kaur,4,2,79.75,14.5,15,50.0,50.0
2026-W25,chat,Indore,Chat Frontline,1.0,Morning,A3010,Neha Chatterjee,4,1,80.75,10.5,15,25.0,75.0
2026-W25,chat,Indore,Chat Frontline,1.0,Morning,A3011,Karan Roy,2,2,387.5,387.5,15,100.0,0.0
2026-W25,chat,Indore,Chat Frontline,1.0,Morning,A3013,Ritika Chatterjee,8,5,170.875,74.0,15,62.5,37.5
2026-W25,chat,Indore,Escalations & Warranty,2.0,Day,A3041,Riya Fernandes,1,0,2.0,2.0,15,0.0,100.0
2026-W25,chat,Indore,Logistics,1.0,Day,A3027,Dev Chatterjee,1,0,5.0,5.0,15,0.0,100.0
2026-W25,chat,Indore,Logistics,1.0,Morning,A3028,Krishna Kaur,4,2,137.0,65.0,15,50.0,50.0
2026-W25,email,Bengaluru,Billing,1.0,Day,A3034,Thomas Patel,3,0,200.0,125.0,480,0.0,100.0
2026-W25,email,Bengaluru,Billing,1.0,Morning,A3033,Amit Kulkarni,2,1,315.0,315.0,480,50.0,50.0
2026-W25,email,Bengaluru,Billing,1.0,Morning,A3035,Rohit Mukherjee,3,1,258.6666666666667,122.0,480,33.33333333333333,66.66666666666667
2026-W25,email,Bengaluru,Chat Frontline,1.0,Day,A3004,Krishna Naidu,1,1,487.0,487.0,480,100.0,0.0
2026-W25,email,Bengaluru,Email Frontline,1.0,Day,A3020,Ramesh Ghosh,3,0,118.66666666666667,119.0,480,0.0,100.0
2026-W25,email,Bengaluru,Email Frontline,1.0,Day,A3021,Aditya Dhillon,3,0,169.66666666666666,177.0,480,0.0,100.0
2026-W25,email,Bengaluru,Email Frontline,1.0,Day,A3022,Steven Tiwari,4,0,160.75,143.5,480,0.0,100.0
2026-W25,email,Bengaluru,Email Frontline,1.0,Morning,A3018,Farah Sheikh,12,4,384.0,300.5,480,33.33333333333333,66.66666666666667
2026-W25,email,Bengaluru,Email Frontline,1.0,Morning,A3019,Sai Sandhu,7,4,368.2857142857143,509.0,480,57.14285714285714,42.85714285714286
2026-W25,email,Bengaluru,Escalations & Warranty,2.0,Morning,A3043,Rohit Jain,5,0,204.8,154.0,480,0.0,100.0
2026-W25,email,Bengaluru,Logistics,1.0,Day,A3030,Sunita Srivastava,3,1,295.6666666666667,72.0,480,33.33333333333333,66.66666666666667
2026-W25,email,Bengaluru,Logistics,1.0,Morning,A3031,Om Malhotra,4,2,394.0,422.0,480,50.0,50.0
2026-W25,email,Bengaluru,Returns Desk,1.0,Day,A3036,Rohit Shinde,2,0,148.5,148.5,480,0.0,100.0
2026-W25,email,Bengaluru,Returns Desk,1.0,Day,A3038,Amit Yadav,1,0,353.0,353.0,480,0.0,100.0
2026-W25,email,Bengaluru,Returns Desk,1.0,Morning,A3037,Rahul Sen,3,0,236.33333333333334,251.0,480,0.0,100.0
2026-W25,email,Indore,Billing,1.0,Morning,A3032,Aadhya Sheikh,2,1,520.0,520.0,480,50.0,50.0
2026-W25,email,Indore,Logistics,1.0,Day,A3027,Dev Chatterjee,1,0,322.0,322.0,480,0.0,100.0
2026-W25,email,Indore,Logistics,1.0,Morning,A3028,Krishna Kaur,7,3,363.42857142857144,408.0,480,42.857142857142854,57.142857142857146
2026-W25,social,Bengaluru,Billing,1.0,Morning,A3033,Amit Kulkarni,1,0,46.0,46.0,240,0.0,100.0
2026-W25,social,Bengaluru,Chat Frontline,1.0,Day,A3004,Krishna Naidu,1,0,42.0,42.0,240,0.0,100.0
2026-W25,social,Bengaluru,Chat Frontline,1.0,Morning,A3005,Sameer Joshi,1,0,12.0,12.0,240,0.0,100.0
2026-W25,social,Bengaluru,Chat Frontline,1.0,Morning,A3007,Neha Gaikwad,1,1,497.0,497.0,240,100.0,0.0
2026-W25,social,Bengaluru,Chat Frontline,1.0,Morning,A3009,Ramesh Patel,1,0,19.0,19.0,240,0.0,100.0
2026-W25,social,Bengaluru,Chat Frontline,1.0,Morning,A3014,Diya Patil,1,0,93.0,93.0,240,0.0,100.0
2026-W25,social,Bengaluru,Escalations & Warranty,2.0,Morning,A3039,Riya Gaikwad,1,0,22.0,22.0,240,0.0,100.0
2026-W25,social,Bengaluru,Logistics,1.0,Day,A3030,Sunita Srivastava,1,0,115.0,115.0,240,0.0,100.0
2026-W25,social,Bengaluru,Returns Desk,1.0,Day,A3036,Rohit Shinde,2,0,113.5,113.5,240,0.0,100.0
2026-W25,social,Bengaluru,Returns Desk,1.0,Morning,A3037,Rahul Sen,1,0,66.0,66.0,240,0.0,100.0
2026-W25,social,Indore,Billing,1.0,Morning,A3032,Aadhya Sheikh,2,2,364.0,364.0,240,100.0,0.0
2026-W25,social,Indore,Chat Frontline,1.0,Day,A3002,Tarun Mishra,3,0,46.333333333333336,22.0,240,0.0,100.0
2026-W25,social,Indore,Chat Frontline,1.0,Morning,A3008,Steven Kaur,2,0,72.5,72.5,240,0.0,100.0
2026-W25,social,Indore,Chat Frontline,1.0,Morning,A3013,Ritika Chatterjee,1,0,24.0,24.0,240,0.0,100.0
2026-W25,social,Indore,Logistics,1.0,Day,A3027,Dev Chatterjee,1,0,29.0,29.0,240,0.0,100.0
2026-W25,voice,Bengaluru,Billing,1.0,Day,A3034,Thomas Patel,4,0,23.25,17.5,120,0.0,100.0
2026-W25,voice,Bengaluru,Billing,1.0,Morning,A3035,Rohit Mukherjee,1,0,15.0,15.0,120,0.0,100.0
2026-W25,voice,Bengaluru,Chat Frontline,1.0,Day,A3004,Krishna Naidu,1,0,34.0,34.0,120,0.0,100.0
2026-W25,voice,Bengaluru,Chat Frontline,1.0,Day,A3006,Lakshmi Reddy,1,0,104.0,104.0,120,0.0,100.0
2026-W25,voice,Bengaluru,Email Frontline,1.0,Morning,A3018,Farah Sheikh,1,0,20.0,20.0,120,0.0,100.0
2026-W25,voice,Bengaluru,Escalations & Warranty,2.0,Day,A3042,Steven Chopra,1,1,158.0,158.0,120,100.0,0.0
2026-W25,voice,Bengaluru,Escalations & Warranty,2.0,Day,A3044,Kunal Malhotra,1,0,33.0,33.0,120,0.0,100.0
2026-W25,voice,Bengaluru,Escalations & Warranty,2.0,Morning,A3039,Riya Gaikwad,2,0,40.0,40.0,120,0.0,100.0
2026-W25,voice,Bengaluru,Logistics,1.0,Day,A3030,Sunita Srivastava,1,0,17.0,17.0,120,0.0,100.0
2026-W25,voice,Bengaluru,Logistics,1.0,Morning,A3031,Om Malhotra,2,0,17.0,17.0,120,0.0,100.0
2026-W25,voice,Bengaluru,Returns Desk,1.0,Day,A3036,Rohit Shinde,1,0,64.0,64.0,120,0.0,100.0
2026-W25,voice,Bengaluru,Returns Desk,1.0,Morning,A3037,Rahul Sen,2,0,73.0,73.0,120,0.0,100.0
2026-W25,voice,Bengaluru,Voice Frontline,1.0,Day,A3023,Rahul Khanna,5,0,44.4,56.0,120,0.0,100.0
2026-W25,voice,Bengaluru,Voice Frontline,1.0,Day,A3026,Lakshmi Qureshi,4,0,62.75,68.0,120,0.0,100.0
2026-W25,voice,Bengaluru,Voice Frontline,1.0,Morning,A3024,Kunal Khanna,1,0,23.0,23.0,120,0.0,100.0
2026-W25,voice,Bengaluru,Voice Frontline,1.0,Morning,A3025,Lobsang Rao,2,0,34.5,34.5,120,0.0,100.0
2026-W25,voice,Indore,Logistics,1.0,Day,A3027,Dev Chatterjee,2,0,23.5,23.5,120,0.0,100.0
2026-W25,voice,Indore,Logistics,1.0,Morning,A3028,Krishna Kaur,2,0,26.5,26.5,120,0.0,100.0
2026-W26,chat,Bengaluru,Billing,1.0,Day,A3034,Thomas Patel,5,1,8.4,3.0,15,20.0,80.0
2026-W26,chat,Bengaluru,Billing,1.0,Morning,A3033,Amit Kulkarni,2,1,93.0,93.0,15,50.0,50.0
2026-W26,chat,Bengaluru,Billing,1.0,Morning,A3035,Rohit Mukherjee,4,1,122.75,5.5,15,25.0,75.0
2026-W26,chat,Bengaluru,Chat Frontline,1.0,Day,A3004,Krishna Naidu,2,0,1.5,1.5,15,0.0,100.0
2026-W26,chat,Bengaluru,Chat Frontline,1.0,Day,A3006,Lakshmi Reddy,3,0,4.0,4.0,15,0.0,100.0
2026-W26,chat,Bengaluru,Chat Frontline,1.0,Day,A3012,Lakshmi Sethi,8,2,6.625,3.5,15,25.0,75.0
2026-W26,chat,Bengaluru,Chat Frontline,1.0,Day,A3015,Yash Agarwal,5,0,2.0,3.0,15,0.0,100.0
2026-W26,chat,Bengaluru,Chat Frontline,1.0,Morning,A3005,Sameer Joshi,2,1,20.5,20.5,15,50.0,50.0
2026-W26,chat,Bengaluru,Chat Frontline,1.0,Morning,A3007,Neha Gaikwad,3,0,4.666666666666667,5.0,15,0.0,100.0
2026-W26,chat,Bengaluru,Chat Frontline,1.0,Morning,A3009,Ramesh Patel,2,0,6.5,6.5,15,0.0,100.0
2026-W26,chat,Bengaluru,Chat Frontline,1.0,Morning,A3014,Diya Patil,2,2,151.0,151.0,15,100.0,0.0
2026-W26,chat,Bengaluru,Email Frontline,1.0,Day,A3020,Ramesh Ghosh,1,0,2.0,2.0,15,0.0,100.0
2026-W26,chat,Bengaluru,Email Frontline,1.0,Day,A3021,Aditya Dhillon,1,1,370.0,370.0,15,100.0,0.0
2026-W26,chat,Bengaluru,Escalations & Warranty,2.0,Day,A3044,Kunal Malhotra,3,0,5.666666666666667,5.0,15,0.0,100.0
2026-W26,chat,Bengaluru,Escalations & Warranty,2.0,Morning,A3039,Riya Gaikwad,2,2,434.0,434.0,15,100.0,0.0
2026-W26,chat,Bengaluru,Escalations & Warranty,2.0,Morning,A3043,Rohit Jain,1,0,10.0,10.0,15,0.0,100.0
2026-W26,chat,Bengaluru,Logistics,1.0,Day,A3029,Rajat Iyer,4,0,4.25,4.0,15,0.0,100.0
2026-W26,chat,Bengaluru,Logistics,1.0,Day,A3030,Sunita Srivastava,2,0,6.0,6.0,15,0.0,100.0
2026-W26,chat,Bengaluru,Logistics,1.0,Morning,A3031,Om Malhotra,6,3,210.83333333333334,151.0,15,50.0,50.0
2026-W26,chat,Bengaluru,Returns Desk,1.0,Day,A3038,Amit Yadav,1,1,499.0,499.0,15,100.0,0.0
2026-W26,chat,Bengaluru,Returns Desk,1.0,Morning,A3037,Rahul Sen,5,3,244.2,232.0,15,60.0,40.0
2026-W26,chat,Indore,Billing,1.0,Morning,A3032,Aadhya Sheikh,4,2,84.5,44.5,15,50.0,50.0
2026-W26,chat,Indore,Chat Frontline,1.0,Day,A3002,Tarun Mishra,2,1,13.0,13.0,15,50.0,50.0
2026-W26,chat,Indore,Chat Frontline,1.0,Day,A3003,Harpreet Deshpande,7,0,5.142857142857143,4.0,15,0.0,100.0
2026-W26,chat,Indore,Chat Frontline,1.0,Morning,A3008,Steven Kaur,3,2,155.66666666666666,106.0,15,66.66666666666666,33.33333333333334
2026-W26,chat,Indore,Chat Frontline,1.0,Morning,A3010,Neha Chatterjee,2,0,2.5,2.5,15,0.0,100.0
2026-W26,chat,Indore,Chat Frontline,1.0,Morning,A3011,Karan Roy,2,0,9.5,9.5,15,0.0,100.0
2026-W26,chat,Indore,Chat Frontline,1.0,Morning,A3013,Ritika Chatterjee,3,2,263.3333333333333,355.0,15,66.66666666666666,33.33333333333334
2026-W26,chat,Indore,Escalations & Warranty,2.0,Day,A3041,Riya Fernandes,1,0,5.0,5.0,15,0.0,100.0
2026-W26,chat,Indore,Logistics,1.0,Day,A3027,Dev Chatterjee,5,1,10.2,5.0,15,20.0,80.0
2026-W26,chat,Indore,Logistics,1.0,Morning,A3028,Krishna Kaur,4,3,229.75,219.5,15,75.0,25.0
2026-W26,email,Bengaluru,Billing,1.0,Day,A3034,Thomas Patel,2,0,250.5,250.5,480,0.0,100.0
2026-W26,email,Bengaluru,Billing,1.0,Morning,A3033,Amit Kulkarni,1,1,490.0,490.0,480,100.0,0.0
2026-W26,email,Bengaluru,Billing,1.0,Morning,A3035,Rohit Mukherjee,3,0,203.66666666666666,111.0,480,0.0,100.0
2026-W26,email,Bengaluru,Email Frontline,1.0,Day,A3020,Ramesh Ghosh,4,0,83.75,84.0,480,0.0,100.0
2026-W26,email,Bengaluru,Email Frontline,1.0,Day,A3021,Aditya Dhillon,5,0,294.4,291.0,480,0.0,100.0
2026-W26,email,Bengaluru,Email Frontline,1.0,Day,A3022,Steven Tiwari,5,0,266.4,278.0,480,0.0,100.0
2026-W26,email,Bengaluru,Email Frontline,1.0,Morning,A3018,Farah Sheikh,11,3,253.45454545454547,142.0,480,27.27272727272727,72.72727272727273
2026-W26,email,Bengaluru,Email Frontline,1.0,Morning,A3019,Sai Sandhu,16,6,404.5625,429.5,480,37.5,62.5
2026-W26,email,Bengaluru,Escalations & Warranty,2.0,Day,A3044,Kunal Malhotra,1,0,173.0,173.0,480,0.0,100.0
2026-W26,email,Bengaluru,Escalations & Warranty,2.0,Morning,A3039,Riya Gaikwad,1,1,806.0,806.0,480,100.0,0.0
2026-W26,email,Bengaluru,Logistics,1.0,Day,A3029,Rajat Iyer,3,0,160.33333333333334,206.0,480,0.0,100.0
2026-W26,email,Bengaluru,Logistics,1.0,Morning,A3031,Om Malhotra,3,2,443.6666666666667,625.0,480,66.66666666666666,33.33333333333334
2026-W26,email,Bengaluru,Returns Desk,1.0,Day,A3036,Rohit Shinde,3,1,375.0,270.0,480,33.33333333333333,66.66666666666667
2026-W26,email,Bengaluru,Returns Desk,1.0,Day,A3038,Amit Yadav,1,0,115.0,115.0,480,0.0,100.0
2026-W26,email,Bengaluru,Returns Desk,1.0,Morning,A3037,Rahul Sen,4,1,298.0,290.5,480,25.0,75.0
2026-W26,email,Indore,Billing,1.0,Morning,A3032,Aadhya Sheikh,3,0,217.33333333333334,155.0,480,0.0,100.0
2026-W26,email,Indore,Escalations & Warranty,2.0,Day,A3041,Riya Fernandes,1,0,338.0,338.0,480,0.0,100.0
2026-W26,email,Indore,Logistics,1.0,Morning,A3028,Krishna Kaur,3,2,464.0,511.0,480,66.66666666666666,33.33333333333334
2026-W26,social,Bengaluru,Billing,1.0,Day,A3034,Thomas Patel,1,0,73.0,73.0,240,0.0,100.0
2026-W26,social,Bengaluru,Chat Frontline,1.0,Day,A3015,Yash Agarwal,2,0,129.0,129.0,240,0.0,100.0
2026-W26,social,Bengaluru,Chat Frontline,1.0,Morning,A3009,Ramesh Patel,1,0,86.0,86.0,240,0.0,100.0
2026-W26,social,Bengaluru,Logistics,1.0,Day,A3029,Rajat Iyer,1,0,12.0,12.0,240,0.0,100.0
2026-W26,social,Bengaluru,Logistics,1.0,Day,A3030,Sunita Srivastava,1,0,22.0,22.0,240,0.0,100.0
2026-W26,social,Bengaluru,Returns Desk,1.0,Day,A3038,Amit Yadav,1,0,65.0,65.0,240,0.0,100.0
2026-W26,social,Bengaluru,Returns Desk,1.0,Morning,A3037,Rahul Sen,2,0,180.0,180.0,240,0.0,100.0
2026-W26,social,Indore,Billing,1.0,Morning,A3032,Aadhya Sheikh,2,1,183.5,183.5,240,50.0,50.0
2026-W26,social,Indore,Logistics,1.0,Day,A3027,Dev Chatterjee,2,0,65.0,65.0,240,0.0,100.0
2026-W26,social,Indore,Logistics,1.0,Morning,A3028,Krishna Kaur,1,1,497.0,497.0,240,100.0,0.0
2026-W26,voice,Bengaluru,Billing,1.0,Day,A3034,Thomas Patel,2,0,31.5,31.5,120,0.0,100.0
2026-W26,voice,Bengaluru,Escalations & Warranty,2.0,Day,A3044,Kunal Malhotra,1,0,59.0,59.0,120,0.0,100.0
2026-W26,voice,Bengaluru,Escalations & Warranty,2.0,Morning,A3043,Rohit Jain,1,0,16.0,16.0,120,0.0,100.0
2026-W26,voice,Bengaluru,Logistics,1.0,Day,A3029,Rajat Iyer,2,0,26.5,26.5,120,0.0,100.0
2026-W26,voice,Bengaluru,Logistics,1.0,Morning,A3031,Om Malhotra,2,0,43.5,43.5,120,0.0,100.0
2026-W26,voice,Bengaluru,Returns Desk,1.0,Day,A3036,Rohit Shinde,1,0,27.0,27.0,120,0.0,100.0
2026-W26,voice,Bengaluru,Returns Desk,1.0,Day,A3038,Amit Yadav,1,0,68.0,68.0,120,0.0,100.0
2026-W26,voice,Bengaluru,Returns Desk,1.0,Morning,A3037,Rahul Sen,1,0,12.0,12.0,120,0.0,100.0
2026-W26,voice,Bengaluru,Voice Frontline,1.0,Day,A3023,Rahul Khanna,4,0,57.25,65.0,120,0.0,100.0
2026-W26,voice,Bengaluru,Voice Frontline,1.0,Day,A3026,Lakshmi Qureshi,3,0,39.333333333333336,23.0,120,0.0,100.0
2026-W26,voice,Bengaluru,Voice Frontline,1.0,Morning,A3024,Kunal Khanna,3,0,36.333333333333336,41.0,120,0.0,100.0
2026-W26,voice,Bengaluru,Voice Frontline,1.0,Morning,A3025,Lobsang Rao,4,1,69.5,53.0,120,25.0,75.0
2026-W26,voice,Indore,Escalations & Warranty,2.0,Day,A3041,Riya Fernandes,1,0,24.0,24.0,120,0.0,100.0
2026-W27,chat,Bengaluru,Billing,1.0,Day,A3034,Thomas Patel,1,0,4.0,4.0,15,0.0,100.0
2026-W27,chat,Bengaluru,Chat Frontline,1.0,Morning,A3005,Sameer Joshi,1,1,523.0,523.0,15,100.0,0.0
2026-W27,chat,Bengaluru,Chat Frontline,1.0,Morning,A3009,Ramesh Patel,1,0,1.0,1.0,15,0.0,100.0
2026-W27,chat,Bengaluru,Chat Frontline,1.0,Morning,A3014,Diya Patil,1,0,7.0,7.0,15,0.0,100.0
2026-W27,chat,Bengaluru,Returns Desk,1.0,Morning,A3037,Rahul Sen,2,0,8.5,8.5,15,0.0,100.0
2026-W27,chat,Indore,Billing,1.0,Morning,A3032,Aadhya Sheikh,1,0,3.0,3.0,15,0.0,100.0
2026-W27,chat,Indore,Chat Frontline,1.0,Day,A3002,Tarun Mishra,2,0,7.5,7.5,15,0.0,100.0
2026-W27,chat,Indore,Chat Frontline,1.0,Morning,A3013,Ritika Chatterjee,2,1,186.0,186.0,15,50.0,50.0
2026-W27,chat,Indore,Escalations & Warranty,2.0,Day,A3041,Riya Fernandes,1,0,7.0,7.0,15,0.0,100.0
2026-W27,chat,Indore,Logistics,1.0,Day,A3027,Dev Chatterjee,1,0,0.0,0.0,15,0.0,100.0
2026-W27,email,Bengaluru,Billing,1.0,Day,A3034,Thomas Patel,1,0,45.0,45.0,480,0.0,100.0
2026-W27,email,Bengaluru,Email Frontline,1.0,Day,A3020,Ramesh Ghosh,1,0,159.0,159.0,480,0.0,100.0
2026-W27,email,Bengaluru,Email Frontline,1.0,Day,A3021,Aditya Dhillon,1,0,183.0,183.0,480,0.0,100.0
2026-W27,email,Bengaluru,Email Frontline,1.0,Morning,A3018,Farah Sheikh,1,0,357.0,357.0,480,0.0,100.0
2026-W27,email,Bengaluru,Email Frontline,1.0,Morning,A3019,Sai Sandhu,1,0,287.0,287.0,480,0.0,100.0
2026-W27,email,Bengaluru,Returns Desk,1.0,Morning,A3037,Rahul Sen,1,0,141.0,141.0,480,0.0,100.0
2026-W27,email,Indore,Billing,1.0,Morning,A3032,Aadhya Sheikh,1,0,84.0,84.0,480,0.0,100.0
2026-W27,email,Indore,Logistics,1.0,Day,A3027,Dev Chatterjee,1,0,74.0,74.0,480,0.0,100.0
2026-W27,email,Indore,Logistics,1.0,Morning,A3028,Krishna Kaur,2,1,505.5,505.5,480,50.0,50.0
2026-W27,social,Bengaluru,Chat Frontline,1.0,Day,A3012,Lakshmi Sethi,1,0,11.0,11.0,240,0.0,100.0
2026-W27,voice,Bengaluru,Billing,1.0,Morning,A3035,Rohit Mukherjee,1,0,13.0,13.0,120,0.0,100.0
2026-W27,voice,Bengaluru,Logistics,1.0,Day,A3029,Rajat Iyer,1,0,98.0,98.0,120,0.0,100.0
2026-W27,voice,Bengaluru,Returns Desk,1.0,Day,A3038,Amit Yadav,1,0,45.0,45.0,120,0.0,100.0
2026-W27,voice,Bengaluru,Voice Frontline,1.0,Day,A3026,Lakshmi Qureshi,1,0,13.0,13.0,120,0.0,100.0
2026-W27,voice,Bengaluru,Voice Frontline,1.0,Morning,A3024,Kunal Khanna,1,0,21.0,21.0,120,0.0,100.0
2026-W27,voice,Bengaluru,Voice Frontline,1.0,Morning,A3025,Lobsang Rao,1,0,19.0,19.0,120,0.0,100.0
2026-W27,voice,Indore,Logistics,1.0,Day,A3027,Dev Chatterjee,1,0,45.0,45.0,120,0.0,100.0
